timestamp,zone_id,air_temperature,humidity,rainfall,soil_moisture,soil_temperature,light_intensity,irrigation_need
01-08-2025 00:00,Z1,21.5,89.71,0,61.43,20.05,0,Low
01-08-2025 01:00,Z1,22.53,82.61,0,61.71,20.58,2608,Low
01-08-2025 02:00,Z1,22.26,84.15,0,61.91,20.24,0,Low
01-08-2025 03:00,Z1,22.88,84.89,0,62.17,20.74,0,Low
01-08-2025 04:00,Z1,23.8,83.94,0,62.27,22.49,560,Low
01-08-2025 05:00,Z1,25.57,81.52,0,62.21,24.21,0,Low
01-08-2025 06:00,Z1,27.36,86,2,64.61,25.39,0,Low
01-08-2025 07:00,Z1,27.5,79.6,0,64.21,25.95,15493,Low
01-08-2025 08:00,Z1,29.99,76.46,0,64,28.81,37001,Low
01-08-2025 09:00,Z1,29.48,90.17,10,76.38,27.89,21497,Low
01-08-2025 10:00,Z1,29.75,71.1,0,76.92,28.74,61781,Low
01-08-2025 11:00,Z1,30.47,74.45,0,76.94,28.78,74835,Low
01-08-2025 12:00,Z1,30.96,74.51,0,76.79,29.21,71216,Low
01-08-2025 13:00,Z1,30.98,73.88,0,76.2,28.97,71798,Low
01-08-2025 14:00,Z1,29.91,74.36,0,77.09,27.99,65102,Low
01-08-2025 15:00,Z1,29.55,76.44,0,77.21,28.02,51953,Low
01-08-2025 16:00,Z1,28.56,76.96,0,76.28,26.8,38267,Low
01-08-2025 17:00,Z1,27.56,78.02,0,76.01,25.89,20883,Low
01-08-2025 18:00,Z1,25.58,80.37,0,76.13,23.79,1724,Low
01-08-2025 19:00,Z1,24.85,83.28,0,76.46,23.07,1600,Low
01-08-2025 20:00,Z1,24.8,82.54,0,76.2,23.57,0,Low
01-08-2025 21:00,Z1,22.75,84.9,0,76.18,21.57,0,Low
01-08-2025 22:00,Z1,23.07,82.11,0,75.86,21.24,0,Low
01-08-2025 23:00,Z1,21.9,83.04,0,75.85,20.29,1270,Low
02-08-2025 00:00,Z1,21.12,82.3,0,76.19,19.53,367,Low
02-08-2025 01:00,Z1,22.54,83.99,0,76.48,19.94,952,Low
02-08-2025 02:00,Z1,22.2,86.17,0,76.33,20.91,0,Low
02-08-2025 03:00,Z1,22.73,90.5,1,77.4,21.17,0,Low
02-08-2025 04:00,Z1,23.63,83.03,0,77.12,22.32,0,Low
02-08-2025 05:00,Z1,25.4,97.09,5,83.14,23.94,1701,Low
02-08-2025 06:00,Z1,26.05,76.44,0,83.38,24.17,0,Low
02-08-2025 07:00,Z1,27.62,78.99,0,83.53,25.64,17399,Low
02-08-2025 08:00,Z1,28.38,77.57,0,82.8,27.1,37202,Low
02-08-2025 09:00,Z1,29.28,79.04,1,84.2,27.66,24549,Low
02-08-2025 10:00,Z1,29.62,77.71,0,83.82,28.74,62202,Low
02-08-2025 11:00,Z1,30.98,72.31,0,83.41,28.82,67807,Low
02-08-2025 12:00,Z1,31.29,72.91,0,83.31,29.77,73206,Low
02-08-2025 13:00,Z1,31.19,87.71,5,87.99,29.77,34316,Low
02-08-2025 14:00,Z1,30.77,74.19,0,88.1,29.74,61828,Low
02-08-2025 15:00,Z1,30.01,76.57,0,88.25,28.28,51788,Low
02-08-2025 16:00,Z1,28.31,77.85,0,87.77,26.74,39098,Low
02-08-2025 17:00,Z1,27.67,79,0,87.25,26.5,18188,Low
02-08-2025 18:00,Z1,25.42,81.4,0,87.29,24.42,3322,Low
02-08-2025 19:00,Z1,25.01,81.71,0,86.92,23.41,2563,Low
02-08-2025 20:00,Z1,24.84,85.37,0,86.52,23.43,0,Low
02-08-2025 21:00,Z1,23.81,83.83,0,86.24,21.48,0,Low
02-08-2025 22:00,Z1,22.62,89.28,0,86.1,21.19,13,Low
02-08-2025 23:00,Z1,20.73,91.04,0,85.94,18.99,0,Low
03-08-2025 00:00,Z1,22.18,89.89,0,85.71,20.51,0,Low
03-08-2025 01:00,Z1,21.67,87.84,0,85.9,20.69,3608,Low
03-08-2025 02:00,Z1,22.79,88.67,0.2,86.1,21.79,711,Low
03-08-2025 03:00,Z1,23.75,83.84,0.2,86.19,22.28,0,Low
03-08-2025 04:00,Z1,24,83.05,0,86.1,22.76,0,Low
03-08-2025 05:00,Z1,26.09,79.69,0,85.86,24.27,0,Low
03-08-2025 06:00,Z1,26.94,77.41,0,85.54,25.6,1461,Low
03-08-2025 07:00,Z1,27.63,79.67,0,85.99,26.09,22587,Low
03-08-2025 08:00,Z1,27.85,77.96,0,86.4,26.94,37843,Low
03-08-2025 09:00,Z1,28.83,77.59,0,85.57,27.25,52685,Low
03-08-2025 10:00,Z1,30.54,76.77,0,85.87,29.75,60211,Low
03-08-2025 11:00,Z1,30.45,74.53,0,85.62,28.93,70242,Low
03-08-2025 12:00,Z1,30.25,91.17,10,90,29.44,33702,Low
03-08-2025 13:00,Z1,31.47,71.48,0,90,30.07,68617,Low
03-08-2025 14:00,Z1,31.15,76.82,0,89.7,29.99,64311,Low
03-08-2025 15:00,Z1,29.84,84.05,2,90,28.74,26756,Low
03-08-2025 16:00,Z1,28.8,80.57,0,89.9,27.09,42219,Low
03-08-2025 17:00,Z1,27.38,82.21,0,90,25.71,19095,Low
03-08-2025 18:00,Z1,26.03,79.85,0,90,24.35,0,Low
03-08-2025 19:00,Z1,25.24,84.68,0.5,90,23.4,0,Low
03-08-2025 20:00,Z1,24.11,86.81,2,90,22.41,0,Low
03-08-2025 21:00,Z1,23.23,83.6,0,90,21.94,1397,Low
03-08-2025 22:00,Z1,23.16,84.01,0,89.85,21.24,0,Low
03-08-2025 23:00,Z1,22.47,83.99,0.2,89.96,20.91,2423,Low
04-08-2025 00:00,Z1,22.15,84.44,0,90,20.9,0,Low
04-08-2025 01:00,Z1,21.74,83.8,0,89.92,20.45,0,Low
04-08-2025 02:00,Z1,22.81,87.38,0,89.5,21.47,2896,Low
04-08-2025 03:00,Z1,22.64,83.88,0,89.47,21.45,687,Low
04-08-2025 04:00,Z1,23.6,85.87,0,89.17,22.7,2070,Low
04-08-2025 05:00,Z1,25.19,82.43,1,90,23.66,0,Low
04-08-2025 06:00,Z1,26.51,79.2,0,90,25.53,0,Low
04-08-2025 07:00,Z1,28.05,75.96,0,89.62,26.92,20272,Low
04-08-2025 08:00,Z1,28.82,77.95,0,89.18,26.9,36681,Low
04-08-2025 09:00,Z1,29.45,76,0,89.3,27.97,47849,Low
04-08-2025 10:00,Z1,30.1,76.18,0,89.2,28.51,60314,Low
04-08-2025 11:00,Z1,30.67,75.85,0,89.67,28.62,68673,Low
04-08-2025 12:00,Z1,31.32,73.15,0.2,89.79,30.13,36526,Low
04-08-2025 13:00,Z1,30.2,76.52,1,90,28.11,34638,Low
04-08-2025 14:00,Z1,30.44,75.58,0,90,28.75,63297,Low
04-08-2025 15:00,Z1,30.11,76.75,0,90,28.69,49385,Low
04-08-2025 16:00,Z1,30.07,73.79,0,90,28.66,33237,Low
04-08-2025 17:00,Z1,26.76,81.08,0,90,25.57,17423,Low
04-08-2025 18:00,Z1,26.92,78.92,0,89.39,25.42,0,Low
04-08-2025 19:00,Z1,24.94,84.98,0,89.27,23.55,0,Low
04-08-2025 20:00,Z1,24.36,84.23,0,89.06,23.29,1936,Low
04-08-2025 21:00,Z1,24.99,85.15,0.2,89.39,23.27,0,Low
04-08-2025 22:00,Z1,22.35,85.78,0,88.69,20.95,655,Low
04-08-2025 23:00,Z1,22.16,91.65,0,88.94,20.47,734,Low
05-08-2025 00:00,Z1,22.27,89.83,0,88.63,20.55,0,Low
05-08-2025 01:00,Z1,21.81,86.24,0,88.23,20.28,1951,Low
05-08-2025 02:00,Z1,21.75,86.46,0,88.33,20.8,0,Low
05-08-2025 03:00,Z1,23.83,87.69,0,88.86,22.18,0,Low
05-08-2025 04:00,Z1,24.47,78.29,0,89.11,23.38,6,Low
05-08-2025 05:00,Z1,24.68,83.2,0,88.78,22.92,0,Low
05-08-2025 06:00,Z1,26.26,80.6,0,88.73,23.71,0,Low
05-08-2025 07:00,Z1,28.45,79.27,0,88.8,26.79,19196,Low
05-08-2025 08:00,Z1,29.39,78.13,0,88.69,28.21,34748,Low
05-08-2025 09:00,Z1,30.33,74.02,0,88.89,29.73,50826,Low
05-08-2025 10:00,Z1,30.43,77.46,0.2,89.23,29.18,30193,Low
05-08-2025 11:00,Z1,30.38,74.44,0,89.45,28.37,68337,Low
05-08-2025 12:00,Z1,30.22,74.63,0,89.6,29.01,71986,Low
05-08-2025 13:00,Z1,31.02,76.49,0,89.57,28.96,70955,Low
05-08-2025 14:00,Z1,29.78,79.63,0.5,89.96,28.17,32572,Low
05-08-2025 15:00,Z1,29.7,76.28,0,89.96,27.83,54311,Low
05-08-2025 16:00,Z1,28.89,80.11,0,89.72,27.83,35563,Low
05-08-2025 17:00,Z1,27.35,77.09,0.2,89.67,25.24,9348,Low
05-08-2025 18:00,Z1,27.02,78.29,0,89.9,25.45,1709,Low
05-08-2025 19:00,Z1,24.53,81.34,0,90,23.58,1194,Low
05-08-2025 20:00,Z1,23.41,85.52,0,90,21.81,1251,Low
05-08-2025 21:00,Z1,22.62,82.11,0,90,21.22,699,Low
05-08-2025 22:00,Z1,22.32,85.45,0,90,20.64,1463,Low
05-08-2025 23:00,Z1,22.51,86.89,0,89.96,21.06,0,Low
06-08-2025 00:00,Z1,22.76,87.38,0,90,21.11,0,Low
06-08-2025 01:00,Z1,23.26,86.57,0,90,21.75,498,Low
06-08-2025 02:00,Z1,23.44,83.01,0,89.55,21.8,3064,Low
06-08-2025 03:00,Z1,23.6,85.86,0,90,22.3,0,Low
06-08-2025 04:00,Z1,25.04,85.77,0,90,23.84,7,Low
06-08-2025 05:00,Z1,25.98,86.97,1,90,24.69,1125,Low
06-08-2025 06:00,Z1,26.61,82.85,0,90,25.09,1707,Low
06-08-2025 07:00,Z1,26.05,80.9,0.2,90,24.63,9800,Low
06-08-2025 08:00,Z1,29.6,75.03,0,89.82,28.02,35698,Low
06-08-2025 09:00,Z1,28.91,77.95,0,90,27.66,52170,Low
06-08-2025 10:00,Z1,30.79,74.13,0,89.89,29.37,63263,Low
06-08-2025 11:00,Z1,30.64,71.61,0,89.76,29.24,68564,Low
06-08-2025 12:00,Z1,31.19,75.21,0,89.39,29.89,70700,Low
06-08-2025 13:00,Z1,30.29,72.56,0,89.52,29.01,68634,Low
06-08-2025 14:00,Z1,29.74,75.6,0,88.93,28.39,60656,Low
06-08-2025 15:00,Z1,29.7,80.57,0,88.85,28.91,51611,Low
06-08-2025 16:00,Z1,28.15,79.53,0,88.62,25.96,34900,Low
06-08-2025 17:00,Z1,28.67,78.63,0,88.69,27.94,19599,Low
06-08-2025 18:00,Z1,26.91,79.54,0,89.17,24.91,0,Low
06-08-2025 19:00,Z1,25.81,80.51,0,89.61,24.42,0,Low
06-08-2025 20:00,Z1,23.97,87.17,0,89.53,22.36,3251,Low
06-08-2025 21:00,Z1,24.11,81.45,0,89.32,22.94,433,Low
06-08-2025 22:00,Z1,22.18,91.26,2,90,20.2,1666,Low
06-08-2025 23:00,Z1,21.63,86.61,0,89.81,19.93,2359,Low
07-08-2025 00:00,Z1,22.31,86.8,0,89.51,20.6,0,Low
07-08-2025 01:00,Z1,21.67,89.28,0.5,90,20.54,0,Low
07-08-2025 02:00,Z1,22.11,86.88,0,89.33,20.85,0,Low
07-08-2025 03:00,Z1,21.57,87.7,0.5,89.86,19.92,0,Low
07-08-2025 04:00,Z1,22.87,86.66,0,90,22.21,430,Low
07-08-2025 05:00,Z1,25.07,82.73,0,89.8,23.43,0,Low
07-08-2025 06:00,Z1,26.85,78.96,0,90,25.57,0,Low
07-08-2025 07:00,Z1,27.13,80.68,0,89.91,25.36,20005,Low
07-08-2025 08:00,Z1,29.43,74.8,0,89.84,27.89,37490,Low
07-08-2025 09:00,Z1,29.52,76.37,0,90,28.2,54067,Low
07-08-2025 10:00,Z1,30.87,75.65,0,89.88,30.03,65299,Low
07-08-2025 11:00,Z1,31.35,72.57,0,89.92,30.31,70827,Low
07-08-2025 12:00,Z1,29.11,91.21,5,90,27.42,32739,Low
07-08-2025 13:00,Z1,30.18,78.19,0,90,29.12,71411,Low
07-08-2025 14:00,Z1,29.94,74.44,0,89.87,28.29,60240,Low
07-08-2025 15:00,Z1,28.49,77.9,0,89.42,26.2,47087,Low
07-08-2025 16:00,Z1,28.72,79.37,0,89.43,27.11,34307,Low
07-08-2025 17:00,Z1,28.01,78.61,0,89.35,26.47,15325,Low
07-08-2025 18:00,Z1,27.85,81.04,0,89.25,26.73,1204,Low
07-08-2025 19:00,Z1,25.39,79.52,0,88.65,24.24,668,Low
07-08-2025 20:00,Z1,25.29,88.9,2,90,23.35,0,Low
07-08-2025 21:00,Z1,23.17,87.26,0,89.79,21.25,0,Low
07-08-2025 22:00,Z1,20.81,87.36,0,89.63,19.47,1103,Low
07-08-2025 23:00,Z1,20.93,87.29,0,89.44,19.42,380,Low
08-08-2025 00:00,Z1,21.51,88.01,0,89.55,20.15,0,Low
08-08-2025 01:00,Z1,21.48,86.86,0,89.34,19.89,1220,Low
08-08-2025 02:00,Z1,21.28,89.6,0,89.67,20.32,0,Low
08-08-2025 03:00,Z1,23.05,83.62,0,89.47,21.47,3469,Low
08-08-2025 04:00,Z1,23.92,84.39,0,89.28,23.02,0,Low
08-08-2025 05:00,Z1,26.29,80.53,0,88.87,24.11,450,Low
08-08-2025 06:00,Z1,27.38,78.25,0.2,89.25,25.79,3636,Low
08-08-2025 07:00,Z1,28.29,77.95,0,89.16,26.66,14700,Low
08-08-2025 08:00,Z1,29.38,72.65,0,89.34,27.92,36287,Low
08-08-2025 09:00,Z1,29.07,79.51,0.2,89.51,27.33,27539,Low
08-08-2025 10:00,Z1,30.81,77.13,0,89.56,29.83,64495,Low
08-08-2025 11:00,Z1,31.02,71.11,0.2,89.65,30,32449,Low
08-08-2025 12:00,Z1,31.05,73.48,0,90,29.75,70488,Low
08-08-2025 13:00,Z1,31.04,73.19,0,89.37,29.02,69267,Low
08-08-2025 14:00,Z1,30.05,75.07,0,89.77,28.54,62278,Low
08-08-2025 15:00,Z1,30.16,73.24,0,89.97,29.51,51858,Low
08-08-2025 16:00,Z1,28.29,78.47,0,89.72,26.84,36940,Low
08-08-2025 17:00,Z1,28.07,77.33,0,89.36,27.23,12820,Low
08-08-2025 18:00,Z1,26.47,82.64,0,89.47,25.15,626,Low
08-08-2025 19:00,Z1,24.55,79.78,0,89.41,23.21,0,Low
08-08-2025 20:00,Z1,24.52,80.6,0,89.15,23.6,1552,Low
08-08-2025 21:00,Z1,23.81,84.9,0,88.79,22.44,1956,Low
08-08-2025 22:00,Z1,23.3,82.52,0,89.31,21.97,1787,Low
08-08-2025 23:00,Z1,23.43,83.39,0,89.49,22.68,0,Low
09-08-2025 00:00,Z1,22.17,88.1,0.5,90,21.05,850,Low
09-08-2025 01:00,Z1,21.59,88.57,0,90,20.56,1800,Low
09-08-2025 02:00,Z1,23.42,85.84,0,89.81,22.21,3563,Low
09-08-2025 03:00,Z1,22.59,87.04,0,89.87,21.49,2741,Low
09-08-2025 04:00,Z1,24.9,83.84,0,89.23,23.83,0,Low
09-08-2025 05:00,Z1,24.47,83.38,0,89.25,22.6,2014,Low
09-08-2025 06:00,Z1,28.12,74.92,0,89.45,26.45,2117,Low
09-08-2025 07:00,Z1,27.71,75.17,0,89.6,25.78,19841,Low
09-08-2025 08:00,Z1,28.74,75.48,0,89.98,27.34,34575,Low
09-08-2025 09:00,Z1,29.04,78.75,0,89.67,27.69,52242,Low
09-08-2025 10:00,Z1,30.69,73.95,0,89.84,29.55,60607,Low
09-08-2025 11:00,Z1,31.45,73.51,0,89.52,29.94,69705,Low
09-08-2025 12:00,Z1,31.43,70.49,0,89.4,30.18,75006,Low
09-08-2025 13:00,Z1,31.6,68.58,0,88.98,30.53,72100,Low
09-08-2025 14:00,Z1,29.73,76.6,1,89.89,28.15,33451,Low
09-08-2025 15:00,Z1,30.25,76.87,0,90,28.75,51975,Low
09-08-2025 16:00,Z1,28.92,80.56,0,90,27.44,33970,Low
09-08-2025 17:00,Z1,28.24,81.94,0,89.49,26.64,19027,Low
09-08-2025 18:00,Z1,26.69,79.93,0,89.71,24.82,0,Low
09-08-2025 19:00,Z1,26.19,81.66,0,89.27,24.75,2799,Low
09-08-2025 20:00,Z1,25.23,98,5,90,24.12,0,Low
09-08-2025 21:00,Z1,23.05,87.89,0,89.81,21.69,1357,Low
09-08-2025 22:00,Z1,22.55,84.66,0,89.15,20.87,0,Low
09-08-2025 23:00,Z1,21.36,84.35,0,88.9,19.08,0,Low
10-08-2025 00:00,Z1,22.01,87.21,0,88.51,19.93,262,Low
10-08-2025 01:00,Z1,21.05,85.99,0,88.64,19.84,0,Low
10-08-2025 02:00,Z1,23.22,85.17,0,88.44,22.05,2053,Low
10-08-2025 03:00,Z1,23.74,84.32,0,88.38,22.27,0,Low
10-08-2025 04:00,Z1,23.32,85.56,0,88.23,21.63,2978,Low
10-08-2025 05:00,Z1,25.36,81.62,0,88.41,23.81,871,Low
10-08-2025 06:00,Z1,27.63,77.4,0,88.12,26.35,0,Low
10-08-2025 07:00,Z1,28.07,78.37,0,87.9,26.6,16049,Low
10-08-2025 08:00,Z1,28.9,73.64,0,88.27,27.23,38127,Low
10-08-2025 09:00,Z1,29.87,77.91,0,88.9,28.01,51956,Low
10-08-2025 10:00,Z1,29.53,76.63,1,89.88,27.98,31762,Low
10-08-2025 11:00,Z1,31.17,71.61,0,89.71,29.83,69323,Low
10-08-2025 12:00,Z1,30.15,74.86,0,90,28.21,70878,Low
10-08-2025 13:00,Z1,30.76,72.13,0,89.99,28.85,72938,Low
10-08-2025 14:00,Z1,29.5,75.26,0,89.88,28.03,62617,Low
10-08-2025 15:00,Z1,29.62,73.93,0,90,28.96,49477,Low
10-08-2025 16:00,Z1,29.48,75.48,0,89.93,28.39,30793,Low
10-08-2025 17:00,Z1,28.49,78.62,0,89.79,27.07,16785,Low
10-08-2025 18:00,Z1,26.08,81.71,0,89.75,24.66,3870,Low
10-08-2025 19:00,Z1,25.95,79.85,0,89.56,25,90,Low
10-08-2025 20:00,Z1,24.12,84.44,0,89.27,21.93,0,Low
10-08-2025 21:00,Z1,23.48,85.28,0,89.62,22.87,0,Low
10-08-2025 22:00,Z1,21.01,86.15,0,89.24,19.59,3258,Low
10-08-2025 23:00,Z1,20.96,86.07,0,89.18,19.95,2994,Low
11-08-2025 00:00,Z1,22.86,86.52,0,89.1,21.23,0,Low
11-08-2025 01:00,Z1,22.58,83.74,0,89.28,20.5,2752,Low
11-08-2025 02:00,Z1,22.48,84.87,0,90,21.72,0,Low
11-08-2025 03:00,Z1,23.61,84.47,0,90,22.41,0,Low
11-08-2025 04:00,Z1,24.87,84.21,0,90,23.28,103,Low
11-08-2025 05:00,Z1,25.06,84.58,0,89.59,23.45,641,Low
11-08-2025 06:00,Z1,26.02,79.4,0,89.96,23.75,0,Low
11-08-2025 07:00,Z1,27.61,76.32,0,90,26.27,17243,Low
11-08-2025 08:00,Z1,29.02,80.83,0,90,27.91,33041,Low
11-08-2025 09:00,Z1,29.79,76.69,0.5,90,28.29,23807,Low
11-08-2025 10:00,Z1,29.83,75.64,0.5,90,28.31,33340,Low
11-08-2025 11:00,Z1,30.64,75.11,0,89.65,29.26,70932,Low
11-08-2025 12:00,Z1,31.44,70.81,0,89.61,29.18,72702,Low
11-08-2025 13:00,Z1,30.25,76.33,0,89.74,29,66461,Low
11-08-2025 14:00,Z1,30.75,75.61,0.2,90,29.3,31710,Low
11-08-2025 15:00,Z1,29.29,75.97,0,89.71,28.23,48931,Low
11-08-2025 16:00,Z1,28.78,78.42,0,89.83,27.1,35137,Low
11-08-2025 17:00,Z1,27.66,79.24,0,89.84,25.27,18649,Low
11-08-2025 18:00,Z1,25.97,81.62,0,89.43,24.17,624,Low
11-08-2025 19:00,Z1,25.15,82.7,0,89.05,23.33,2058,Low
11-08-2025 20:00,Z1,24.2,83.56,0,89,23.14,0,Low
11-08-2025 21:00,Z1,23.33,86.85,0,89.71,21.72,1206,Low
11-08-2025 22:00,Z1,22.42,87.48,0.2,90,20.57,1678,Low
11-08-2025 23:00,Z1,21.71,87.5,0,90,19.63,1866,Low
12-08-2025 00:00,Z1,21.4,87.09,0,90,19.73,615,Low
12-08-2025 01:00,Z1,21.19,85.26,0,90,19.76,562,Low
12-08-2025 02:00,Z1,23.89,83.53,0,90,23.05,0,Low
12-08-2025 03:00,Z1,22.85,86.36,0,89.61,22.27,993,Low
12-08-2025 04:00,Z1,23.66,80.55,0,89.54,22.34,290,Low
12-08-2025 05:00,Z1,25.02,79.85,0,89.61,23.45,0,Low
12-08-2025 06:00,Z1,26.29,76.57,0,89.13,25.03,356,Low
12-08-2025 07:00,Z1,28.32,76.85,0,89.12,26,17250,Low
12-08-2025 08:00,Z1,28.64,77.78,0,89.33,27.05,35977,Low
12-08-2025 09:00,Z1,29,79.65,0.2,89.81,27.7,26785,Low
12-08-2025 10:00,Z1,29.84,72.33,0,89.39,29.17,63296,Low
12-08-2025 11:00,Z1,30.66,73.79,0,89.48,29.38,67461,Low
12-08-2025 12:00,Z1,30.37,75.11,0,89.3,28.77,74606,Low
12-08-2025 13:00,Z1,30.75,73.66,0,88.95,29.66,69217,Low
12-08-2025 14:00,Z1,29.34,74.03,0,89.05,27.83,62672,Low
12-08-2025 15:00,Z1,29.98,76.79,0,88.75,28.44,48923,Low
12-08-2025 16:00,Z1,27.58,78,0,88.35,26.24,35752,Low
12-08-2025 17:00,Z1,27.54,79.07,0,87.96,25.85,17294,Low
12-08-2025 18:00,Z1,26.69,79.57,0,87.5,25.58,0,Low
12-08-2025 19:00,Z1,25.98,81.61,0,87.28,24.77,0,Low
12-08-2025 20:00,Z1,23.33,87.53,0,87.11,21.89,1656,Low
12-08-2025 21:00,Z1,22.91,86.12,0,86.97,21.47,2592,Low
12-08-2025 22:00,Z1,22.86,83.99,0,86.7,21.36,0,Low
12-08-2025 23:00,Z1,21.83,85.42,0,86.72,19.93,639,Low
13-08-2025 00:00,Z1,22,84.53,0,87.04,20.12,0,Low
13-08-2025 01:00,Z1,21.14,87.36,0,86.46,19.99,603,Low
13-08-2025 02:00,Z1,22.83,81.39,0,86.69,21.05,0,Low
13-08-2025 03:00,Z1,22.74,82.03,0,87.07,20.96,0,Low
13-08-2025 04:00,Z1,24.38,82.17,0,86.76,22.24,0,Low
13-08-2025 05:00,Z1,26.03,78.92,0.2,86.53,24.45,1171,Low
13-08-2025 06:00,Z1,25.9,78.95,0.2,86.9,24.02,0,Low
13-08-2025 07:00,Z1,28.68,77.55,0,86.78,27.32,17942,Low
13-08-2025 08:00,Z1,28.93,74.68,0,87.19,27.08,36344,Low
13-08-2025 09:00,Z1,29.62,76.53,0,87.04,28.43,53410,Low
13-08-2025 10:00,Z1,31.04,74.27,0.5,87.84,29.32,26396,Low
13-08-2025 11:00,Z1,30.58,72.18,0,88.44,28.85,70577,Low
13-08-2025 12:00,Z1,30.54,74.38,0,88.44,29.33,71520,Low
13-08-2025 13:00,Z1,30.78,75.59,0,88.48,30.04,68330,Low
13-08-2025 14:00,Z1,31.07,73.08,0,88.46,29.43,60149,Low
13-08-2025 15:00,Z1,29.89,78.06,0,88.81,27.73,52047,Low
13-08-2025 16:00,Z1,27.98,78.57,0,88.61,25.71,31835,Low
13-08-2025 17:00,Z1,26.55,80.78,0.5,88.59,25.04,5366,Low
13-08-2025 18:00,Z1,26.21,83.56,0,88.55,24.7,721,Low
13-08-2025 19:00,Z1,24.42,84.18,0,88.37,22.67,0,Low
13-08-2025 20:00,Z1,23.31,82.89,0,88.17,22,397,Low
13-08-2025 21:00,Z1,22.91,85.07,0,87.58,21.1,4339,Low
13-08-2025 22:00,Z1,22.32,84.65,0,87.79,20.47,0,Low
13-08-2025 23:00,Z1,21.37,85.28,1,89.21,19.95,0,Low
14-08-2025 00:00,Z1,21.49,89.08,0.5,89.79,19.62,1531,Low
14-08-2025 01:00,Z1,22.48,90.9,0,89.54,20.9,0,Low
14-08-2025 02:00,Z1,22.62,83.79,0,89.65,20.74,412,Low
14-08-2025 03:00,Z1,23.67,84.66,0,89.32,22.42,0,Low
14-08-2025 04:00,Z1,24.33,81.1,0,89.08,23.45,2107,Low
14-08-2025 05:00,Z1,24.97,82.55,0,88.93,23.59,0,Low
14-08-2025 06:00,Z1,25.98,83.94,0,88.83,24.14,0,Low
14-08-2025 07:00,Z1,28.25,77.05,0,88.75,26.66,16437,Low
14-08-2025 08:00,Z1,28.03,79.13,0,88.73,27.13,34820,Low
14-08-2025 09:00,Z1,30.4,76.34,0,88.59,28.35,50786,Low
14-08-2025 10:00,Z1,30.44,76.75,0,88.08,28.29,60799,Low
14-08-2025 11:00,Z1,30.6,71.05,0,87.85,29.16,68637,Low
14-08-2025 12:00,Z1,31.03,75.02,0.2,88.56,29.82,33808,Low
14-08-2025 13:00,Z1,30.6,75.06,0.2,88.74,29.26,36914,Low
14-08-2025 14:00,Z1,30.5,76.2,0,89.18,28.85,62362,Low
14-08-2025 15:00,Z1,28.67,73.02,0.2,89.22,27.08,26232,Low
14-08-2025 16:00,Z1,29.33,76.39,0,89.11,27.62,34506,Low
14-08-2025 17:00,Z1,27.18,85.4,2,90,26.41,9343,Low
14-08-2025 18:00,Z1,26.88,79.13,0,89.75,26,0,Low
14-08-2025 19:00,Z1,24.95,83.63,1,90,23.33,0,Low
14-08-2025 20:00,Z1,23.95,84.28,0,89.79,22.64,0,Low
14-08-2025 21:00,Z1,24.63,81.53,0,89.88,23.03,0,Low
14-08-2025 22:00,Z1,21.05,83.53,0,89.38,20.75,0,Low
14-08-2025 23:00,Z1,22.2,84.25,0,89.39,20.95,0,Low
15-08-2025 00:00,Z1,20.19,87.49,0,89.2,18.37,0,Low
15-08-2025 01:00,Z1,22.08,87.39,0,89.26,21.31,3713,Low
15-08-2025 02:00,Z1,23.01,85.07,0,89.39,20.77,2357,Low
15-08-2025 03:00,Z1,23.39,84.57,0,89.17,21.69,0,Low
15-08-2025 04:00,Z1,23.45,87.06,0,89.12,22.68,0,Low
15-08-2025 05:00,Z1,24.88,83.72,0,89.14,22.51,50,Low
15-08-2025 06:00,Z1,26.37,82.32,0,88.78,24.78,421,Low
15-08-2025 07:00,Z1,27.07,81.97,0,89.04,25.68,18451,Low
15-08-2025 08:00,Z1,28.48,77.32,0,88.4,27.43,36987,Low
15-08-2025 09:00,Z1,29.51,75.05,0,87.74,28.05,48194,Low
15-08-2025 10:00,Z1,29.72,75.57,0,87.24,27.76,63081,Low
15-08-2025 11:00,Z1,30.28,75.27,0,87.64,28.54,68631,Low
15-08-2025 12:00,Z1,30.64,71.73,0,87.13,29.57,71583,Low
15-08-2025 13:00,Z1,30.16,73.65,0,86.78,28.38,68699,Low
15-08-2025 14:00,Z1,29.34,90.09,5,90,27.82,32640,Low
15-08-2025 15:00,Z1,29.88,76.16,0,89.61,27.93,50093,Low
15-08-2025 16:00,Z1,28.45,77.43,0,89.25,27.26,35785,Low
15-08-2025 17:00,Z1,27.21,80.83,0,89.41,26.17,22033,Low
15-08-2025 18:00,Z1,26.52,81.02,0,89.53,25.85,0,Low
15-08-2025 19:00,Z1,25.8,81.52,0,89.3,24.29,3896,Low
15-08-2025 20:00,Z1,23.2,98,5,90,21.8,0,Low
15-08-2025 21:00,Z1,23.46,86.34,0.2,90,21.69,454,Low
15-08-2025 22:00,Z1,22.01,86.98,0,90,20.72,2390,Low
15-08-2025 23:00,Z1,21.65,87.39,0,89.64,20.1,0,Low
16-08-2025 00:00,Z1,22.29,81.82,0,89.38,20.73,4084,Low
16-08-2025 01:00,Z1,21.66,87.34,0,89.14,20.73,0,Low
16-08-2025 02:00,Z1,22.86,86.23,0,88.95,21.02,1639,Low
16-08-2025 03:00,Z1,22.68,83.81,0,89.07,20.75,2160,Low
16-08-2025 04:00,Z1,24.36,82.97,0,88.92,22.65,1693,Low
16-08-2025 05:00,Z1,24.84,82.42,0,88.95,23.09,0,Low
16-08-2025 06:00,Z1,25.23,81.34,0,88.6,23.23,0,Low
16-08-2025 07:00,Z1,27.03,77.42,0,88.59,25.72,19335,Low
16-08-2025 08:00,Z1,27.31,79.47,0,88.76,25.35,34876,Low
16-08-2025 09:00,Z1,29.38,78.57,0.5,89.49,27.61,22741,Low
16-08-2025 10:00,Z1,29.84,75.44,0.5,90,28.54,31376,Low
16-08-2025 11:00,Z1,31.44,73.82,0,89.6,30.47,72081,Low
16-08-2025 12:00,Z1,31.3,75.62,0,89.89,30.03,75698,Low
16-08-2025 13:00,Z1,31.26,74.29,0,89.93,29.25,69761,Low
16-08-2025 14:00,Z1,30.63,76.55,0.2,90,29.68,32205,Low
16-08-2025 15:00,Z1,28.87,77.4,0,89.94,28.01,49221,Low
16-08-2025 16:00,Z1,28.31,79.26,0,89.61,27.04,36002,Low
16-08-2025 17:00,Z1,28.08,81.61,0.2,89.18,27.06,7707,Low
16-08-2025 18:00,Z1,25.59,78.62,0,89.27,23.82,825,Low
16-08-2025 19:00,Z1,25.63,87.29,2,90,24.51,0,Low
16-08-2025 20:00,Z1,23.61,83.5,0,89.7,22.3,688,Low
16-08-2025 21:00,Z1,23.52,88.71,0.2,89.52,21.71,2360,Low
16-08-2025 22:00,Z1,22.18,86.56,0,89.22,20.38,1890,Low
16-08-2025 23:00,Z1,22.19,85.69,0,88.88,19.91,0,Low
17-08-2025 00:00,Z1,21.54,87.8,0,88.83,19.88,1168,Low
17-08-2025 01:00,Z1,22.89,86.76,0,88.78,21.51,1745,Low
17-08-2025 02:00,Z1,22.72,84.52,0,89.27,21.58,1310,Low
17-08-2025 03:00,Z1,23.7,83.1,0,89.67,22.19,1704,Low
17-08-2025 04:00,Z1,23.97,85.19,0,89.57,22.94,0,Low
17-08-2025 05:00,Z1,24.9,83.94,0,89.54,23.09,418,Low
17-08-2025 06:00,Z1,27.12,84.17,1,90,25.86,1837,Low
17-08-2025 07:00,Z1,27.9,74.34,0,89.88,25.88,18618,Low
17-08-2025 08:00,Z1,29.44,75.7,0,90,28.38,37874,Low
17-08-2025 09:00,Z1,29.38,77.05,0,89.97,28.69,52284,Low
17-08-2025 10:00,Z1,29.99,76.91,0.5,89.73,28.5,30557,Low
17-08-2025 11:00,Z1,30.48,79.24,0.5,90,28.47,32998,Low
17-08-2025 12:00,Z1,30.46,77.23,0.2,90,28.81,36850,Low
17-08-2025 13:00,Z1,30.34,72.58,1,90,29.98,35819,Low
17-08-2025 14:00,Z1,30.38,74.37,0,90,29.43,65131,Low
17-08-2025 15:00,Z1,28.62,76.83,0,89.97,26.87,50414,Low
17-08-2025 16:00,Z1,29.95,74.81,0,89.68,27.85,34117,Low
17-08-2025 17:00,Z1,27.23,78.33,0,89.45,25.06,20071,Low
17-08-2025 18:00,Z1,26.42,81.48,0,89.1,24.6,0,Low
17-08-2025 19:00,Z1,25.65,83.38,0,89,24.38,1722,Low
17-08-2025 20:00,Z1,23.73,82.21,0,88.68,22.81,1330,Low
17-08-2025 21:00,Z1,23.17,85.3,0,88.59,21.75,1902,Low
17-08-2025 22:00,Z1,23.27,98,10,90,21.5,0,Low
17-08-2025 23:00,Z1,22.4,91.71,2,90,20.92,2813,Low
18-08-2025 00:00,Z1,22.26,86.88,0,89.96,19.8,713,Low
18-08-2025 01:00,Z1,22.49,86.02,0,89.94,21.11,2014,Low
18-08-2025 02:00,Z1,20.6,90.33,0.5,90,19.58,0,Low
18-08-2025 03:00,Z1,22.59,86.52,0,89.73,21.08,581,Low
18-08-2025 04:00,Z1,24.57,83.83,0,89.83,22.43,991,Low
18-08-2025 05:00,Z1,25.32,79.9,0,90,23.92,0,Low
18-08-2025 06:00,Z1,26.16,79.72,0,90,24.93,589,Low
18-08-2025 07:00,Z1,26.81,80.98,0,89.66,25.21,19978,Low
18-08-2025 08:00,Z1,28.5,79.25,0,89.33,26.74,37593,Low
18-08-2025 09:00,Z1,28.19,79.24,0,88.95,27.96,50863,Low
18-08-2025 10:00,Z1,30.48,71.59,0,88.81,28.68,60396,Low
18-08-2025 11:00,Z1,29.5,76.3,0.2,88.96,27.89,34242,Low
18-08-2025 12:00,Z1,30.14,75.97,0,89.13,28.44,68101,Low
18-08-2025 13:00,Z1,29.91,74.15,0,88.86,28.15,69021,Low
18-08-2025 14:00,Z1,30.05,76.59,0,88.57,28.43,58525,Low
18-08-2025 15:00,Z1,30.38,73.2,0,88.47,28.95,52166,Low
18-08-2025 16:00,Z1,28.64,77.09,0,88.66,26.78,36482,Low
18-08-2025 17:00,Z1,28.09,75.84,0,88.05,26.55,19810,Low
18-08-2025 18:00,Z1,25.95,83.41,0,88.04,24.17,0,Low
18-08-2025 19:00,Z1,25.94,81.94,0,87.84,24.25,0,Low
18-08-2025 20:00,Z1,25.68,82.3,0,88.51,23.83,297,Low
18-08-2025 21:00,Z1,23.3,98,10,90,22.34,0,Low
18-08-2025 22:00,Z1,21.5,87.55,0,89.81,18.76,0,Low
18-08-2025 23:00,Z1,21.31,87.89,0,89.38,19.64,0,Low
19-08-2025 00:00,Z1,22.48,87.61,0,89.49,20.73,2747,Low
19-08-2025 01:00,Z1,21.59,89.97,0,89.22,20.58,454,Low
19-08-2025 02:00,Z1,22.43,83.98,0,88.85,20.66,0,Low
19-08-2025 03:00,Z1,22.99,83.29,0,89.01,21.11,0,Low
19-08-2025 04:00,Z1,23.46,84.94,0,89.38,21.63,0,Low
19-08-2025 05:00,Z1,24.48,83.42,0,89.76,22.46,2125,Low
19-08-2025 06:00,Z1,26.59,81.14,0,89.57,25.27,2828,Low
19-08-2025 07:00,Z1,26.79,79.53,0,89.99,24.84,20828,Low
19-08-2025 08:00,Z1,28.98,76.74,0,89.53,27.24,38459,Low
19-08-2025 09:00,Z1,29.63,74.5,0,89.26,28.67,54407,Low
19-08-2025 10:00,Z1,30.56,74.95,0,89.5,28.93,64860,Low
19-08-2025 11:00,Z1,30.63,76.32,0,89.35,29.54,69443,Low
19-08-2025 12:00,Z1,31.09,72.6,0,89.63,29.71,71528,Low
19-08-2025 13:00,Z1,31.67,73.42,0.2,89.33,30.72,32756,Low
19-08-2025 14:00,Z1,30.37,75.48,0,89.55,28.76,57912,Low
19-08-2025 15:00,Z1,29.92,78.35,0,89.55,27.47,50469,Low
19-08-2025 16:00,Z1,29.06,76.41,0,89.49,27.28,37133,Low
19-08-2025 17:00,Z1,28.05,76.5,0,88.91,26.68,17787,Low
19-08-2025 18:00,Z1,25.64,83.29,0,88.84,23.5,975,Low
19-08-2025 19:00,Z1,25.24,81.53,0,88.18,22.93,153,Low
19-08-2025 20:00,Z1,24.39,83.05,0,87.67,21.98,0,Low
19-08-2025 21:00,Z1,22.6,84.87,0,87.27,20.6,2576,Low
19-08-2025 22:00,Z1,22.83,86.63,0,87.03,20.68,4788,Low
19-08-2025 23:00,Z1,22.36,82.96,0,87.25,20.43,0,Low
20-08-2025 00:00,Z1,21.89,88.67,0,87.32,20.25,0,Low
20-08-2025 01:00,Z1,21.33,85.42,0,87.25,20,1418,Low
20-08-2025 02:00,Z1,23.13,90.31,2,89.71,21.62,0,Low
20-08-2025 03:00,Z1,23.21,85.33,0,89.86,22.33,0,Low
20-08-2025 04:00,Z1,24.21,83.48,0,90,23.11,2074,Low
20-08-2025 05:00,Z1,25.29,79.97,0,89.96,23.59,1912,Low
20-08-2025 06:00,Z1,25.98,77.66,0,90,24.52,0,Low
20-08-2025 07:00,Z1,28.1,75.94,0,90,26.4,17101,Low
20-08-2025 08:00,Z1,28.7,77.84,0,89.97,27.63,36403,Low
20-08-2025 09:00,Z1,29.3,80.86,0,89.88,27.59,50831,Low
20-08-2025 10:00,Z1,29.95,72.53,0,89.7,28.55,63987,Low
20-08-2025 11:00,Z1,31.16,72.44,0,89.69,29.62,68999,Low
20-08-2025 12:00,Z1,31.41,74.03,0,89.65,29.72,72907,Low
20-08-2025 13:00,Z1,30.33,73.65,0,89.91,29,68398,Low
20-08-2025 14:00,Z1,30.37,74.55,0,89.95,27.96,61931,Low
20-08-2025 15:00,Z1,29.9,74.49,0,89.94,27.23,49173,Low
20-08-2025 16:00,Z1,27.98,78.63,0,89.91,26.16,31850,Low
20-08-2025 17:00,Z1,27.27,78.86,0,89.96,26.28,17102,Low
20-08-2025 18:00,Z1,25.81,82.16,0,89.37,24.36,3602,Low
20-08-2025 19:00,Z1,25.37,83.98,1,90,24.65,0,Low
20-08-2025 20:00,Z1,24.28,81.65,0,89.96,22.56,3462,Low
20-08-2025 21:00,Z1,22.11,85.57,0,89.67,20.24,2058,Low
20-08-2025 22:00,Z1,22.2,86.49,0,89.89,20.24,1541,Low
20-08-2025 23:00,Z1,21.44,87.4,0,89.81,19.78,214,Low
21-08-2025 00:00,Z1,22.21,86.74,0,89.42,19.99,0,Low
21-08-2025 01:00,Z1,21.92,84.94,0,89.26,20.26,5871,Low
21-08-2025 02:00,Z1,23.08,88.24,0,89.15,21.46,1012,Low
21-08-2025 03:00,Z1,22.38,88.13,0,89.09,21.22,359,Low
21-08-2025 04:00,Z1,24.55,84.69,0,88.59,22.72,0,Low
21-08-2025 05:00,Z1,24.66,84.81,1,89.37,23.61,0,Low
21-08-2025 06:00,Z1,25.96,78.03,0,89.1,24.35,4045,Low
21-08-2025 07:00,Z1,28.28,76.23,0,88.66,26.49,20819,Low
21-08-2025 08:00,Z1,30.21,72.85,0,88.85,29.29,37397,Low
21-08-2025 09:00,Z1,29.12,76.68,0,89.11,27.38,49629,Low
21-08-2025 10:00,Z1,30.55,73.84,0.5,89.9,28.42,33903,Low
21-08-2025 11:00,Z1,29.85,73.86,0,89.87,28.05,72192,Low
21-08-2025 12:00,Z1,31.07,73.43,0,89.98,29.67,71374,Low
21-08-2025 13:00,Z1,30.67,72.83,0,89.85,28.68,68028,Low
21-08-2025 14:00,Z1,30.41,73.54,0,89.73,28.99,61833,Low
21-08-2025 15:00,Z1,29.72,73.54,0,89.74,28.22,53080,Low
21-08-2025 16:00,Z1,28.78,77.86,0,89.62,27.18,32506,Low
21-08-2025 17:00,Z1,27.1,78.46,0,89.48,25.3,17609,Low
21-08-2025 18:00,Z1,26.66,76.91,0,89.95,25.27,0,Low
21-08-2025 19:00,Z1,24.04,83.71,0,89.97,22.07,1227,Low
21-08-2025 20:00,Z1,24.69,79.8,0,89.85,23.21,0,Low
21-08-2025 21:00,Z1,23.26,83.07,0,90,21.88,0,Low
21-08-2025 22:00,Z1,23.46,82.22,0,89.95,21.79,0,Low
21-08-2025 23:00,Z1,23.6,80.21,0,89.74,22.35,1217,Low
22-08-2025 00:00,Z1,22.91,86.74,0,89.26,21.95,46,Low
22-08-2025 01:00,Z1,21.64,87.3,0,88.81,19.82,205,Low
22-08-2025 02:00,Z1,22.95,81.77,0,88.66,21.23,622,Low
22-08-2025 03:00,Z1,22.71,85.52,0,88.57,20.76,0,Low
22-08-2025 04:00,Z1,23.84,82.55,0,88.73,22.49,1752,Low
22-08-2025 05:00,Z1,24.9,80.32,0,88.98,23.43,67,Low
22-08-2025 06:00,Z1,26.8,81.52,0,88.41,25.57,0,Low
22-08-2025 07:00,Z1,27.63,77.99,0,88.35,25.66,20010,Low
22-08-2025 08:00,Z1,28.62,76.75,0.2,88.37,26.81,16733,Low
22-08-2025 09:00,Z1,28.78,80.2,0,88.19,27.23,51551,Low
22-08-2025 10:00,Z1,29.64,77.57,0,88.06,28.55,65152,Low
22-08-2025 11:00,Z1,30.73,75.47,0,87.41,29.24,71727,Low
22-08-2025 12:00,Z1,31.05,73.24,0,87.47,29.7,72249,Low
22-08-2025 13:00,Z1,30.65,77.34,0,87.28,28.71,69180,Low
22-08-2025 14:00,Z1,30.57,74.65,0,87.45,29.02,62427,Low
22-08-2025 15:00,Z1,29.16,75.79,0,87.29,26.83,50089,Low
22-08-2025 16:00,Z1,27.89,78.03,0,87.72,26.11,34696,Low
22-08-2025 17:00,Z1,27.67,76.08,0,87.37,27.18,17667,Low
22-08-2025 18:00,Z1,26.32,80.7,0,87.41,24.34,1457,Low
22-08-2025 19:00,Z1,25.54,82.67,0,87.16,24.31,0,Low
22-08-2025 20:00,Z1,23.78,83.06,0.2,87.39,22.36,0,Low
22-08-2025 21:00,Z1,24,82.36,0,87.31,21.5,2631,Low
22-08-2025 22:00,Z1,22.29,83.87,0,87.79,20.3,1904,Low
22-08-2025 23:00,Z1,21.84,84.32,0.2,87.86,19.81,4071,Low
23-08-2025 00:00,Z1,22.15,85.98,0,87.39,20.62,1277,Low
23-08-2025 01:00,Z1,22.04,87.84,0,87.17,20.24,0,Low
23-08-2025 02:00,Z1,22.92,87.17,0,86.84,21.42,1383,Low
23-08-2025 03:00,Z1,23.01,84.41,0,86.61,21.44,0,Low
23-08-2025 04:00,Z1,24.16,86.89,0,86.7,22.2,2046,Low
23-08-2025 05:00,Z1,24.85,83.58,2,89.21,23.45,2372,Low
23-08-2025 06:00,Z1,26.63,82.04,0,89.1,25.09,0,Low
23-08-2025 07:00,Z1,27.45,84.68,2,90,25.87,8889,Low
23-08-2025 08:00,Z1,28.43,79.12,0,90,26.51,36075,Low
23-08-2025 09:00,Z1,29.28,72.31,0.2,90,27.84,25119,Low
23-08-2025 10:00,Z1,29.23,74.68,0,89.92,27.6,63307,Low
23-08-2025 11:00,Z1,30.26,75.59,0,89.92,28.64,68065,Low
23-08-2025 12:00,Z1,31.33,77.19,0,89.93,29.51,69984,Low
23-08-2025 13:00,Z1,29.05,79.08,0,89.7,26.92,71067,Low
23-08-2025 14:00,Z1,30.86,73.77,0,89.98,29.71,62519,Low
23-08-2025 15:00,Z1,30.19,74.95,0,89.92,29.06,53668,Low
23-08-2025 16:00,Z1,27.77,77.55,0,90,26.96,33127,Low
23-08-2025 17:00,Z1,29.07,76.69,0,89.56,27.56,17352,Low
23-08-2025 18:00,Z1,27.21,79.85,0,89.42,26.11,0,Low
23-08-2025 19:00,Z1,24.9,79.75,0,89.01,23.47,2510,Low
23-08-2025 20:00,Z1,23.11,86.15,0.2,89.41,21.77,0,Low
23-08-2025 21:00,Z1,23.16,85.98,0,89.4,21.9,0,Low
23-08-2025 22:00,Z1,21.25,89.3,0,89.94,19.72,597,Low
23-08-2025 23:00,Z1,22.57,86.42,0,90,21.18,789,Low
24-08-2025 00:00,Z1,20.76,87.46,0,89.79,19.44,3444,Low
24-08-2025 01:00,Z1,20.73,89.36,0.5,90,19.21,271,Low
24-08-2025 02:00,Z1,22.39,84.92,0,90,21.14,0,Low
24-08-2025 03:00,Z1,23.42,82.72,0,89.44,21.78,40,Low
24-08-2025 04:00,Z1,24.27,83.28,0,89.04,22.22,0,Low
24-08-2025 05:00,Z1,25.12,80.26,0,88.85,23.28,1140,Low
24-08-2025 06:00,Z1,26.71,78.74,0.2,88.96,24.96,0,Low
24-08-2025 07:00,Z1,27.69,75.61,0,89.13,26.53,22411,Low
24-08-2025 08:00,Z1,27.87,79.09,0,89.3,26.86,35288,Low
24-08-2025 09:00,Z1,29.86,85.27,2,90,27.58,25179,Low
24-08-2025 10:00,Z1,30.36,71.87,0,89.99,28.97,57340,Low
24-08-2025 11:00,Z1,32.61,71.18,0,90,31.2,70566,Low
24-08-2025 12:00,Z1,31.99,74.63,0,89.83,29.41,72273,Low
24-08-2025 13:00,Z1,31.41,75.92,0,89.05,29.64,69984,Low
24-08-2025 14:00,Z1,30.41,73.98,0.5,89.68,29.35,30646,Low
24-08-2025 15:00,Z1,29.23,73.37,0,89.68,27.18,50693,Low
24-08-2025 16:00,Z1,28.58,75.3,0,89.51,27.84,37641,Low
24-08-2025 17:00,Z1,26.83,78.67,0,89.03,26.18,19351,Low
24-08-2025 18:00,Z1,26.08,86.06,0,88.82,24.48,0,Low
24-08-2025 19:00,Z1,25.61,79.69,0,88.12,24.31,0,Low
24-08-2025 20:00,Z1,23.77,86.25,0,87.56,22.5,2456,Low
24-08-2025 21:00,Z1,22.83,84.09,0,87.34,21.24,0,Low
24-08-2025 22:00,Z1,21.96,88.85,0,87.42,20.79,0,Low
24-08-2025 23:00,Z1,20.61,90.95,0,86.95,18.45,1344,Low
25-08-2025 00:00,Z1,21.4,83.26,0,87.13,20.46,0,Low
25-08-2025 01:00,Z1,22.33,87.86,0,87.11,20.39,0,Low
25-08-2025 02:00,Z1,20.99,87.64,0,86.96,19.56,2120,Low
25-08-2025 03:00,Z1,24.22,82.36,0.2,87.55,22.56,1011,Low
25-08-2025 04:00,Z1,23.62,85.67,0,87.19,21.62,0,Low
25-08-2025 05:00,Z1,25.62,81.57,0,87.36,24.06,0,Low
25-08-2025 06:00,Z1,26.65,78.26,0,86.63,24.48,0,Low
25-08-2025 07:00,Z1,28.3,74.83,0,86.19,26.5,21124,Low
25-08-2025 08:00,Z1,27.73,79.37,0,86.5,26.89,37667,Low
25-08-2025 09:00,Z1,29.67,75.81,0,86.61,27.82,49478,Low
25-08-2025 10:00,Z1,30.66,75.07,0.5,87.75,29.15,35284,Low
25-08-2025 11:00,Z1,31.57,73.33,0,87.8,30.31,71248,Low
25-08-2025 12:00,Z1,30.9,75.27,0,87.55,28.74,67692,Low
25-08-2025 13:00,Z1,30.89,76.42,0.5,88.78,29.24,32776,Low
25-08-2025 14:00,Z1,29.96,73.92,0,88.61,28.24,62435,Low
25-08-2025 15:00,Z1,28.99,77.65,0,88.91,27.97,52638,Low
25-08-2025 16:00,Z1,27.95,76.16,0,88.7,26.54,34738,Low
25-08-2025 17:00,Z1,27.38,76.12,0,88.65,25.7,20915,Low
25-08-2025 18:00,Z1,27.06,80.28,0,88.67,25.62,0,Low
25-08-2025 19:00,Z1,25.39,82.48,0,88.54,23.84,4984,Low
25-08-2025 20:00,Z1,23.25,81.21,0,88.38,21.55,0,Low
25-08-2025 21:00,Z1,22.37,86.11,0,88.6,20.54,1725,Low
25-08-2025 22:00,Z1,23.24,88.73,0,88.45,21.74,0,Low
25-08-2025 23:00,Z1,21.25,86,0,88.31,19.41,2754,Low
26-08-2025 00:00,Z1,22.8,85.51,0,88.46,21.28,2051,Low
26-08-2025 01:00,Z1,21.84,91.03,0,88.17,19.9,360,Low
26-08-2025 02:00,Z1,22.21,87.25,0,88.28,20.02,0,Low
26-08-2025 03:00,Z1,22.45,84.25,0,88.71,20.83,0,Low
26-08-2025 04:00,Z1,24.23,83.2,0,88.22,22.63,0,Low
26-08-2025 05:00,Z1,25.69,81.51,0,88.21,23.89,0,Low
26-08-2025 06:00,Z1,26.46,83.68,1,89.39,25.41,0,Low
26-08-2025 07:00,Z1,27.03,81.37,0,89.51,25.82,23310,Low
26-08-2025 08:00,Z1,27.89,79.11,0,89.16,26.07,34254,Low
26-08-2025 09:00,Z1,29.92,74.8,0,88.88,28.33,50682,Low
26-08-2025 10:00,Z1,29.83,77.64,0,88.39,28.21,65350,Low
26-08-2025 11:00,Z1,31.87,72.74,0,88.66,30.6,67942,Low
26-08-2025 12:00,Z1,31.48,72.96,0.2,89.05,29.74,35908,Low
26-08-2025 13:00,Z1,30.79,73.53,0,89.57,29.64,66591,Low
26-08-2025 14:00,Z1,29.78,91.92,10,90,28.24,32073,Low
26-08-2025 15:00,Z1,29.67,77.33,0,90,28.42,48409,Low
26-08-2025 16:00,Z1,28.56,77.02,0,90,27.21,36876,Low
26-08-2025 17:00,Z1,27.77,77.95,0,90,25.92,18320,Low
26-08-2025 18:00,Z1,26.22,77.48,0,89.74,24.55,3905,Low
26-08-2025 19:00,Z1,25.22,84.29,0,89.51,23.34,2165,Low
26-08-2025 20:00,Z1,24.06,81.04,0,89.37,22.78,0,Low
26-08-2025 21:00,Z1,24.6,86.23,0,89.22,23.04,0,Low
26-08-2025 22:00,Z1,22.11,88.12,0,88.8,20.97,251,Low
26-08-2025 23:00,Z1,22.06,84.26,0,89.13,20.58,0,Low
27-08-2025 00:00,Z1,23.03,85.99,0,89.22,21.2,0,Low
27-08-2025 01:00,Z1,22.23,85.52,0,89.12,20.34,0,Low
27-08-2025 02:00,Z1,22.54,84.39,0,88.81,20.5,720,Low
27-08-2025 03:00,Z1,22.86,86.2,0,88.27,20.96,1074,Low
27-08-2025 04:00,Z1,23.94,88.54,0,87.58,21.88,603,Low
27-08-2025 05:00,Z1,24.64,82.21,0,87.5,23.01,2832,Low
27-08-2025 06:00,Z1,26.49,80.35,0,87.62,25.13,1937,Low
27-08-2025 07:00,Z1,27.51,79.84,1,89.06,26.09,8510,Low
27-08-2025 08:00,Z1,28.69,77.34,0,89.32,27.42,36371,Low
27-08-2025 09:00,Z1,28.96,78.01,0,89.2,26.87,53809,Low
27-08-2025 10:00,Z1,30.56,72.37,0,88.81,29.2,63711,Low
27-08-2025 11:00,Z1,30.62,71.84,0,88.17,28.73,71464,Low
27-08-2025 12:00,Z1,31.42,73.19,0,88.48,30.41,72057,Low
27-08-2025 13:00,Z1,31.41,74.62,0,88.71,29.95,74196,Low
27-08-2025 14:00,Z1,30.3,74.19,0,88.23,29,64965,Low
27-08-2025 15:00,Z1,30.42,74.91,0,88.05,29.04,53548,Low
27-08-2025 16:00,Z1,28.7,78.36,0,87.99,27.57,35110,Low
27-08-2025 17:00,Z1,27.48,78.53,0,87.82,25.47,18698,Low
27-08-2025 18:00,Z1,25.97,85.95,0,88.01,25.3,0,Low
27-08-2025 19:00,Z1,26.53,77.38,0,88.24,24.58,0,Low
27-08-2025 20:00,Z1,24.56,85.41,0,87.52,23.39,3574,Low
27-08-2025 21:00,Z1,23.07,84.67,0,87.44,21.13,2237,Low
27-08-2025 22:00,Z1,22.54,87.37,0,86.98,21.25,144,Low
27-08-2025 23:00,Z1,22.32,88.33,0,87.2,20.52,0,Low
28-08-2025 00:00,Z1,21.9,83.78,0,87.42,20.35,0,Low
28-08-2025 01:00,Z1,22.58,83.1,0,87.28,20.88,660,Low
28-08-2025 02:00,Z1,23.31,84.52,0,87.3,21.63,612,Low
28-08-2025 03:00,Z1,22.14,86.9,0,86.88,20.05,729,Low
28-08-2025 04:00,Z1,24.02,81.63,0,86.9,22.74,0,Low
28-08-2025 05:00,Z1,24.75,85.35,0,86.68,24.3,2705,Low
28-08-2025 06:00,Z1,25.6,81.7,0,86.56,23.9,0,Low
28-08-2025 07:00,Z1,26.43,80.07,0,86.76,25.29,15868,Low
28-08-2025 08:00,Z1,28.38,73.52,0,87.01,27.32,36671,Low
28-08-2025 09:00,Z1,28.68,75.34,0,86.75,27.13,48547,Low
28-08-2025 10:00,Z1,29.54,90.64,5,90,28.38,32375,Low
28-08-2025 11:00,Z1,31.07,72.61,0,89.98,30.52,69621,Low
28-08-2025 12:00,Z1,31.27,75.39,0,90,29.5,70179,Low
28-08-2025 13:00,Z1,30.22,74.4,0,89.88,29.28,70952,Low
28-08-2025 14:00,Z1,31.09,73.97,0,90,30,60540,Low
28-08-2025 15:00,Z1,30.18,77.17,0,90,29.17,50778,Low
28-08-2025 16:00,Z1,27.83,80.25,0,90,26.82,35483,Low
28-08-2025 17:00,Z1,28.5,78.99,0,90,27.28,17111,Low
28-08-2025 18:00,Z1,26.49,75.35,0,89.94,25.14,678,Low
28-08-2025 19:00,Z1,25.91,81.54,0,89.92,24.73,0,Low
28-08-2025 20:00,Z1,24.43,85.87,0,90,23.31,2510,Low
28-08-2025 21:00,Z1,22.91,83.38,0,89.44,21.48,560,Low
28-08-2025 22:00,Z1,22.28,83.26,0,89.59,20.79,0,Low
28-08-2025 23:00,Z1,22.29,86.24,0.5,90,20.35,0,Low
29-08-2025 00:00,Z1,22.74,84.91,0,90,21.25,2692,Low
29-08-2025 01:00,Z1,22.94,84.83,0,89.93,21.97,436,Low
29-08-2025 02:00,Z1,22.22,86.47,0,89.6,20.62,2312,Low
29-08-2025 03:00,Z1,23.05,85.47,0,90,21.51,0,Low
29-08-2025 04:00,Z1,24,88.12,2,90,21.91,538,Low
29-08-2025 05:00,Z1,24.13,85.9,0,89.44,21.94,0,Low
29-08-2025 06:00,Z1,26.44,81.93,0,88.9,25.26,843,Low
29-08-2025 07:00,Z1,27.1,79.73,0,88.49,24.72,19998,Low
29-08-2025 08:00,Z1,28.65,79.15,0,88.38,28.1,40730,Low
29-08-2025 09:00,Z1,29.8,75.5,0,88.44,27.72,49602,Low
29-08-2025 10:00,Z1,30.56,71.69,0,88.16,29.37,63268,Low
29-08-2025 11:00,Z1,30.98,71.57,0,87.77,28.76,68752,Low
29-08-2025 12:00,Z1,30.5,72.84,0,87.44,28.56,75596,Low
29-08-2025 13:00,Z1,30.9,73.41,0,87.22,28.68,68047,Low
29-08-2025 14:00,Z1,31.22,73.39,0,86.98,29.38,62952,Low
29-08-2025 15:00,Z1,29.15,74.82,0,87.05,27.37,48404,Low
29-08-2025 16:00,Z1,28.25,78.41,0,87.24,26.74,36248,Low
29-08-2025 17:00,Z1,27.18,78.26,0,87.41,25.7,18004,Low
29-08-2025 18:00,Z1,26.49,79.29,0,87.17,24.8,0,Low
29-08-2025 19:00,Z1,25.1,83.01,0,87.44,23.14,1041,Low
29-08-2025 20:00,Z1,23.66,86.32,0,86.99,22.26,0,Low
29-08-2025 21:00,Z1,22.97,85.2,0,87.28,20.9,2924,Low
29-08-2025 22:00,Z1,22.68,82.02,0,87.23,20.48,921,Low
29-08-2025 23:00,Z1,22.4,87.9,0,87.05,20.42,666,Low
30-08-2025 00:00,Z1,21.77,84.94,0,86.75,20.21,3567,Low
30-08-2025 01:00,Z1,22.43,86.82,0,87.6,21.34,1623,Low
30-08-2025 02:00,Z1,22.27,83.3,0,87.3,21.15,0,Low
30-08-2025 03:00,Z1,22.92,90.89,2,89.43,21.27,1788,Low
30-08-2025 04:00,Z1,22.72,86.11,0,89.45,20.89,984,Low
30-08-2025 05:00,Z1,25.42,84.72,0,90,23.8,0,Low
30-08-2025 06:00,Z1,26.03,80.81,0,89.62,24.96,67,Low
30-08-2025 07:00,Z1,28.09,78.56,0,89.94,26.59,20283,Low
30-08-2025 08:00,Z1,28.49,78.64,0,89.55,27.43,35157,Low
30-08-2025 09:00,Z1,29.53,75.14,0,89.44,27.47,52691,Low
30-08-2025 10:00,Z1,31.24,73.05,0,89.12,30.68,64815,Low
30-08-2025 11:00,Z1,30.23,74.75,0,88.95,29.25,67726,Low
30-08-2025 12:00,Z1,30.04,73.73,0,88.95,29.33,67786,Low
30-08-2025 13:00,Z1,30.75,73.27,0,88.64,29.03,73530,Low
30-08-2025 14:00,Z1,29.94,72.69,0,88.46,28.26,62329,Low
30-08-2025 15:00,Z1,28.89,77.05,0,88.69,28.1,51683,Low
30-08-2025 16:00,Z1,28.5,76.26,0,88.39,26.02,34869,Low
30-08-2025 17:00,Z1,27.62,94.49,10,90,26.43,14377,Low
30-08-2025 18:00,Z1,25.37,81.83,0,89.88,24.11,3387,Low
30-08-2025 19:00,Z1,24.74,85.98,0,89.85,22.83,3866,Low
30-08-2025 20:00,Z1,23.67,83.22,0,90,22.71,0,Low
30-08-2025 21:00,Z1,22.41,84.31,0,89.88,21.56,1102,Low
30-08-2025 22:00,Z1,22.48,84.52,0,89.61,21.57,0,Low
30-08-2025 23:00,Z1,21.68,86.78,0,89.2,20,2021,Low
31-08-2025 00:00,Z1,21.58,85.79,0,88.73,19.7,0,Low
31-08-2025 01:00,Z1,22.31,85.83,0.2,88.6,20.95,0,Low
31-08-2025 02:00,Z1,21.97,82.74,0,88.91,20.04,2678,Low
31-08-2025 03:00,Z1,22.57,90.91,0.2,89.2,21.32,3501,Low
31-08-2025 04:00,Z1,23.72,80.43,0,88.83,22.25,0,Low
31-08-2025 05:00,Z1,24.77,84.16,0,89.07,23.08,494,Low
31-08-2025 06:00,Z1,26.13,79.95,0,89.32,24.11,0,Low
31-08-2025 07:00,Z1,26.49,82.16,0,89.18,24.71,14957,Low
31-08-2025 08:00,Z1,29.36,73.57,0,88.6,27.82,34663,Low
31-08-2025 09:00,Z1,31.19,73.82,0,88.7,29.82,53145,Low
31-08-2025 10:00,Z1,30.62,73.39,0,88.89,29.55,62198,Low
31-08-2025 11:00,Z1,31.9,74.74,0,88.93,30,72245,Low
31-08-2025 12:00,Z1,29.73,73.31,0,88.68,28.73,74618,Low
31-08-2025 13:00,Z1,29.91,79.19,0,88.81,28.02,69501,Low
31-08-2025 14:00,Z1,30.94,72.84,0,88.59,29.45,61758,Low
31-08-2025 15:00,Z1,30.06,72.02,0,88.76,28.25,52341,Low
31-08-2025 16:00,Z1,29.47,78.47,0,88.72,27.62,38887,Low
31-08-2025 17:00,Z1,27.38,79.69,0,89.07,25.86,18564,Low
31-08-2025 18:00,Z1,25.43,80.7,0,89.15,23.8,65,Low
31-08-2025 19:00,Z1,24.54,83.52,0,89.28,23.44,0,Low
31-08-2025 20:00,Z1,24.89,79.63,0,89.01,23.08,0,Low
31-08-2025 21:00,Z1,23.5,84.66,1,90,22.03,1595,Low
31-08-2025 22:00,Z1,21.81,88.5,0,90,20.26,797,Low
31-08-2025 23:00,Z1,21.89,86.6,0,90,20.16,3906,Low
01-09-2025 00:00,Z1,21.47,87.66,0,89.91,19.33,0,Low
01-09-2025 01:00,Z1,22.28,84.42,0,90,20.28,0,Low
01-09-2025 02:00,Z1,23.24,85.77,0,90,22.05,0,Low
01-09-2025 03:00,Z1,22.54,81.96,0,89.99,20.69,276,Low
01-09-2025 04:00,Z1,24.66,80.15,0,89.44,22.08,2382,Low
01-09-2025 05:00,Z1,24.21,80.87,0,89.44,22.83,0,Low
01-09-2025 06:00,Z1,25.67,77.88,0,89.52,24.56,0,Low
01-09-2025 07:00,Z1,27.86,76.59,0,90,26.5,20757,Low
01-09-2025 08:00,Z1,28.57,76.52,0,89.94,26.53,34317,Low
01-09-2025 09:00,Z1,29.1,77.69,0,89.87,27.67,51298,Low
01-09-2025 10:00,Z1,29.86,74.79,0,89.64,28.57,63386,Low
01-09-2025 11:00,Z1,28.32,78.37,0,89.69,26.63,69615,Low
01-09-2025 12:00,Z1,28.81,80.92,0.5,90,27.66,34524,Low
01-09-2025 13:00,Z1,30.02,71.55,0,89.69,28.68,71882,Low
01-09-2025 14:00,Z1,29.77,76.62,0,89.61,27.51,59674,Low
01-09-2025 15:00,Z1,29.74,75.74,0,89.51,27.99,49944,Low
01-09-2025 16:00,Z1,28.37,79.72,0,89.25,26.74,34070,Low
01-09-2025 17:00,Z1,27.51,77.12,0,88.59,25.16,18721,Low
01-09-2025 18:00,Z1,24.69,83.02,0,88.86,22.89,66,Low
01-09-2025 19:00,Z1,25.01,82.1,0,88.87,23.48,3550,Low
01-09-2025 20:00,Z1,23.15,81.76,0,89.28,22.16,313,Low
01-09-2025 21:00,Z1,24.14,82.82,0,89.26,22.42,0,Low
01-09-2025 22:00,Z1,22.94,83.18,0,88.55,21.52,0,Low
01-09-2025 23:00,Z1,21.55,85.11,0,88.56,19.78,0,Low
02-09-2025 00:00,Z1,22.42,86.36,0,88.92,21.02,1453,Low
02-09-2025 01:00,Z1,21,86.11,0,88.63,19.75,1376,Low
02-09-2025 02:00,Z1,21.63,86.81,0,88.16,19.99,30,Low
02-09-2025 03:00,Z1,23.36,86.34,0,88.11,21.6,1438,Low
02-09-2025 04:00,Z1,25.12,85.7,0,88.48,23.68,23,Low
02-09-2025 05:00,Z1,25.26,82.67,0.2,88.16,23.67,365,Low
02-09-2025 06:00,Z1,25.77,83.81,0,88.11,24.3,0,Low
02-09-2025 07:00,Z1,26.6,82.52,0,88.45,25.53,22568,Low
02-09-2025 08:00,Z1,28.78,79.16,0.2,88.39,27.53,17968,Low
02-09-2025 09:00,Z1,29.16,75.72,0,88.13,27.21,49262,Low
02-09-2025 10:00,Z1,29.49,75.19,0,87.17,27.58,63031,Low
02-09-2025 11:00,Z1,29.62,74.68,0.2,87.41,28.9,33872,Low
02-09-2025 12:00,Z1,31.33,71.77,0,86.81,29.57,74486,Low
02-09-2025 13:00,Z1,29.98,75.77,0,87.12,28.31,70495,Low
02-09-2025 14:00,Z1,29.52,81.28,0,87.49,27.92,63802,Low
02-09-2025 15:00,Z1,29.06,73.48,0,87.26,27.4,50947,Low
02-09-2025 16:00,Z1,27.61,77.84,0,86.83,26.47,33964,Low
02-09-2025 17:00,Z1,26.52,80.4,0,87.19,24.67,17629,Low
02-09-2025 18:00,Z1,25.76,79.09,0,87.35,23.84,3887,Low
02-09-2025 19:00,Z1,25.36,83.17,0,86.94,24.06,3455,Low
02-09-2025 20:00,Z1,23.69,83.43,0,87.5,22,0,Low
02-09-2025 21:00,Z1,23.06,85.73,0,87.38,21.88,1863,Low
02-09-2025 22:00,Z1,22.19,85.66,0,87.6,20.18,628,Low
02-09-2025 23:00,Z1,20.77,87.6,0,87.98,19.21,88,Low
03-09-2025 00:00,Z1,22.22,85.06,0,87.9,21.03,1148,Low
03-09-2025 01:00,Z1,21.33,88.7,0,88.18,19.79,0,Low
03-09-2025 02:00,Z1,22.25,90.88,0.2,88.13,20.75,0,Low
03-09-2025 03:00,Z1,22.46,85.83,0,87.57,20.75,0,Low
03-09-2025 04:00,Z1,22.95,86.13,0.2,87.35,21.27,0,Low
03-09-2025 05:00,Z1,24.47,83.57,0,86.87,22.72,0,Low
03-09-2025 06:00,Z1,27.58,78.86,0,87.28,25.77,1576,Low
03-09-2025 07:00,Z1,27.81,77.91,0,86.92,25.9,17718,Low
03-09-2025 08:00,Z1,27.52,77.13,0,86.47,26.27,37519,Low
03-09-2025 09:00,Z1,28.38,75.5,0,86.33,27.02,55134,Low
03-09-2025 10:00,Z1,30.17,76.77,0,86.66,28.71,61741,Low
03-09-2025 11:00,Z1,28.9,77.19,0,86.55,27.28,73383,Low
03-09-2025 12:00,Z1,30.22,74.39,0,86.63,28.62,70745,Low
03-09-2025 13:00,Z1,30.09,73.78,0,86.26,28.79,68341,Low
03-09-2025 14:00,Z1,31.08,68.8,0,86.25,29.27,61994,Low
03-09-2025 15:00,Z1,28.68,73.11,0,85.96,27.38,51322,Low
03-09-2025 16:00,Z1,29.6,76.26,0,86.05,27.38,35070,Low
03-09-2025 17:00,Z1,25.64,82.61,0,86.07,23.96,20605,Low
03-09-2025 18:00,Z1,25.43,83.53,0,85.43,23.42,0,Low
03-09-2025 19:00,Z1,24.79,81.8,0,85.27,24.14,0,Low
03-09-2025 20:00,Z1,23.47,85.55,0,85.64,21.54,0,Low
03-09-2025 21:00,Z1,22.73,83.72,0,85.71,20.46,1479,Low
03-09-2025 22:00,Z1,21.31,89,0,85.68,20.16,528,Low
03-09-2025 23:00,Z1,20.64,86.38,0,85.76,19.83,1944,Low
04-09-2025 00:00,Z1,20.67,90.48,0,85.74,19.42,0,Low
04-09-2025 01:00,Z1,21.12,85.22,0,85.54,20.19,0,Low
04-09-2025 02:00,Z1,22.41,85.88,0,85.26,21.32,2728,Low
04-09-2025 03:00,Z1,22.96,86.06,0.2,85.26,21.5,0,Low
04-09-2025 04:00,Z1,23.26,81.91,0,85.3,21.81,0,Low
04-09-2025 05:00,Z1,25.03,80.73,0,85,23.78,611,Low
04-09-2025 06:00,Z1,25.87,81.5,0,84.85,23.77,0,Low
04-09-2025 07:00,Z1,27.17,81.96,0,84.58,25.87,16009,Low
04-09-2025 08:00,Z1,27.71,83.4,0,84.68,26.86,37688,Low
04-09-2025 09:00,Z1,29.73,74.14,0,85.19,28.4,52842,Low
04-09-2025 10:00,Z1,29.58,78.47,0,85.17,28.26,58697,Low
04-09-2025 11:00,Z1,30.82,73.16,0,84.81,29.74,65800,Low
04-09-2025 12:00,Z1,30.17,74.95,0,84.66,28.06,72965,Low
04-09-2025 13:00,Z1,30.71,87.8,5,90,28.94,37517,Low
04-09-2025 14:00,Z1,30.19,73.19,0,89.94,28.39,61385,Low
04-09-2025 15:00,Z1,29.29,75.78,0,89.82,29.23,49234,Low
04-09-2025 16:00,Z1,27.63,79.58,0,90,25.73,34388,Low
04-09-2025 17:00,Z1,26.77,80.8,0,90,25.51,18167,Low
04-09-2025 18:00,Z1,25.81,82.28,0,89.54,24.13,2911,Low
04-09-2025 19:00,Z1,25.27,79.91,0,89.29,23.89,0,Low
04-09-2025 20:00,Z1,23.62,82.92,0,88.86,22.22,0,Low
04-09-2025 21:00,Z1,23.5,86.2,0.2,89,22.49,0,Low
04-09-2025 22:00,Z1,22.87,85.58,0,88.54,21.88,25,Low
04-09-2025 23:00,Z1,21.78,87.11,0,88.39,20.28,3085,Low
05-09-2025 00:00,Z1,20.4,93.62,0,88.54,18.62,1039,Low
05-09-2025 01:00,Z1,21.18,88.73,0,88.94,19.56,771,Low
05-09-2025 02:00,Z1,22.84,85.36,0,88.69,21.32,633,Low
05-09-2025 03:00,Z1,22.15,90.47,0,89.05,20.36,0,Low
05-09-2025 04:00,Z1,24.02,86.32,0,88.51,22.24,0,Low
05-09-2025 05:00,Z1,25.27,81.55,0,88.72,23.53,0,Low
05-09-2025 06:00,Z1,25.29,81.48,0,89,23.75,0,Low
05-09-2025 07:00,Z1,27.18,79.35,0,88.94,25.23,18847,Low
05-09-2025 08:00,Z1,27.68,77.49,0.2,89.5,26.71,17099,Low
05-09-2025 09:00,Z1,29.17,73.16,0,89.21,27.59,49244,Low
05-09-2025 10:00,Z1,29.47,76.82,0,88.59,27.74,65799,Low
05-09-2025 11:00,Z1,30.34,74.1,0,88.36,29.2,69781,Low
05-09-2025 12:00,Z1,30.54,75.62,0,88.39,28.66,73706,Low
05-09-2025 13:00,Z1,30.21,74.6,0,88.28,28.42,69928,Low
05-09-2025 14:00,Z1,29.64,76.2,0,88.21,28.25,60704,Low
05-09-2025 15:00,Z1,29.05,75.83,0,88.64,26.96,52227,Low
05-09-2025 16:00,Z1,28.2,76.66,0,88.51,26.55,35346,Low
05-09-2025 17:00,Z1,26.47,78.71,0,87.61,24.75,16222,Low
05-09-2025 18:00,Z1,25.99,78.36,0,87.28,24.15,0,Low
05-09-2025 19:00,Z1,24.05,84.94,0,88.11,22.91,3053,Low
05-09-2025 20:00,Z1,23.44,83.42,0,88.19,22.47,654,Low
05-09-2025 21:00,Z1,23.49,84.31,0,88.52,22.65,283,Low
05-09-2025 22:00,Z1,21.85,87.02,0,88.18,21.12,2119,Low
05-09-2025 23:00,Z1,22.35,85.79,0,87.71,21.3,0,Low
06-09-2025 00:00,Z1,20.7,90.93,0.2,87.83,18.89,0,Low
06-09-2025 01:00,Z1,21.76,87.86,0,87.7,20.26,0,Low
06-09-2025 02:00,Z1,21.73,87.14,0.5,88.69,20.73,935,Low
06-09-2025 03:00,Z1,22.53,86.84,0,88.75,21.62,0,Low
06-09-2025 04:00,Z1,24.46,82.74,0,88.98,23.85,2720,Low
06-09-2025 05:00,Z1,25.64,80.9,0,88.51,23.96,0,Low
06-09-2025 06:00,Z1,25.34,83.84,0,88.48,24.4,1611,Low
06-09-2025 07:00,Z1,26.91,77.13,0,88.43,24.54,21339,Low
06-09-2025 08:00,Z1,27.92,77.07,0,88.61,26.65,39274,Low
06-09-2025 09:00,Z1,29.7,75.03,0,89.04,27.95,50102,Low
06-09-2025 10:00,Z1,29.49,76.15,0,89.21,27.96,62995,Low
06-09-2025 11:00,Z1,29.69,74.82,0,89.23,28.53,69400,Low
06-09-2025 12:00,Z1,30.19,75.62,0,89.17,28.04,73161,Low
06-09-2025 13:00,Z1,29.83,79.52,0,89.62,27.49,70200,Low
06-09-2025 14:00,Z1,29.5,75.69,0,89.74,27.96,63783,Low
06-09-2025 15:00,Z1,28.9,78.7,0,89.66,27.42,50335,Low
06-09-2025 16:00,Z1,28.96,75.44,0,89.91,28.41,34519,Low
06-09-2025 17:00,Z1,25.98,79.22,0,89.53,24.46,12357,Low
06-09-2025 18:00,Z1,25.95,80.22,0,89.73,24.58,3003,Low
06-09-2025 19:00,Z1,23.81,81.45,0,89.64,22.38,0,Low
06-09-2025 20:00,Z1,24.22,85.11,0,89.4,23.24,1578,Low
06-09-2025 21:00,Z1,22.07,84.28,0,89.21,20.39,0,Low
06-09-2025 22:00,Z1,21.83,87.06,0,89.22,20.93,0,Low
06-09-2025 23:00,Z1,21.03,88.02,0,89.2,19.67,2328,Low
07-09-2025 00:00,Z1,21.81,85.66,0,89.22,20.34,0,Low
07-09-2025 01:00,Z1,21.77,89.22,0,89.03,19.96,0,Low
07-09-2025 02:00,Z1,22.15,82.72,0,88.84,21.07,0,Low
07-09-2025 03:00,Z1,22.66,84.7,0,89.16,20.69,83,Low
07-09-2025 04:00,Z1,23.75,79.73,0,88.57,22.72,0,Low
07-09-2025 05:00,Z1,24.72,84.17,0,88.25,23.99,2213,Low
07-09-2025 06:00,Z1,25.14,80.5,0,88.32,23.73,0,Low
07-09-2025 07:00,Z1,27.75,76.32,0,88.18,25.9,19472,Low
07-09-2025 08:00,Z1,27.59,78.35,0,88.31,25.97,36562,Low
07-09-2025 09:00,Z1,28.17,77.65,0,87.78,26.53,49094,Low
07-09-2025 10:00,Z1,29.36,73.59,0,87.73,27.61,61423,Low
07-09-2025 11:00,Z1,30.41,73.72,0,87.52,29.52,70481,Low
07-09-2025 12:00,Z1,30.17,75.39,0,87.24,28.73,69928,Low
07-09-2025 13:00,Z1,30.72,77.25,1,89.22,28.94,31237,Low
07-09-2025 14:00,Z1,29.73,74.7,0,88.93,28.42,64881,Low
07-09-2025 15:00,Z1,30.05,77.99,0,87.91,28.43,52425,Low
07-09-2025 16:00,Z1,28.24,77.87,0,88.05,26.46,33347,Low
07-09-2025 17:00,Z1,27.43,78.16,0,88.05,25.53,18493,Low
07-09-2025 18:00,Z1,27.15,86.26,1,89.2,25.87,159,Low
07-09-2025 19:00,Z1,24.5,82.2,0,88.85,22.86,1224,Low
07-09-2025 20:00,Z1,24.04,82.23,0,88.89,21.94,0,Low
07-09-2025 21:00,Z1,22.59,83.28,0,89.02,20.91,0,Low
07-09-2025 22:00,Z1,21.72,86.12,0,89.21,20.22,4371,Low
07-09-2025 23:00,Z1,20.33,87.8,0,89.46,19.22,2112,Low
08-09-2025 00:00,Z1,20.82,88.53,0,89.83,19.61,0,Low
08-09-2025 01:00,Z1,21.57,86.39,0,89.67,20.49,6754,Low
08-09-2025 02:00,Z1,21.39,87.56,0,89.71,20.02,2854,Low
08-09-2025 03:00,Z1,22.41,89.02,0,89.02,20.99,0,Low
08-09-2025 04:00,Z1,23.01,85.23,0.5,89.83,21.73,1585,Low
08-09-2025 05:00,Z1,24.06,84.29,0,89.54,22.11,4919,Low
08-09-2025 06:00,Z1,26.73,81.33,0,89.79,25.17,0,Low
08-09-2025 07:00,Z1,26.69,76.51,0,89.99,24.31,18458,Low
08-09-2025 08:00,Z1,28.77,80.58,0,90,26.69,36754,Low
08-09-2025 09:00,Z1,28.65,77.44,0,89.53,26.39,52574,Low
08-09-2025 10:00,Z1,29.64,74.18,0,89.22,27.8,67750,Low
08-09-2025 11:00,Z1,30.14,76.62,0,88.57,29.17,67896,Low
08-09-2025 12:00,Z1,31.39,73.48,0,88.44,29.87,75325,Low
08-09-2025 13:00,Z1,30.12,77.19,0,88.69,28.47,69846,Low
08-09-2025 14:00,Z1,28.99,76.98,0,88.64,26.46,62011,Low
08-09-2025 15:00,Z1,27.89,78.85,0,88.77,25.88,50158,Low
08-09-2025 16:00,Z1,27.82,79.13,0,89.02,26.34,37540,Low
08-09-2025 17:00,Z1,26.73,78.81,0,88.58,25.4,19945,Low
08-09-2025 18:00,Z1,26.11,81.76,0,88.62,24.77,765,Low
08-09-2025 19:00,Z1,24.89,78.06,0,88.18,23.76,0,Low
08-09-2025 20:00,Z1,23.79,90.18,2,90,22.24,612,Low
08-09-2025 21:00,Z1,23.7,90.79,2,90,22.25,0,Low
08-09-2025 22:00,Z1,21.8,85.28,0,90,20.03,1791,Low
08-09-2025 23:00,Z1,21.7,89.02,0,90,21.14,1250,Low
09-09-2025 00:00,Z1,20.38,87.64,0,90,19.3,0,Low
09-09-2025 01:00,Z1,21.21,88.14,0,89.81,19.91,0,Low
09-09-2025 02:00,Z1,22.57,84.62,0,89.77,20.74,0,Low
09-09-2025 03:00,Z1,21.65,86.03,0,89.54,19.86,0,Low
09-09-2025 04:00,Z1,23.74,84.34,0,89.67,22.56,389,Low
09-09-2025 05:00,Z1,24.6,80.5,0,89.84,22.21,376,Low
09-09-2025 06:00,Z1,26.1,77.6,0,89.62,25.04,907,Low
09-09-2025 07:00,Z1,27.67,78.6,0,89.35,27.04,16906,Low
09-09-2025 08:00,Z1,27.49,80.59,0,89.73,26.47,35237,Low
09-09-2025 09:00,Z1,29.04,79.41,0,89.83,27.77,49594,Low
09-09-2025 10:00,Z1,28.87,80.87,0,89.77,26.6,59658,Low
09-09-2025 11:00,Z1,31.44,74.65,0,89.89,30.23,70380,Low
09-09-2025 12:00,Z1,29.82,75.35,0,90,28.11,70889,Low
09-09-2025 13:00,Z1,29.18,78.36,0,90,27.79,74557,Low
09-09-2025 14:00,Z1,29.62,77.72,0,90,28.12,60677,Low
09-09-2025 15:00,Z1,29.23,77.25,0,89.67,27.21,50047,Low
09-09-2025 16:00,Z1,28.83,76.52,0,89.32,28.03,36403,Low
09-09-2025 17:00,Z1,26.87,80.06,0,89.02,25.95,20655,Low
09-09-2025 18:00,Z1,26.73,82.15,0,89.5,25.1,1419,Low
09-09-2025 19:00,Z1,24.55,81.08,0.2,89.72,22.28,0,Low
09-09-2025 20:00,Z1,24.36,82.41,0,89.47,22.65,0,Low
09-09-2025 21:00,Z1,23.29,85.03,0,89.41,21.32,0,Low
09-09-2025 22:00,Z1,22.43,87.57,0,89.39,20.44,416,Low
09-09-2025 23:00,Z1,21.82,83.65,0,89.48,19.84,0,Low
10-09-2025 00:00,Z1,21.65,87.03,0,89.58,20.08,0,Low
10-09-2025 01:00,Z1,20.59,89.62,0,90,19.94,0,Low
10-09-2025 02:00,Z1,21.88,89.29,0,90,20.42,0,Low
10-09-2025 03:00,Z1,22.46,87.74,0,89.85,21.26,0,Low
10-09-2025 04:00,Z1,23.9,84.94,0,90,23.41,2275,Low
10-09-2025 05:00,Z1,24.46,84.1,0,89.97,23.35,437,Low
10-09-2025 06:00,Z1,26.34,81.67,0,90,24.95,3168,Low
10-09-2025 07:00,Z1,27.68,78.93,0,90,26.45,17955,Low
10-09-2025 08:00,Z1,27.98,80.86,0,89.61,25.97,38292,Low
10-09-2025 09:00,Z1,29.39,75.04,0,89.9,27.82,54145,Low
10-09-2025 10:00,Z1,28.62,73.27,0,89.52,27.55,61912,Low
10-09-2025 11:00,Z1,30.59,74.23,0,89.36,28.43,71107,Low
10-09-2025 12:00,Z1,30.48,78.78,0,89.8,29.11,69201,Low
10-09-2025 13:00,Z1,29.66,74.54,0,90,27.53,70316,Low
10-09-2025 14:00,Z1,30.52,73.96,0,90,28.85,64158,Low
10-09-2025 15:00,Z1,28.41,77.71,0,90,26.78,47537,Low
10-09-2025 16:00,Z1,28.98,80.39,0,90,27.27,36294,Low
10-09-2025 17:00,Z1,27.05,81.07,0,89.93,26.02,23326,Low
10-09-2025 18:00,Z1,25.55,78.93,0,90,23.97,1276,Low
10-09-2025 19:00,Z1,25.59,79.9,0,89.62,24.22,0,Low
10-09-2025 20:00,Z1,23.99,84.87,0,89.35,22.62,292,Low
10-09-2025 21:00,Z1,22.89,85.83,0,90,21.02,0,Low
10-09-2025 22:00,Z1,21.87,98,10,90,20.99,0,Low
10-09-2025 23:00,Z1,21.68,86.52,0,89.74,19.57,2956,Low
11-09-2025 00:00,Z1,21.93,90.29,0,89.63,21.22,0,Low
11-09-2025 01:00,Z1,22.09,87.35,0,89.41,20.08,1238,Low
11-09-2025 02:00,Z1,22.18,86.54,0,88.99,21.16,2923,Low
11-09-2025 03:00,Z1,22.68,84.73,0,88.97,20.87,2031,Low
11-09-2025 04:00,Z1,24.59,81.45,0,88.53,23.23,1313,Low
11-09-2025 05:00,Z1,25.43,81.39,0,88.85,24.4,0,Low
11-09-2025 06:00,Z1,26.04,81.98,0,88.61,25.38,0,Low
11-09-2025 07:00,Z1,27.11,78.86,0,88.41,25.25,16317,Low
11-09-2025 08:00,Z1,28.87,75.42,0,88.56,27.21,33692,Low
11-09-2025 09:00,Z1,28.57,77.26,0,88.56,26.93,51886,Low
11-09-2025 10:00,Z1,30.21,75.57,0,88.53,28.52,62485,Low
11-09-2025 11:00,Z1,30.48,77.05,0,88.74,29.52,70076,Low
11-09-2025 12:00,Z1,30.6,75.38,0,88.51,29.3,69509,Low
11-09-2025 13:00,Z1,30.67,74.32,0,88.88,28.94,68454,Low
11-09-2025 14:00,Z1,30.23,74.85,0,88.61,28.87,61779,Low
11-09-2025 15:00,Z1,28.79,78.21,0,88.06,28.09,54649,Low
11-09-2025 16:00,Z1,27.76,78.82,0,87.47,26.14,36265,Low
11-09-2025 17:00,Z1,26.81,76.78,0,87.52,25.65,19577,Low
11-09-2025 18:00,Z1,25.08,84.09,0,87.4,23.4,163,Low
11-09-2025 19:00,Z1,24.57,80.69,0,86.72,23.22,1133,Low
11-09-2025 20:00,Z1,23.42,87.64,0,86.65,21.95,857,Low
11-09-2025 21:00,Z1,22.54,86.7,0,86.29,20.22,0,Low
11-09-2025 22:00,Z1,22.19,84.33,0,86.32,21.08,1246,Low
11-09-2025 23:00,Z1,21.3,86.1,0,86.46,19.53,1468,Low
12-09-2025 00:00,Z1,20.91,87.62,0,86.56,18.71,564,Low
12-09-2025 01:00,Z1,20.53,90.05,0,86.2,19.08,3366,Low
12-09-2025 02:00,Z1,22.39,83.52,0,86.21,21.04,0,Low
12-09-2025 03:00,Z1,22.73,83.7,0,85.89,20.34,1253,Low
12-09-2025 04:00,Z1,23.56,86.86,0,85.96,22.46,3683,Low
12-09-2025 05:00,Z1,24.62,83.17,0,86,23.6,665,Low
12-09-2025 06:00,Z1,25.58,80.99,0,85.86,23.69,2101,Low
12-09-2025 07:00,Z1,27.34,78.77,0,86.02,26.46,19148,Low
12-09-2025 08:00,Z1,28.33,78.6,0,86.42,27.09,38985,Low
12-09-2025 09:00,Z1,29.58,74.25,0,86.56,28.16,51525,Low
12-09-2025 10:00,Z1,30.62,74.25,0,87.01,29.39,64006,Low
12-09-2025 11:00,Z1,31.16,72.87,0,86.91,30.39,72748,Low
12-09-2025 12:00,Z1,30.46,76.75,0,87.09,28.66,75176,Low
12-09-2025 13:00,Z1,30.55,71.04,0,86.98,28.66,69235,Low
12-09-2025 14:00,Z1,30.49,75.23,0,86.97,29.07,59757,Low
12-09-2025 15:00,Z1,28.06,76.69,0,86.99,25.92,50522,Low
12-09-2025 16:00,Z1,28.68,77.23,0,87.26,27.06,37389,Low
12-09-2025 17:00,Z1,27.06,78.98,0,87.22,25.4,19613,Low
12-09-2025 18:00,Z1,26.71,81.3,0,87.27,25.05,0,Low
12-09-2025 19:00,Z1,24.56,80.25,0,87.18,22.7,2556,Low
12-09-2025 20:00,Z1,22.98,85.01,0,86.94,21.55,0,Low
12-09-2025 21:00,Z1,21.83,88.81,0,87.03,20.65,0,Low
12-09-2025 22:00,Z1,21.79,85.19,0,87.22,19.92,1146,Low
12-09-2025 23:00,Z1,20.6,91.15,0,87.09,19.56,4109,Low
13-09-2025 00:00,Z1,20.39,88.56,0,87.15,18.34,3211,Low
13-09-2025 01:00,Z1,22.78,89,0,87.33,21.42,0,Low
13-09-2025 02:00,Z1,22.77,87.61,0,86.93,21.23,311,Low
13-09-2025 03:00,Z1,22.52,87.62,0,86.6,21.15,1466,Low
13-09-2025 04:00,Z1,23.92,86.57,0,86.74,22,841,Low
13-09-2025 05:00,Z1,24.75,84.29,0,86.68,22.7,3225,Low
13-09-2025 06:00,Z1,25.05,83.46,0,86.67,23.32,28,Low
13-09-2025 07:00,Z1,27.41,80.72,0,86.7,25.8,21076,Low
13-09-2025 08:00,Z1,27.83,83.99,2,89.18,26.33,20100,Low
13-09-2025 09:00,Z1,29.23,75.67,0,89.06,27.93,50053,Low
13-09-2025 10:00,Z1,30.05,76.42,0,89.18,28.67,62818,Low
13-09-2025 11:00,Z1,30.44,75.72,0,88.96,28.98,72342,Low
13-09-2025 12:00,Z1,31.04,75.53,0,88.61,29.43,71872,Low
13-09-2025 13:00,Z1,29.59,75.95,0,88.89,28.24,70809,Low
13-09-2025 14:00,Z1,29.48,74.18,0,88.73,28.07,61437,Low
13-09-2025 15:00,Z1,28.98,76.61,0,88.65,26.84,47493,Low
13-09-2025 16:00,Z1,27.07,81.12,0.2,88.38,24.95,18693,Low
13-09-2025 17:00,Z1,25.58,80.67,0,88.19,24.19,21963,Low
13-09-2025 18:00,Z1,24.88,84.36,0,88.43,23.96,0,Low
13-09-2025 19:00,Z1,25.47,82.61,0,88.76,23.86,0,Low
13-09-2025 20:00,Z1,23.41,85.05,0,88.27,22.5,0,Low
13-09-2025 21:00,Z1,22.43,84.78,0,88.23,20.66,0,Low
13-09-2025 22:00,Z1,21.93,88.72,0,87.69,20.76,0,Low
13-09-2025 23:00,Z1,22.03,86.35,0,87.57,20.83,0,Low
14-09-2025 00:00,Z1,20.81,90.56,0,88.05,19.48,0,Low
14-09-2025 01:00,Z1,21.69,86.08,0,88.85,20.29,0,Low
14-09-2025 02:00,Z1,22.9,86.34,0,89.02,21.5,0,Low
14-09-2025 03:00,Z1,23.79,83.21,0,88.69,21.88,2991,Low
14-09-2025 04:00,Z1,22.53,84.99,0,88.57,20.58,795,Low
14-09-2025 05:00,Z1,24.23,84.64,0,88.67,22.58,395,Low
14-09-2025 06:00,Z1,26.44,79.08,0,88.75,24.16,672,Low
14-09-2025 07:00,Z1,26.61,78.77,0,88.84,24.77,18894,Low
14-09-2025 08:00,Z1,27.09,81.16,0,88.92,25.5,37874,Low
14-09-2025 09:00,Z1,30.24,73.25,0,88.83,29.35,53067,Low
14-09-2025 10:00,Z1,29.2,75.58,0,88.66,27.66,60157,Low
14-09-2025 11:00,Z1,29.38,76.82,0,88.67,27.64,67951,Low
14-09-2025 12:00,Z1,30.22,73.96,0,88.57,28.16,73743,Low
14-09-2025 13:00,Z1,30.27,74.96,0,88.93,28.59,67677,Low
14-09-2025 14:00,Z1,29.7,76.31,0,88.78,28.07,63853,Low
14-09-2025 15:00,Z1,28.48,77.73,0,88.94,26.68,46589,Low
14-09-2025 16:00,Z1,28.34,80.19,0,88.93,26.39,38827,Low
14-09-2025 17:00,Z1,26.87,88.08,2,90,25.39,11267,Low
14-09-2025 18:00,Z1,26.1,79.3,0,90,24.76,0,Low
14-09-2025 19:00,Z1,24.74,80.75,0,89.75,23.09,0,Low
14-09-2025 20:00,Z1,24.7,84.57,0,90,23.29,1616,Low
14-09-2025 21:00,Z1,22.82,86.61,0,89.81,21.07,1273,Low
14-09-2025 22:00,Z1,21.77,83.97,0,90,20.75,0,Low
14-09-2025 23:00,Z1,21.32,90.49,0.2,90,19.98,0,Low
15-09-2025 00:00,Z1,20.87,91.21,0,89.89,19.25,768,Low
15-09-2025 01:00,Z1,21.73,87.08,0,89.57,20.48,1737,Low
15-09-2025 02:00,Z1,23.22,86.34,0,89.35,21.11,0,Low
15-09-2025 03:00,Z1,22.79,85.2,0,88.79,21.39,1653,Low
15-09-2025 04:00,Z1,23.7,86.7,0,88.6,22.35,0,Low
15-09-2025 05:00,Z1,24.63,83.56,0,88.8,23.43,0,Low
15-09-2025 06:00,Z1,25.93,82.87,0,88.76,24.47,0,Low
15-09-2025 07:00,Z1,27.39,76.71,0,88.51,25.93,21502,Low
15-09-2025 08:00,Z1,29.1,73.22,0,88.47,27.49,34984,Low
15-09-2025 09:00,Z1,29.16,78.36,0,88,27.55,52079,Low
15-09-2025 10:00,Z1,30.58,74.2,0,88.03,28.99,64744,Low
15-09-2025 11:00,Z1,29.99,76.02,0,88.35,28.2,67694,Low
15-09-2025 12:00,Z1,31.4,72.86,0,87.99,29.16,74645,Low
15-09-2025 13:00,Z1,30.18,76.36,0,87.22,29.09,68739,Low
15-09-2025 14:00,Z1,29.65,76.16,0,87.53,28.23,59660,Low
15-09-2025 15:00,Z1,29.7,79.29,0,87.2,28.53,52819,Low
15-09-2025 16:00,Z1,28.42,77.83,0,87.53,27.53,35696,Low
15-09-2025 17:00,Z1,27.56,77.88,0,87.1,26.18,17038,Low
15-09-2025 18:00,Z1,25.56,82.93,0,87.03,23.79,0,Low
15-09-2025 19:00,Z1,24.36,79.5,0,87.17,22.95,721,Low
15-09-2025 20:00,Z1,24.86,79.85,0,87.04,23.49,1467,Low
15-09-2025 21:00,Z1,23.06,87.51,0,86.71,21.36,940,Low
15-09-2025 22:00,Z1,21.78,86.14,0,85.86,20.12,0,Low
15-09-2025 23:00,Z1,20.59,89.83,0,86.27,19.65,0,Low
16-09-2025 00:00,Z1,21.56,89.18,0,86.41,20.89,0,Low
16-09-2025 01:00,Z1,22.08,85.82,0,86.41,20.76,2504,Low
16-09-2025 02:00,Z1,21.98,87.55,0,86.77,20.41,0,Low
16-09-2025 03:00,Z1,23.24,87.52,0,86.31,21.54,0,Low
16-09-2025 04:00,Z1,24.03,82.75,0,86.4,22.13,0,Low
16-09-2025 05:00,Z1,25.35,80.64,0,86.42,23.5,724,Low
16-09-2025 06:00,Z1,25.5,84.94,1,88.12,23.19,4803,Low
16-09-2025 07:00,Z1,26.89,78.41,0,88.06,24.79,18498,Low
16-09-2025 08:00,Z1,28.01,75.03,0,88.03,26.6,36748,Low
16-09-2025 09:00,Z1,29.39,76.11,0,88.32,27.62,51541,Low
16-09-2025 10:00,Z1,30.71,75.06,0,87.72,28.69,64963,Low
16-09-2025 11:00,Z1,30.22,75.5,0,87.49,28.21,68856,Low
16-09-2025 12:00,Z1,30.17,73.39,0,87.55,29.08,72537,Low
16-09-2025 13:00,Z1,30.63,77.1,0,87.58,29.13,67493,Low
16-09-2025 14:00,Z1,28.97,78.52,0,87.83,28.22,60802,Low
16-09-2025 15:00,Z1,29.07,77.12,0,88.54,27.67,51881,Low
16-09-2025 16:00,Z1,27.67,78.78,0,88.06,26.27,37229,Low
16-09-2025 17:00,Z1,27.42,78.92,0,88.48,25.52,19719,Low
16-09-2025 18:00,Z1,25.26,80.06,0,88.35,23.58,1355,Low
16-09-2025 19:00,Z1,24.89,95.53,5,90,23.3,1189,Low
16-09-2025 20:00,Z1,23.67,82.82,0,89.56,22.35,0,Low
16-09-2025 21:00,Z1,21.95,88.65,0,89.93,20.51,2539,Low
16-09-2025 22:00,Z1,21.71,88.57,0,89.55,20.79,812,Low
16-09-2025 23:00,Z1,21.9,87.81,0,89.32,19.94,0,Low
17-09-2025 00:00,Z1,21.49,85.28,0,89.6,19.68,673,Low
17-09-2025 01:00,Z1,21.48,86.24,0,89.63,19.85,0,Low
17-09-2025 02:00,Z1,21.83,88.43,0,89.07,21.89,127,Low
17-09-2025 03:00,Z1,21.87,86.31,0,89.16,20.3,0,Low
17-09-2025 04:00,Z1,23.87,83.05,0,89.23,22.99,2142,Low
17-09-2025 05:00,Z1,24.85,85.52,0,89.45,23.22,0,Low
17-09-2025 06:00,Z1,25.33,80.78,0,89.53,23.88,2490,Low
17-09-2025 07:00,Z1,27.63,79.53,0,89.73,26.65,23246,Low
17-09-2025 08:00,Z1,28.74,73.34,0,89.48,27.09,35590,Low
17-09-2025 09:00,Z1,29.01,77.06,0,89.1,27.06,51140,Low
17-09-2025 10:00,Z1,30.04,73.8,0,88.59,29.21,61435,Low
17-09-2025 11:00,Z1,30.56,73.94,0.2,88.63,29.2,32735,Low
17-09-2025 12:00,Z1,31.04,75.7,0,88.21,29.98,74337,Low
17-09-2025 13:00,Z1,29.92,73.16,0,88.24,28.32,68684,Low
17-09-2025 14:00,Z1,30.21,73.85,0,87.99,28.94,62041,Low
17-09-2025 15:00,Z1,28.57,76.61,0,88.13,26.88,52023,Low
17-09-2025 16:00,Z1,27.51,79,0,88.12,25.86,35940,Low
17-09-2025 17:00,Z1,27.1,77.15,0,88.18,25.61,17995,Low
17-09-2025 18:00,Z1,25.09,80.18,0,88.08,24.07,3425,Low
17-09-2025 19:00,Z1,25.07,81.74,0.5,88.71,24.01,0,Low
17-09-2025 20:00,Z1,24.2,82.76,0,88.44,22.88,0,Low
17-09-2025 21:00,Z1,23.69,85.84,0,88.08,22.21,1869,Low
17-09-2025 22:00,Z1,21.25,88.7,0,88.47,19.66,4645,Low
17-09-2025 23:00,Z1,21.13,89.16,0,88.84,19.84,1308,Low
18-09-2025 00:00,Z1,21.46,85.4,0,89.12,19.94,453,Low
18-09-2025 01:00,Z1,21.06,87.4,0,88.88,19.89,1376,Low
18-09-2025 02:00,Z1,21.57,87.21,0,89.11,20.58,247,Low
18-09-2025 03:00,Z1,22.38,89.21,0,89.02,21.59,4044,Low
18-09-2025 04:00,Z1,23.28,84.95,0.2,89.31,22.14,2601,Low
18-09-2025 05:00,Z1,24.89,83.71,0,89.48,23.22,783,Low
18-09-2025 06:00,Z1,25.43,82.93,0,89.6,24.13,0,Low
18-09-2025 07:00,Z1,27.11,78.04,0,89.81,25.36,16809,Low
18-09-2025 08:00,Z1,27.83,81.96,0.2,89.47,26.51,16198,Low
18-09-2025 09:00,Z1,29.4,76.58,0,89.31,28.61,48525,Low
18-09-2025 10:00,Z1,29.34,78.81,0,88.81,27.36,62736,Low
18-09-2025 11:00,Z1,29.05,75.36,0,88.56,27.67,70538,Low
18-09-2025 12:00,Z1,30.47,76.8,0,88.27,29.31,70457,Low
18-09-2025 13:00,Z1,30.8,75.71,0,88.46,29.29,66915,Low
18-09-2025 14:00,Z1,30.08,73.91,0,88.59,28.03,65942,Low
18-09-2025 15:00,Z1,29.54,78.6,0,88.03,28.08,51402,Low
18-09-2025 16:00,Z1,28.72,78,0,87.84,27.34,34917,Low
18-09-2025 17:00,Z1,27.44,82.46,0,87.72,25.89,18882,Low
18-09-2025 18:00,Z1,25.98,81.75,0,87.82,25.18,419,Low
18-09-2025 19:00,Z1,24.34,96.26,5,90,23.51,0,Low
18-09-2025 20:00,Z1,22.79,87.15,0.5,90,21.84,476,Low
18-09-2025 21:00,Z1,22.56,86.5,0,89.84,21.5,431,Low
18-09-2025 22:00,Z1,22.28,87.76,0,89.48,20.64,0,Low
18-09-2025 23:00,Z1,22.67,83.22,0,89.63,21.1,547,Low
19-09-2025 00:00,Z1,20.57,89.88,0,89.26,20.06,3012,Low
19-09-2025 01:00,Z1,21.49,90.1,0,89.11,20.22,1346,Low
19-09-2025 02:00,Z1,22.13,82.54,0,88.92,20.4,0,Low
19-09-2025 03:00,Z1,22.68,87.92,0,88.69,21.14,0,Low
19-09-2025 04:00,Z1,23.73,84.88,0,88.32,21.23,867,Low
19-09-2025 05:00,Z1,25.16,79.19,0,88.43,24.75,0,Low
19-09-2025 06:00,Z1,25.21,82.59,0,88.32,24.13,0,Low
19-09-2025 07:00,Z1,26.35,77.11,0,88.23,24.55,20670,Low
19-09-2025 08:00,Z1,27.66,78.99,0,88.14,26.85,38235,Low
19-09-2025 09:00,Z1,29.11,75.01,0,88.12,27.18,49997,Low
19-09-2025 10:00,Z1,29.43,77.01,0,88.02,27.81,64778,Low
19-09-2025 11:00,Z1,28.76,77.93,0,87.66,27.47,72585,Low
19-09-2025 12:00,Z1,30.95,75.12,0,87.55,29.48,72712,Low
19-09-2025 13:00,Z1,31.16,75.7,0,87.71,29.41,66707,Low
19-09-2025 14:00,Z1,31.55,70.83,0,88.29,30.38,60187,Low
19-09-2025 15:00,Z1,29.73,75.64,0,88.32,27.82,50242,Low
19-09-2025 16:00,Z1,28.34,78.15,0,88.3,26.84,36428,Low
19-09-2025 17:00,Z1,27.98,75.42,0,88.16,26.32,18655,Low
19-09-2025 18:00,Z1,25.84,77.69,0,87.31,23.86,0,Low
19-09-2025 19:00,Z1,25.53,81.2,0,87.66,23.66,0,Low
19-09-2025 20:00,Z1,23.71,83.15,0,87.27,22.56,0,Low
19-09-2025 21:00,Z1,21.83,87.01,0,86.79,19.99,2323,Low
19-09-2025 22:00,Z1,21.62,86.17,0,86.6,20.65,1031,Low
19-09-2025 23:00,Z1,22.04,86.46,0,86.73,20.84,0,Low
20-09-2025 00:00,Z1,20.59,89.71,0,86.69,19.08,0,Low
20-09-2025 01:00,Z1,21.91,86.34,0,86.53,20.46,1527,Low
20-09-2025 02:00,Z1,22.31,85.41,0,86.79,21.11,0,Low
20-09-2025 03:00,Z1,22.79,86.1,0,86.86,21.32,274,Low
20-09-2025 04:00,Z1,23.79,84.21,0,86.83,22.53,628,Low
20-09-2025 05:00,Z1,24.14,81,0,86.83,22.75,0,Low
20-09-2025 06:00,Z1,26.85,81.67,0,86.5,24.59,891,Low
20-09-2025 07:00,Z1,27.21,76.91,0,86.42,25.43,18664,Low
20-09-2025 08:00,Z1,27.84,77.9,0.2,86.88,25.85,19621,Low
20-09-2025 09:00,Z1,29.76,79.34,0,87.14,28.38,51415,Low
20-09-2025 10:00,Z1,29.01,76.93,0,87.41,27.82,63350,Low
20-09-2025 11:00,Z1,31.39,73.09,0,87.11,29.24,69946,Low
20-09-2025 12:00,Z1,29.73,74.87,0,86.77,27.98,67996,Low
20-09-2025 13:00,Z1,30.78,76.72,0,86.76,29.89,71109,Low
20-09-2025 14:00,Z1,29.28,77.55,0,86.11,27.93,67499,Low
20-09-2025 15:00,Z1,29.14,75.19,0,85.78,27.38,51402,Low
20-09-2025 16:00,Z1,28.48,74.97,0,85.67,26.84,39529,Low
20-09-2025 17:00,Z1,27.15,86.32,2,88.14,25.71,11238,Low
20-09-2025 18:00,Z1,26.47,78.58,0,88.06,25.46,199,Low
20-09-2025 19:00,Z1,25.83,82.19,0,88.36,24.47,0,Low
20-09-2025 20:00,Z1,23.14,84.06,0,87.77,21.66,2997,Low
20-09-2025 21:00,Z1,23.44,84.51,0,87.77,22.24,0,Low
20-09-2025 22:00,Z1,22.12,86.33,0,87.59,20.62,355,Low
20-09-2025 23:00,Z1,22.32,86.44,0,87.87,20.66,1709,Low
21-09-2025 00:00,Z1,21.4,85.63,0,87.69,19.45,1013,Low
21-09-2025 01:00,Z1,21.3,89.33,0,87.74,19.73,631,Low
21-09-2025 02:00,Z1,21.8,89.7,0,87.54,20.33,0,Low
21-09-2025 03:00,Z1,23.01,85.44,0,87.41,21.6,1547,Low
21-09-2025 04:00,Z1,23.18,86.5,0,87.23,21.89,2372,Low
21-09-2025 05:00,Z1,24.48,86.05,0,87,23.32,0,Low
21-09-2025 06:00,Z1,25.48,80.16,0,87.25,23.77,2316,Low
21-09-2025 07:00,Z1,26.77,78.11,0,86.92,24.81,19360,Low
21-09-2025 08:00,Z1,28.39,79.55,0,87.06,26.66,35508,Low
21-09-2025 09:00,Z1,28.94,78.52,0,86.71,27.41,48940,Low
21-09-2025 10:00,Z1,29.39,74.88,0,86.69,27.39,61832,Low
21-09-2025 11:00,Z1,31.17,76.06,0,86.64,29.37,71102,Low
21-09-2025 12:00,Z1,29.27,77.2,0,86.59,27.81,69737,Low
21-09-2025 13:00,Z1,30.35,76.55,0,86.07,28,67289,Low
21-09-2025 14:00,Z1,29.89,72.05,0,85.99,28.61,62229,Low
21-09-2025 15:00,Z1,29.76,75.69,0,85.81,27.94,53993,Low
21-09-2025 16:00,Z1,27.43,80.88,0,86.33,26.48,33656,Low
21-09-2025 17:00,Z1,27.11,74.29,0,86.4,25.25,18100,Low
21-09-2025 18:00,Z1,26.33,79.2,0,85.93,24.43,0,Low
21-09-2025 19:00,Z1,24.9,81.96,0,85.76,23.16,0,Low
21-09-2025 20:00,Z1,23.56,88.45,0,85.93,22.25,0,Low
21-09-2025 21:00,Z1,21.61,86.1,0,85.57,19.94,0,Low
21-09-2025 22:00,Z1,21.72,87.59,0,86.38,20.41,0,Low
21-09-2025 23:00,Z1,21.05,85.55,0,86.47,19.7,1652,Low
22-09-2025 00:00,Z1,21.18,87.5,0,86.59,19.48,1670,Low
22-09-2025 01:00,Z1,21.73,87.53,0,86.3,20.7,2377,Low
22-09-2025 02:00,Z1,20.89,88.88,0,86.07,19.48,0,Low
22-09-2025 03:00,Z1,23.55,83.11,0,86.15,22.16,363,Low
22-09-2025 04:00,Z1,22.52,85.02,0,86.53,20.54,895,Low
22-09-2025 05:00,Z1,25.52,80.29,0,86.86,23.98,1861,Low
22-09-2025 06:00,Z1,24.99,82.88,0,86.47,23.67,0,Low
22-09-2025 07:00,Z1,27.23,78.1,0,86.2,25.64,20773,Low
22-09-2025 08:00,Z1,28.35,76.95,0,86.22,27.01,32945,Low
22-09-2025 09:00,Z1,28.57,79.91,0,86.38,27.55,53779,Low
22-09-2025 10:00,Z1,29.95,77.08,0,86.33,28.11,58923,Low
22-09-2025 11:00,Z1,30.29,73.81,0,86.01,29.16,71106,Low
22-09-2025 12:00,Z1,30.1,77.15,0,86.2,28.93,72355,Low
22-09-2025 13:00,Z1,30.14,76.5,0,85.66,28.75,66392,Low
22-09-2025 14:00,Z1,29.5,75.09,0,85.58,27.72,64097,Low
22-09-2025 15:00,Z1,29.91,79.29,0,85.37,28.17,51954,Low
22-09-2025 16:00,Z1,28.92,77.88,0,85.05,27.49,34587,Low
22-09-2025 17:00,Z1,27.77,82.23,0,84.94,26.88,15772,Low
22-09-2025 18:00,Z1,26.35,83.1,0,84.31,24.84,402,Low
22-09-2025 19:00,Z1,25.12,80.85,0,83.6,24.07,0,Low
22-09-2025 20:00,Z1,23.86,82.97,0,82.6,21.75,0,Low
22-09-2025 21:00,Z1,22.47,86.22,1,83.53,21.13,1943,Low
22-09-2025 22:00,Z1,21.96,86.23,0,83.45,20.33,0,Low
22-09-2025 23:00,Z1,20.21,86.99,0,83.38,18.76,0,Low
23-09-2025 00:00,Z1,20.86,89.78,0,83.83,18.74,866,Low
23-09-2025 01:00,Z1,19.75,92.5,0,84.17,17.61,1589,Low
23-09-2025 02:00,Z1,22.82,88.95,0,84.05,21.16,433,Low
23-09-2025 03:00,Z1,21.97,83.6,0,84.49,20.11,0,Low
23-09-2025 04:00,Z1,23.6,81.12,0,84.31,22.08,0,Low
23-09-2025 05:00,Z1,25.25,81.45,0,84.3,23.26,0,Low
23-09-2025 06:00,Z1,26.21,81.13,0,84.06,24.94,87,Low
23-09-2025 07:00,Z1,26.68,82.36,0.5,84.61,25.1,7891,Low
23-09-2025 08:00,Z1,27.95,78.34,0,85.08,26.85,36404,Low
23-09-2025 09:00,Z1,28.14,79.17,0.2,85.16,26.53,23225,Low
23-09-2025 10:00,Z1,29.44,78.67,0,85.04,27.28,62922,Low
23-09-2025 11:00,Z1,29.84,74.3,0,84.6,28.79,68448,Low
23-09-2025 12:00,Z1,30.76,73.55,0,84.94,29.37,71585,Low
23-09-2025 13:00,Z1,29.73,76.92,0,84.64,28.54,69137,Low
23-09-2025 14:00,Z1,29.01,79.08,0.2,84.43,27.52,30109,Low
23-09-2025 15:00,Z1,29.06,79.27,0,84.17,27.32,51267,Low
23-09-2025 16:00,Z1,28.32,78.89,0,83.54,26.56,37219,Low
23-09-2025 17:00,Z1,26.26,93.94,5,89,24.67,7615,Low
23-09-2025 18:00,Z1,26.55,78.62,0,89.16,25.02,0,Low
23-09-2025 19:00,Z1,24.72,83.64,0,88.68,23.5,0,Low
23-09-2025 20:00,Z1,23.43,82.83,0,88.81,21.96,0,Low
23-09-2025 21:00,Z1,22.22,86.8,0,88.76,20.58,0,Low
23-09-2025 22:00,Z1,22.34,84.59,0,88.57,21.25,0,Low
23-09-2025 23:00,Z1,22.53,83.31,0,88.55,21.47,3384,Low
24-09-2025 00:00,Z1,21.1,85.88,0,89.08,20.07,0,Low
24-09-2025 01:00,Z1,21.71,85.59,0.2,88.53,19.94,1373,Low
24-09-2025 02:00,Z1,21.38,88.61,0,88.86,20.14,0,Low
24-09-2025 03:00,Z1,22.27,90.15,0,89.09,20.64,0,Low
24-09-2025 04:00,Z1,23.56,80.44,0,89.1,23.25,448,Low
24-09-2025 05:00,Z1,24.29,83.82,0,89.26,23.2,578,Low
24-09-2025 06:00,Z1,26.19,81.32,0,89.37,25.08,0,Low
24-09-2025 07:00,Z1,27.52,77.72,0,88.63,25.9,20813,Low
24-09-2025 08:00,Z1,28.48,79.13,0,88.53,26.73,36390,Low
24-09-2025 09:00,Z1,29.03,78.07,0,88.09,27.43,49722,Low
24-09-2025 10:00,Z1,30.51,76.01,0,88.17,28.56,61784,Low
24-09-2025 11:00,Z1,30.9,73.66,0,88.1,29.43,68613,Low
24-09-2025 12:00,Z1,30.33,74.6,0,88.07,28.9,70446,Low
24-09-2025 13:00,Z1,29.45,78.42,0,88.25,27.58,70655,Low
24-09-2025 14:00,Z1,30.76,74.63,0,88.27,29.5,59520,Low
24-09-2025 15:00,Z1,28.08,79.77,0,88.19,26.41,49155,Low
24-09-2025 16:00,Z1,27.71,77.6,0,88.47,26.21,33733,Low
24-09-2025 17:00,Z1,27.94,77.12,0,88.86,27.11,18261,Low
24-09-2025 18:00,Z1,25.9,82.52,0,88.63,24.63,0,Low
24-09-2025 19:00,Z1,24.03,97.54,5,90,22.66,0,Low
24-09-2025 20:00,Z1,23.93,86.46,0,89.48,22.87,817,Low
24-09-2025 21:00,Z1,22.33,86.39,0,89.1,20.2,0,Low
24-09-2025 22:00,Z1,23.04,86.01,0,89.06,21.46,0,Low
24-09-2025 23:00,Z1,19.79,92.49,0,89.01,18.22,982,Low
25-09-2025 00:00,Z1,21.77,84.47,0,88.92,20.12,372,Low
25-09-2025 01:00,Z1,20.98,88.36,0,89.05,19.69,1357,Low
25-09-2025 02:00,Z1,21.2,86.08,0,88.9,19.75,1932,Low
25-09-2025 03:00,Z1,22.99,84.99,0,89,21.46,2185,Low
25-09-2025 04:00,Z1,23.84,85.83,0,88.64,22.62,1799,Low
25-09-2025 05:00,Z1,23.79,98,10,90,22.83,725,Low
25-09-2025 06:00,Z1,25.19,81.06,0,90,24.22,0,Low
25-09-2025 07:00,Z1,27.78,80.03,0,89.58,25.91,17247,Low
25-09-2025 08:00,Z1,27.91,76.03,0,89.87,26.57,31044,Low
25-09-2025 09:00,Z1,29.48,79.28,0,89.24,27.03,53561,Low
25-09-2025 10:00,Z1,29.91,73.14,0,89.15,28.06,64280,Low
25-09-2025 11:00,Z1,29.54,75.36,0,89.18,27.66,70868,Low
25-09-2025 12:00,Z1,30.51,68.51,0,89.01,29.2,71100,Low
25-09-2025 13:00,Z1,30.85,75.1,0,88.91,29.46,71197,Low
25-09-2025 14:00,Z1,29.43,75.47,0,89.39,27.74,64053,Low
25-09-2025 15:00,Z1,29.63,73.21,0,89.75,28.15,49582,Low
25-09-2025 16:00,Z1,27.8,79.26,0,89.69,26.03,39354,Low
25-09-2025 17:00,Z1,27.37,80.98,0,89.84,26.03,20843,Low
25-09-2025 18:00,Z1,25.74,81.13,0,88.98,23.16,0,Low
25-09-2025 19:00,Z1,24.58,82.9,0,89.01,23.14,605,Low
25-09-2025 20:00,Z1,23.76,81.67,0,89.01,22.35,79,Low
25-09-2025 21:00,Z1,22.51,86.2,0,89.05,21.05,2594,Low
25-09-2025 22:00,Z1,21.85,89.62,0.2,89.45,20.47,0,Low
25-09-2025 23:00,Z1,19.92,89.42,0,89.25,18.65,0,Low
26-09-2025 00:00,Z1,20.58,89.05,0,89.46,18.64,2732,Low
26-09-2025 01:00,Z1,22.68,84.65,0,89.64,20.87,0,Low
26-09-2025 02:00,Z1,22.01,87.25,0,89.51,20.64,0,Low
26-09-2025 03:00,Z1,22.33,84.72,0,89.25,20.05,0,Low
26-09-2025 04:00,Z1,24.21,85.53,0,88.85,23.03,3668,Low
26-09-2025 05:00,Z1,24.56,82.11,0,88.6,23.93,438,Low
26-09-2025 06:00,Z1,25.57,81.05,0,88.23,24.12,0,Low
26-09-2025 07:00,Z1,26.56,77.76,0,88.47,24.9,18327,Low
26-09-2025 08:00,Z1,27.67,79.24,0,88.91,25.99,37381,Low
26-09-2025 09:00,Z1,29.17,77.69,0,88.96,27.53,49318,Low
26-09-2025 10:00,Z1,30.46,72.09,0,88.69,27.61,60404,Low
26-09-2025 11:00,Z1,30.2,74.09,0,88.68,28.89,68586,Low
26-09-2025 12:00,Z1,31.21,76.1,0,88.78,29.09,72504,Low
26-09-2025 13:00,Z1,30.69,76.89,0,88.52,29.07,69653,Low
26-09-2025 14:00,Z1,29.45,74.52,0,88.67,28.13,62548,Low
26-09-2025 15:00,Z1,28.31,79.92,0,88.7,26.91,49381,Low
26-09-2025 16:00,Z1,27.14,79.88,0.2,88.93,25.45,19951,Low
26-09-2025 17:00,Z1,26.21,78.05,0,89.15,24.41,18228,Low
26-09-2025 18:00,Z1,25.74,78.79,0,88.4,24.57,824,Low
26-09-2025 19:00,Z1,24.81,81.12,0,88.32,23.6,0,Low
26-09-2025 20:00,Z1,23.01,85.78,0,88.75,21.63,1142,Low
26-09-2025 21:00,Z1,22.34,82.38,0,88.73,21.09,804,Low
26-09-2025 22:00,Z1,21.7,86.38,0,88.88,20.29,1683,Low
26-09-2025 23:00,Z1,20.86,87.42,0,88.82,19.14,0,Low
27-09-2025 00:00,Z1,21.61,83.12,0,88.43,20.19,0,Low
27-09-2025 01:00,Z1,21.78,86.84,0,88.24,20.11,0,Low
27-09-2025 02:00,Z1,22.36,85.89,0.2,87.97,21.09,1651,Low
27-09-2025 03:00,Z1,21.63,88.16,1,89.77,19.8,4882,Low
27-09-2025 04:00,Z1,23.42,85.57,0,89.29,20.61,875,Low
27-09-2025 05:00,Z1,24.54,83.14,0,89.64,23.09,0,Low
27-09-2025 06:00,Z1,25.81,80.34,0,89.64,24.82,2847,Low
27-09-2025 07:00,Z1,27.08,80,0,89.43,25.59,17885,Low
27-09-2025 08:00,Z1,27.49,77.68,0,89.44,25.9,38415,Low
27-09-2025 09:00,Z1,29.84,75.42,0,89.32,28.52,49960,Low
27-09-2025 10:00,Z1,30.05,76.29,0,89.31,28.11,64872,Low
27-09-2025 11:00,Z1,30.96,75.87,0,89.05,30.02,71563,Low
27-09-2025 12:00,Z1,31.32,72.89,0,88.91,29.3,73570,Low
27-09-2025 13:00,Z1,29.52,74.33,0,88.95,27.86,67907,Low
27-09-2025 14:00,Z1,29.23,74.19,0,88.43,27.34,63146,Low
27-09-2025 15:00,Z1,30.02,75.61,0,88.19,28.08,52163,Low
27-09-2025 16:00,Z1,28.7,77.45,0,87.7,26.62,38592,Low
27-09-2025 17:00,Z1,27.82,78.19,0,87.78,26.12,20986,Low
27-09-2025 18:00,Z1,24.69,82.94,0,87.41,23.67,0,Low
27-09-2025 19:00,Z1,25.38,81.76,0,87.55,24.15,369,Low
27-09-2025 20:00,Z1,23.5,83.64,0,87.62,22.22,43,Low
27-09-2025 21:00,Z1,23.45,83.17,0,87.46,21.77,0,Low
27-09-2025 22:00,Z1,22.66,84.49,0,87.14,20.93,0,Low
27-09-2025 23:00,Z1,22.96,87.49,0,86.62,20.45,25,Low
28-09-2025 00:00,Z1,21.33,84.1,0,86.62,20.05,972,Low
28-09-2025 01:00,Z1,21.07,88.2,0,86.79,18.53,0,Low
28-09-2025 02:00,Z1,21.46,86.6,0,87.03,19.87,63,Low
28-09-2025 03:00,Z1,22.53,88.14,0,87.65,21.76,0,Low
28-09-2025 04:00,Z1,23.28,89.23,0,87.52,20.81,3613,Low
28-09-2025 05:00,Z1,25.32,82.17,0,87.43,23.58,0,Low
28-09-2025 06:00,Z1,25.88,83.78,0,87.61,23.93,0,Low
28-09-2025 07:00,Z1,27.19,81.01,0,87.65,25.02,21617,Low
28-09-2025 08:00,Z1,27.74,81.1,0,87.48,26.59,38185,Low
28-09-2025 09:00,Z1,30.01,74.15,0,87.68,28.73,51114,Low
28-09-2025 10:00,Z1,28.79,74.09,0,88.26,28.11,62369,Low
28-09-2025 11:00,Z1,30.26,77.28,1,89.02,28.87,32565,Low
28-09-2025 12:00,Z1,30.45,76.8,0,88.13,29.07,73013,Low
28-09-2025 13:00,Z1,29.91,78.6,0,87.93,28.81,72514,Low
28-09-2025 14:00,Z1,29.06,77.39,0,88.07,28.23,59441,Low
28-09-2025 15:00,Z1,29.39,77.5,0,88.36,27.93,49394,Low
28-09-2025 16:00,Z1,28.18,79.9,0,87.81,26.53,36586,Low
28-09-2025 17:00,Z1,26.56,83.26,0,87.67,25.58,18207,Low
28-09-2025 18:00,Z1,25.49,82.57,0,87.8,24.4,2712,Low
28-09-2025 19:00,Z1,25.3,81.53,0,87.66,23.02,0,Low
28-09-2025 20:00,Z1,23.73,84.04,0,87.6,21.88,0,Low
28-09-2025 21:00,Z1,22.97,79.68,0,87.76,20.88,599,Low
28-09-2025 22:00,Z1,21.85,85.63,0,88.25,20.18,2470,Low
28-09-2025 23:00,Z1,21.6,88.54,0,88.2,19.81,0,Low
29-09-2025 00:00,Z1,20.78,88.22,0,88.39,19.05,0,Low
29-09-2025 01:00,Z1,22.34,84.83,0,88.25,21.18,0,Low
29-09-2025 02:00,Z1,21.64,83.7,0,88.29,20.4,0,Low
29-09-2025 03:00,Z1,23.68,85.37,0,88.73,22.18,0,Low
29-09-2025 04:00,Z1,23.32,81.29,0,88.26,21.82,0,Low
29-09-2025 05:00,Z1,24.43,82.3,0,87.8,22.84,144,Low
29-09-2025 06:00,Z1,26.42,78.85,0,88.24,24.67,0,Low
29-09-2025 07:00,Z1,27.6,79.42,0,88.03,26.67,18876,Low
29-09-2025 08:00,Z1,28.9,74.83,0,87.99,27.72,37643,Low
29-09-2025 09:00,Z1,28.75,75.93,0,87.51,27.25,51778,Low
29-09-2025 10:00,Z1,30.01,78.67,0,87.16,28.2,62562,Low
29-09-2025 11:00,Z1,30.29,74.7,0,86.43,28.88,71612,Low
29-09-2025 12:00,Z1,30.49,76.83,0,85.68,29.09,72874,Low
29-09-2025 13:00,Z1,30.01,75.33,0,85.81,27.86,70389,Low
29-09-2025 14:00,Z1,29.12,79.41,1,87.14,26.95,26728,Low
29-09-2025 15:00,Z1,29.33,74.69,0,87.03,27.95,50198,Low
29-09-2025 16:00,Z1,27.78,78.56,0,87.01,26.26,35333,Low
29-09-2025 17:00,Z1,27,78.88,0,86.87,24.68,18273,Low
29-09-2025 18:00,Z1,25.74,80.57,0,86.92,24.92,0,Low
29-09-2025 19:00,Z1,25.12,79.9,0,86.82,22.59,0,Low
29-09-2025 20:00,Z1,22.57,84.46,0,86.39,21.12,0,Low
29-09-2025 21:00,Z1,22.06,86.89,0,86.53,20.76,1547,Low
29-09-2025 22:00,Z1,22.19,86.47,0,86.53,19.72,0,Low
29-09-2025 23:00,Z1,21.19,86.14,0,86.38,19.33,0,Low
30-09-2025 00:00,Z1,21.56,88.54,0,86.84,19.67,0,Low
30-09-2025 01:00,Z1,22.03,87.29,0,86.99,21.11,4035,Low
30-09-2025 02:00,Z1,21.29,89.79,0,86.06,20.12,0,Low
30-09-2025 03:00,Z1,23.55,85.04,0,86.03,22.04,0,Low
30-09-2025 04:00,Z1,23.06,83.53,0,86.47,21.41,92,Low
30-09-2025 05:00,Z1,24.9,79.84,0,86.24,23.95,0,Low
30-09-2025 06:00,Z1,25.06,82.86,0,86.12,24.57,4473,Low
30-09-2025 07:00,Z1,27.45,80.16,0,86.85,25.27,18789,Low
30-09-2025 08:00,Z1,27.28,78.37,0,86.45,25.81,34106,Low
30-09-2025 09:00,Z1,29.02,74.96,0,86.31,27.54,53261,Low
30-09-2025 10:00,Z1,29.91,76.53,0,86.13,28.65,62283,Low
30-09-2025 11:00,Z1,29.86,77.02,0,86.27,28.65,69584,Low
30-09-2025 12:00,Z1,30.53,73.48,0,86.56,28.64,73057,Low
30-09-2025 13:00,Z1,29.57,80.31,0,86.64,28.54,66739,Low
30-09-2025 14:00,Z1,29.75,78,0,85.89,27.56,60927,Low
30-09-2025 15:00,Z1,29.28,76.12,0,86.34,27.68,50715,Low
30-09-2025 16:00,Z1,28.35,79.44,0,86.63,26.42,35074,Low
30-09-2025 17:00,Z1,26.97,79.98,0,86.59,25.35,15893,Low
30-09-2025 18:00,Z1,25.11,81.06,0,86.61,23.47,438,Low
30-09-2025 19:00,Z1,25.04,84.92,0,86.67,24.14,1409,Low
30-09-2025 20:00,Z1,23.93,83.78,0,86.86,21.92,879,Low
30-09-2025 21:00,Z1,22.24,86.07,0,87.06,20.53,0,Low
30-09-2025 22:00,Z1,20.79,89.25,0,86.94,19.03,0,Low
30-09-2025 23:00,Z1,22.36,84.91,0,86.42,21.23,1418,Low
01-10-2025 00:00,Z1,21.57,87.94,0,86.99,20.03,0,Low
01-10-2025 01:00,Z1,21.35,88.78,0,86.87,19.56,0,Low
01-10-2025 02:00,Z1,21.8,85.42,0,86.81,20.18,0,Low
01-10-2025 03:00,Z1,22.76,84.34,0,87.13,21.47,0,Low
01-10-2025 04:00,Z1,23.34,82.75,0,87.23,21.86,738,Low
01-10-2025 05:00,Z1,23.69,85.91,0,87.31,21.55,0,Low
01-10-2025 06:00,Z1,25.82,83.08,0,86.95,25.21,1629,Low
01-10-2025 07:00,Z1,27.27,77.09,0,86.95,25.49,20035,Low
01-10-2025 08:00,Z1,27.76,77.7,0,86.92,25.63,37410,Low
01-10-2025 09:00,Z1,28.17,77.71,0,87.64,26.52,50759,Low
01-10-2025 10:00,Z1,28.97,73.26,0,87.33,28.08,61694,Low
01-10-2025 11:00,Z1,29.75,76.2,0,87.43,27.48,69337,Low
01-10-2025 12:00,Z1,29.65,73.22,0,87.7,28.04,70183,Low
01-10-2025 13:00,Z1,30.17,75.97,0,87.4,28.67,68229,Low
01-10-2025 14:00,Z1,30.31,72.51,0,87.57,28.47,63316,Low
01-10-2025 15:00,Z1,29.36,74.23,0,86.87,27.37,48139,Low
01-10-2025 16:00,Z1,27.39,78.28,0,86.87,25.67,35855,Low
01-10-2025 17:00,Z1,27.13,80.12,0,86.43,25.67,17421,Low
01-10-2025 18:00,Z1,24.97,82.9,0,86.38,23.53,1086,Low
01-10-2025 19:00,Z1,25.62,80.06,0,86.02,24.08,2009,Low
01-10-2025 20:00,Z1,23.71,86.93,0,85.79,22.02,5890,Low
01-10-2025 21:00,Z1,22.78,83.08,0,85.25,21.56,4736,Low
01-10-2025 22:00,Z1,22.21,83.91,0,85.2,20.27,1426,Low
01-10-2025 23:00,Z1,20.15,89.35,0,84.9,18.96,0,Low
02-10-2025 00:00,Z1,21.01,87.6,0,85.18,19.59,0,Low
02-10-2025 01:00,Z1,21.22,85.42,0,85.34,19.41,4113,Low
02-10-2025 02:00,Z1,21.87,87.13,0,85.13,20.55,0,Low
02-10-2025 03:00,Z1,22.9,88.13,0,85,21.65,1956,Low
02-10-2025 04:00,Z1,23.54,84.75,0,85.09,22.38,0,Low
02-10-2025 05:00,Z1,24.65,84.67,0,85.55,22.97,1103,Low
02-10-2025 06:00,Z1,24.62,82.14,0,85.64,22.65,1506,Low
02-10-2025 07:00,Z1,26.94,81.06,0,85.89,25.33,14675,Low
02-10-2025 08:00,Z1,26.2,79.97,0,85.9,24.49,35856,Low
02-10-2025 09:00,Z1,27.17,76.89,0,86,25.48,50302,Low
02-10-2025 10:00,Z1,29.1,75.24,0,86.21,27.52,63890,Low
02-10-2025 11:00,Z1,29.36,73.76,0,85.45,27.93,68251,Low
02-10-2025 12:00,Z1,30.24,74.07,0,85.44,28.13,72093,Low
02-10-2025 13:00,Z1,30.06,74.33,0,85.31,28.33,71046,Low
02-10-2025 14:00,Z1,29.7,76.25,0,84.98,28.54,61962,Low
02-10-2025 15:00,Z1,28.69,73.85,0,84.91,26.24,51821,Low
02-10-2025 16:00,Z1,27.44,78.18,0,84.45,26.16,35847,Low
02-10-2025 17:00,Z1,27.31,83.04,0,84.2,25.87,21305,Low
02-10-2025 18:00,Z1,25.3,79.49,0,84.37,23.88,0,Low
02-10-2025 19:00,Z1,22.87,85.46,0,84.09,22.12,1721,Low
02-10-2025 20:00,Z1,22.72,85.93,0,84.02,21.44,1207,Low
02-10-2025 21:00,Z1,22.99,84.81,0,83.62,21.15,0,Low
02-10-2025 22:00,Z1,21.14,86.41,0,83.51,19.1,170,Low
02-10-2025 23:00,Z1,20.09,89.76,0,83.57,18.68,0,Low
03-10-2025 00:00,Z1,21.31,88,0,83.11,20.15,0,Low
03-10-2025 01:00,Z1,20.58,86.34,0,83.02,18.52,639,Low
03-10-2025 02:00,Z1,21.19,86.87,0,82.9,20.41,0,Low
03-10-2025 03:00,Z1,21.3,91.41,0,82.95,19.91,0,Low
03-10-2025 04:00,Z1,23.41,87.28,0,82.6,21.78,1535,Low
03-10-2025 05:00,Z1,24.45,85.55,0,82.73,23.66,0,Low
03-10-2025 06:00,Z1,25.32,80.19,0,82.66,23.71,2114,Low
03-10-2025 07:00,Z1,26.56,81.8,0,82.3,25.64,20036,Low
03-10-2025 08:00,Z1,27.33,80.7,0,81.91,25.62,37491,Low
03-10-2025 09:00,Z1,28.13,76.16,0,81.86,26.81,50634,Low
03-10-2025 10:00,Z1,29.63,74.41,0,82.07,28.19,62588,Low
03-10-2025 11:00,Z1,30.04,79.04,0,82.01,28.75,71323,Low
03-10-2025 12:00,Z1,29.57,74.51,0,82.36,27.77,73306,Low
03-10-2025 13:00,Z1,29.75,74.65,0,82.1,28.86,70086,Low
03-10-2025 14:00,Z1,29.49,73.99,0,81.84,28.12,60887,Low
03-10-2025 15:00,Z1,28.19,76.46,0,81.7,26.23,50454,Low
03-10-2025 16:00,Z1,26.7,80.87,0,81.21,25.2,37211,Low
03-10-2025 17:00,Z1,25.89,78.44,0,81.05,24.43,18459,Low
03-10-2025 18:00,Z1,25.14,83.06,0,80.88,24.07,0,Low
03-10-2025 19:00,Z1,24.43,80.11,0,81.31,22.95,1518,Low
03-10-2025 20:00,Z1,22.47,86.47,0,81.77,21.25,0,Low
03-10-2025 21:00,Z1,23.07,85.49,0,81.39,21.01,0,Low
03-10-2025 22:00,Z1,23.29,87.34,0,81.59,21.47,0,Low
03-10-2025 23:00,Z1,21.81,86.55,0,81.81,20.16,0,Low
04-10-2025 00:00,Z1,21.38,83.68,0,82.28,20.49,620,Low
04-10-2025 01:00,Z1,21.1,88.64,0,82.37,19.5,3351,Low
04-10-2025 02:00,Z1,21.49,85.93,0,82.47,20.04,0,Low
04-10-2025 03:00,Z1,22.35,83.43,0,82.4,21.24,3858,Low
04-10-2025 04:00,Z1,23.99,85.59,0,82.26,23.07,1708,Low
04-10-2025 05:00,Z1,24.1,85.45,0,82.59,22.78,618,Low
04-10-2025 06:00,Z1,26.23,83.02,0,82.67,24.67,0,Low
04-10-2025 07:00,Z1,27.37,80.15,0,82.51,25.9,19581,Low
04-10-2025 08:00,Z1,27.45,78.21,0,82.37,25.75,34729,Low
04-10-2025 09:00,Z1,28.52,77.61,0,81.85,26.87,50290,Low
04-10-2025 10:00,Z1,29.6,77.74,0,81.85,27.82,62756,Low
04-10-2025 11:00,Z1,29.21,79.26,0,82.15,27.75,64625,Low
04-10-2025 12:00,Z1,29.98,74.69,0,82.43,27.91,72061,Low
04-10-2025 13:00,Z1,28.92,76.47,0.2,82.34,27.73,34405,Low
04-10-2025 14:00,Z1,29.86,74.37,0,82.52,28.47,59687,Low
04-10-2025 15:00,Z1,28.51,78.95,0,82.44,27.59,51230,Low
04-10-2025 16:00,Z1,27.09,76.93,0,82.39,25.31,35574,Low
04-10-2025 17:00,Z1,27.06,78.87,0,81.82,25.33,18734,Low
04-10-2025 18:00,Z1,26.63,79.29,0,81.6,24.22,0,Low
04-10-2025 19:00,Z1,23.31,87.38,0,81.66,21.81,2386,Low
04-10-2025 20:00,Z1,22.68,85.82,0,82.29,21.65,0,Low
04-10-2025 21:00,Z1,21.18,86.94,0,82.43,19.78,843,Low
04-10-2025 22:00,Z1,22.32,84.99,0,82.59,20.82,153,Low
04-10-2025 23:00,Z1,20.91,88.23,0,82.77,19.12,2595,Low
05-10-2025 00:00,Z1,21.09,85.82,0,82.71,19.14,2537,Low
05-10-2025 01:00,Z1,21.3,86.26,0,82.74,20.61,0,Low
05-10-2025 02:00,Z1,22.09,87.18,0,82.61,19.59,3496,Low
05-10-2025 03:00,Z1,21.64,85.86,0,83.06,20.55,0,Low
05-10-2025 04:00,Z1,23.21,83.08,0,82.93,21.87,0,Low
05-10-2025 05:00,Z1,25.1,81.62,0,83.07,23.84,340,Low
05-10-2025 06:00,Z1,25.73,79.25,0,82.82,24.15,2527,Low
05-10-2025 07:00,Z1,26.24,81.43,0,82.92,25.18,18961,Low
05-10-2025 08:00,Z1,27.25,78.86,0,82.56,26.16,38744,Low
05-10-2025 09:00,Z1,28.82,77.6,0,82.59,27.39,49225,Low
05-10-2025 10:00,Z1,29.32,79.52,0,82.21,27.35,60013,Low
05-10-2025 11:00,Z1,29.28,75.48,0,82.38,27.69,67208,Low
05-10-2025 12:00,Z1,29.06,79.56,0,81.89,27.64,70993,Low
05-10-2025 13:00,Z1,29.95,75.65,0,81.9,28.4,70535,Low
05-10-2025 14:00,Z1,29.34,73.93,0,82.1,27.51,59718,Low
05-10-2025 15:00,Z1,28.77,73.18,0,82.09,27.36,48858,Low
05-10-2025 16:00,Z1,27.66,78.79,0,81.92,26.69,34721,Low
05-10-2025 17:00,Z1,26.36,82.19,0,81.51,24.54,18550,Low
05-10-2025 18:00,Z1,25.34,84.48,0,80.95,23.87,1017,Low
05-10-2025 19:00,Z1,24.63,82.9,0,81.44,21.99,330,Low
05-10-2025 20:00,Z1,23.37,84.77,0,81.08,22.32,0,Low
05-10-2025 21:00,Z1,21.91,81.99,0,81.46,20.26,889,Low
05-10-2025 22:00,Z1,20.17,87.77,0,81.43,18.21,0,Low
05-10-2025 23:00,Z1,21.64,88.31,0,81.42,19.98,0,Low
06-10-2025 00:00,Z1,21.67,84.83,0,81.1,19.37,1664,Low
06-10-2025 01:00,Z1,21.45,84.52,0,81.38,20.35,4235,Low
06-10-2025 02:00,Z1,21.98,88.38,0,81.66,20.85,0,Low
06-10-2025 03:00,Z1,21.35,86.29,0,81.71,19.75,958,Low
06-10-2025 04:00,Z1,23.65,83.78,0,81.92,21.84,463,Low
06-10-2025 05:00,Z1,24.55,81.34,0,81.62,22.74,0,Low
06-10-2025 06:00,Z1,24.26,81.84,0,81.72,22.86,0,Low
06-10-2025 07:00,Z1,27.35,74.86,0,81.66,26.06,21108,Low
06-10-2025 08:00,Z1,26.91,79.64,0,81.35,25.47,37054,Low
06-10-2025 09:00,Z1,28.1,77.34,0,81.62,26.99,52210,Low
06-10-2025 10:00,Z1,30.46,73.48,0,81.9,29.09,59732,Low
06-10-2025 11:00,Z1,29.65,79.11,0.5,82.61,27.73,34414,Low
06-10-2025 12:00,Z1,29.88,74.41,0,82.38,28.31,72663,Low
06-10-2025 13:00,Z1,30.99,76.05,0.2,82.77,28.96,38498,Low
06-10-2025 14:00,Z1,29.01,79.82,0,83.18,27.03,60403,Low
06-10-2025 15:00,Z1,28.56,76.53,0,83.21,26.19,51475,Low
06-10-2025 16:00,Z1,27.64,77.93,0,83.29,25.93,33829,Low
06-10-2025 17:00,Z1,26.85,81.79,0,83.97,25.13,18767,Low
06-10-2025 18:00,Z1,25.07,83.3,0.2,84.33,23.57,912,Low
06-10-2025 19:00,Z1,24.48,86.37,0,84.61,23.13,2039,Low
06-10-2025 20:00,Z1,22.7,85.29,0,84.44,21.53,0,Low
06-10-2025 21:00,Z1,21.95,86.85,0,84.78,20.2,902,Low
06-10-2025 22:00,Z1,21.1,87.94,0,84.31,19.55,78,Low
06-10-2025 23:00,Z1,21.27,83.69,0,84.12,20.17,0,Low
07-10-2025 00:00,Z1,21.1,89.33,0,83.91,18.9,0,Low
07-10-2025 01:00,Z1,20.06,90.08,0,83.6,18.57,629,Low
07-10-2025 02:00,Z1,20.02,91.16,0,83.85,18.53,0,Low
07-10-2025 03:00,Z1,22.48,85.82,0,83.7,21.33,0,Low
07-10-2025 04:00,Z1,23.07,85.07,0,83.67,21.81,2178,Low
07-10-2025 05:00,Z1,24.45,84.69,0,83.88,22.85,0,Low
07-10-2025 06:00,Z1,26.19,77.58,0,84.41,25.3,1568,Low
07-10-2025 07:00,Z1,26.52,79.51,0,84.11,25.35,19005,Low
07-10-2025 08:00,Z1,26.63,78.97,0,84.41,25.36,42081,Low
07-10-2025 09:00,Z1,28.98,78.76,0,84.19,27.38,50511,Low
07-10-2025 10:00,Z1,28.63,76.71,0,84.87,27.46,62676,Low
07-10-2025 11:00,Z1,30.26,74.91,0,84.67,29.48,67816,Low
07-10-2025 12:00,Z1,29.01,79.1,0,84.79,27.45,73236,Low
07-10-2025 13:00,Z1,29.38,76.36,0,85.67,27.87,71040,Low
07-10-2025 14:00,Z1,30.05,76.87,0,85.17,28.78,62429,Low
07-10-2025 15:00,Z1,28.85,79.11,0,85.44,26.78,50670,Low
07-10-2025 16:00,Z1,27.56,80.6,0,85.01,26.29,42857,Low
07-10-2025 17:00,Z1,25.6,81.76,0,85.37,23.76,19395,Low
07-10-2025 18:00,Z1,25.96,82.23,0,85.1,24.92,511,Low
07-10-2025 19:00,Z1,24.24,81.93,0,85.46,23.36,5250,Low
07-10-2025 20:00,Z1,23.21,83.17,0,85.36,20.97,0,Low
07-10-2025 21:00,Z1,22.51,86.76,0,85.23,20.94,1225,Low
07-10-2025 22:00,Z1,22.18,85.81,0,85.21,20.87,1535,Low
07-10-2025 23:00,Z1,21.86,86.86,0,85.09,20.46,270,Low
08-10-2025 00:00,Z1,20.92,87.25,0,84.77,19.58,159,Low
08-10-2025 01:00,Z1,21.77,87.29,0,85.25,19.9,0,Low
08-10-2025 02:00,Z1,21.94,89.17,0,85.54,20.87,2151,Low
08-10-2025 03:00,Z1,22.32,86.18,0,84.96,21.03,0,Low
08-10-2025 04:00,Z1,22.17,88.95,0,85.2,20.41,0,Low
08-10-2025 05:00,Z1,24.65,83.32,0,85.12,23.49,4666,Low
08-10-2025 06:00,Z1,24.91,84.9,0,85.55,24.35,35,Low
08-10-2025 07:00,Z1,26.6,80.84,0,85.66,24.15,16978,Low
08-10-2025 08:00,Z1,28.41,77.18,0,85.47,27.73,34799,Low
08-10-2025 09:00,Z1,28.25,77.44,0,85.42,26.98,51175,Low
08-10-2025 10:00,Z1,28.96,75.01,0,85.65,27.15,63285,Low
08-10-2025 11:00,Z1,29.44,74.74,0,85.55,28.44,66531,Low
08-10-2025 12:00,Z1,29.38,76.24,0,84.83,27.96,74134,Low
08-10-2025 13:00,Z1,29.61,74.71,0,84.77,27.95,69981,Low
08-10-2025 14:00,Z1,29.01,79.17,0,85.09,27.3,63472,Low
08-10-2025 15:00,Z1,27.64,78.98,0,85.32,26.39,50546,Low
08-10-2025 16:00,Z1,27.75,94.26,5,90,26.14,15962,Low
08-10-2025 17:00,Z1,26.22,82.71,0,89.95,25.03,16531,Low
08-10-2025 18:00,Z1,25.47,78.94,0,90,24.26,0,Low
08-10-2025 19:00,Z1,24.58,84.68,0,89.36,23.5,0,Low
08-10-2025 20:00,Z1,23.35,82.97,0,89.25,21.44,518,Low
08-10-2025 21:00,Z1,21.62,85.13,0,89.02,19.71,0,Low
08-10-2025 22:00,Z1,21.75,84.57,0,89.24,19.88,2334,Low
08-10-2025 23:00,Z1,21.82,86.64,0,90,19.78,124,Low
09-10-2025 00:00,Z1,20.36,89.06,0,90,19.31,0,Low
09-10-2025 01:00,Z1,20.55,88.81,0,90,19.07,0,Low
09-10-2025 02:00,Z1,21.63,88.28,0,90,19.9,0,Low
09-10-2025 03:00,Z1,22.61,86.47,0,89.5,20.7,1507,Low
09-10-2025 04:00,Z1,23.39,83.92,0,89.53,21.05,0,Low
09-10-2025 05:00,Z1,25.1,83.39,0.2,89.93,23.59,0,Low
09-10-2025 06:00,Z1,25.04,80.75,0,89.88,23.43,1518,Low
09-10-2025 07:00,Z1,25.71,83.62,0,89.97,24.12,18877,Low
09-10-2025 08:00,Z1,27.98,79.43,0,89.88,26.93,38701,Low
09-10-2025 09:00,Z1,28.44,76.63,0,89.88,27.55,47438,Low
09-10-2025 10:00,Z1,29,81.54,0,89.57,26.99,61215,Low
09-10-2025 11:00,Z1,29.31,77.53,0,90,27.59,66785,Low
09-10-2025 12:00,Z1,30.43,77.78,0,90,29.28,74419,Low
09-10-2025 13:00,Z1,29.15,75.84,0,89.76,27.2,63381,Low
09-10-2025 14:00,Z1,29.97,73.39,0,89.94,28.16,64430,Low
09-10-2025 15:00,Z1,28.27,79.09,0,89.36,27.05,47899,Low
09-10-2025 16:00,Z1,27.96,78.25,0,89.21,26.73,36340,Low
09-10-2025 17:00,Z1,26.93,78.05,0,89.08,25.86,17425,Low
09-10-2025 18:00,Z1,24.83,82.72,0,89.2,24.07,0,Low
09-10-2025 19:00,Z1,24.27,81.65,0,89.39,22.56,0,Low
09-10-2025 20:00,Z1,23.41,83.26,0,89.81,22.54,409,Low
09-10-2025 21:00,Z1,22.24,85.28,0,90,20.62,334,Low
09-10-2025 22:00,Z1,21.54,90.42,0,90,19.76,2695,Low
09-10-2025 23:00,Z1,20.78,85.77,0,89.65,19.57,138,Low
10-10-2025 00:00,Z1,20.98,88.57,0,89.38,18.91,0,Low
10-10-2025 01:00,Z1,21.42,88.65,0,89.16,19.35,0,Low
10-10-2025 02:00,Z1,20.43,87.35,0,89.12,19.82,0,Low
10-10-2025 03:00,Z1,21.9,83.97,0,89,20.56,3355,Low
10-10-2025 04:00,Z1,22.37,88.3,0,88.36,21.4,0,Low
10-10-2025 05:00,Z1,24.47,86.21,0,88.47,23.09,2685,Low
10-10-2025 06:00,Z1,26.09,81.08,0,88.61,23.97,400,Low
10-10-2025 07:00,Z1,26.84,78.79,0,88.58,24.73,22147,Low
10-10-2025 08:00,Z1,27.7,82.97,0,88.8,26.34,35937,Low
10-10-2025 09:00,Z1,29.43,76.13,0,88.54,27.58,47521,Low
10-10-2025 10:00,Z1,30.18,76.68,0,88.73,27.9,64534,Low
10-10-2025 11:00,Z1,30.83,73.15,0,88.9,28.96,67842,Low
10-10-2025 12:00,Z1,30.16,73.84,0,88.62,28.46,69022,Low
10-10-2025 13:00,Z1,28.87,77.52,0,88.38,27.79,67193,Low
10-10-2025 14:00,Z1,28.95,76.2,0,88.58,27.45,57913,Low
10-10-2025 15:00,Z1,29.31,75.07,0,88.32,27.51,50004,Low
10-10-2025 16:00,Z1,27.89,78.77,0,88.27,25.78,36752,Low
10-10-2025 17:00,Z1,27.18,80.73,0,88.2,26.43,20031,Low
10-10-2025 18:00,Z1,24.81,81.25,0,87.99,24.26,0,Low
10-10-2025 19:00,Z1,25.57,82.59,0,87.83,24.03,0,Low
10-10-2025 20:00,Z1,22.65,88.62,0,87.77,20.39,0,Low
10-10-2025 21:00,Z1,22.01,86.05,0,87.51,21.22,79,Low
10-10-2025 22:00,Z1,21.56,87.65,0,87.65,20.13,0,Low
10-10-2025 23:00,Z1,20.81,87.19,0,88.31,19.61,0,Low
11-10-2025 00:00,Z1,20.87,86.84,0,88.12,19.04,2196,Low
11-10-2025 01:00,Z1,20.56,89.3,0,87.85,18.88,1812,Low
11-10-2025 02:00,Z1,21.95,89.24,0,87.3,19.48,0,Low
11-10-2025 03:00,Z1,22.67,85.5,0,87.75,20.79,0,Low
11-10-2025 04:00,Z1,23.19,85.36,0,87.41,21.65,0,Low
11-10-2025 05:00,Z1,24.5,83.3,0,87.36,22.7,575,Low
11-10-2025 06:00,Z1,26.19,82.71,0,86.94,24.49,0,Low
11-10-2025 07:00,Z1,26.58,81.94,0,87.17,25.11,16219,Low
11-10-2025 08:00,Z1,27.94,80.92,0,87.13,25.73,36203,Low
11-10-2025 09:00,Z1,28.57,79.94,0,86.81,27.15,51205,Low
11-10-2025 10:00,Z1,28.89,76.58,0,86.64,27.35,62867,Low
11-10-2025 11:00,Z1,30.52,77.35,0,86.79,28.41,67834,Low
11-10-2025 12:00,Z1,30.08,76.39,0,86.8,27.99,73347,Low
11-10-2025 13:00,Z1,29.83,75.11,0,86.84,28.53,64918,Low
11-10-2025 14:00,Z1,28.77,78.4,0,86.39,26.93,66298,Low
11-10-2025 15:00,Z1,28.24,76.94,0,86.31,26.77,52323,Low
11-10-2025 16:00,Z1,27.99,80.23,0,85.95,26.51,33431,Low
11-10-2025 17:00,Z1,26.54,78.71,0,85.87,25.21,15660,Low
11-10-2025 18:00,Z1,26.2,79.08,0,85.26,24.66,2833,Low
11-10-2025 19:00,Z1,22.49,83.21,0,85.5,20.86,1549,Low
11-10-2025 20:00,Z1,24.16,87.34,0,84.84,22.13,0,Low
11-10-2025 21:00,Z1,22.33,82.81,0,84.87,20.99,0,Low
11-10-2025 22:00,Z1,21.04,90.03,0,84.57,20.72,489,Low
11-10-2025 23:00,Z1,20.54,89.18,0,85.36,18.81,6571,Low
12-10-2025 00:00,Z1,21.11,90.95,0,85.41,20.18,3659,Low
12-10-2025 01:00,Z1,21.99,86.59,0,85.5,20.46,0,Low
12-10-2025 02:00,Z1,21.4,89.13,0,85.17,20,1472,Low
12-10-2025 03:00,Z1,22.31,84.91,0,85.4,20.68,523,Low
12-10-2025 04:00,Z1,23.29,87.06,0,85.35,21.62,0,Low
12-10-2025 05:00,Z1,24.3,85.87,0.2,85.15,23.27,0,Low
12-10-2025 06:00,Z1,24.56,82.38,0,85,22.98,1236,Low
12-10-2025 07:00,Z1,26.43,79.91,0,85.71,25.13,23105,Low
12-10-2025 08:00,Z1,26.85,78.25,0,86.24,25.85,39803,Low
12-10-2025 09:00,Z1,28.38,77.45,0,86.07,26.93,52757,Low
12-10-2025 10:00,Z1,28.75,75.45,0,86.51,27.39,64409,Low
12-10-2025 11:00,Z1,30.19,77.7,0,86.79,29.38,71781,Low
12-10-2025 12:00,Z1,29.36,78.41,0,86.9,28.2,71233,Low
12-10-2025 13:00,Z1,30.53,73.17,0,86.75,29.04,69796,Low
12-10-2025 14:00,Z1,28.72,77.6,0,86.42,27.26,60664,Low
12-10-2025 15:00,Z1,29.49,74.71,0,86.7,28.28,55212,Low
12-10-2025 16:00,Z1,27.21,79.12,0,86.37,26.1,37159,Low
12-10-2025 17:00,Z1,26.5,79.82,0,87.02,25.2,16734,Low
12-10-2025 18:00,Z1,25.74,80.26,0,87.53,24.1,1337,Low
12-10-2025 19:00,Z1,23.89,85.94,1,88.38,22.61,2745,Low
12-10-2025 20:00,Z1,22.99,82.43,0,88.16,21.22,0,Low
12-10-2025 21:00,Z1,22.17,86.67,0,88.43,20.84,0,Low
12-10-2025 22:00,Z1,22.87,88.55,0,87.73,21.69,935,Low
12-10-2025 23:00,Z1,20.91,87.14,0,87.87,18.77,0,Low
13-10-2025 00:00,Z1,20.38,83.94,0,87.65,18.02,0,Low
13-10-2025 01:00,Z1,21.14,85.24,0,87.83,19.35,574,Low
13-10-2025 02:00,Z1,20.89,88.34,0,87.54,20.35,1127,Low
13-10-2025 03:00,Z1,22.13,85.3,0,87.11,21.4,1527,Low
13-10-2025 04:00,Z1,24.59,84.18,0,87.01,22.62,377,Low
13-10-2025 05:00,Z1,24.58,82.26,0,87.35,23.32,3880,Low
13-10-2025 06:00,Z1,25.22,82.2,0,87.38,23.54,3270,Low
13-10-2025 07:00,Z1,26.3,84.24,0,87.71,24.04,16045,Low
13-10-2025 08:00,Z1,27.13,82,0,87.53,25.56,32245,Low
13-10-2025 09:00,Z1,28.47,76.34,0,87.61,27.05,51534,Low
13-10-2025 10:00,Z1,28.75,79.61,0,87.9,27.7,62727,Low
13-10-2025 11:00,Z1,29.83,74.74,0,87.43,28.26,69748,Low
13-10-2025 12:00,Z1,30,77.77,0,87.34,28.84,71437,Low
13-10-2025 13:00,Z1,29.66,78.85,0,87.51,28.32,71872,Low
13-10-2025 14:00,Z1,29.08,80.96,1,89.02,27.21,34042,Low
13-10-2025 15:00,Z1,27.9,81.3,0,88.86,26.16,54520,Low
13-10-2025 16:00,Z1,27.53,76.51,0,89.04,25.89,36611,Low
13-10-2025 17:00,Z1,27.16,79.39,0,88.48,25.74,17705,Low
13-10-2025 18:00,Z1,25.61,84.19,0,88.68,23.17,0,Low
13-10-2025 19:00,Z1,23.61,85.77,0,88.9,21.62,3731,Low
13-10-2025 20:00,Z1,23.23,83.52,0,89.15,21.59,0,Low
13-10-2025 21:00,Z1,22.55,87.27,0,89.06,20.68,759,Low
13-10-2025 22:00,Z1,20.25,91.67,0,88.71,18.46,1022,Low
13-10-2025 23:00,Z1,20.11,91.72,0,88.57,19.41,317,Low
14-10-2025 00:00,Z1,21.06,87.47,0,88.36,19.9,2556,Low
14-10-2025 01:00,Z1,21.1,88.54,0,88.83,18.63,0,Low
14-10-2025 02:00,Z1,21.05,90.48,0,88.59,20.02,0,Low
14-10-2025 03:00,Z1,21.7,86.94,0,88.45,20.3,54,Low
14-10-2025 04:00,Z1,23.06,86.5,0,88.84,22.01,1171,Low
14-10-2025 05:00,Z1,25.3,81.42,0,88.85,24.84,0,Low
14-10-2025 06:00,Z1,24.97,82.93,0,88.5,23.85,0,Low
14-10-2025 07:00,Z1,26.48,79.29,0,88.9,24.51,16765,Low
14-10-2025 08:00,Z1,27.83,76.15,0,88.31,25.9,35508,Low
14-10-2025 09:00,Z1,29.3,77.86,0,88.08,27.06,52025,Low
14-10-2025 10:00,Z1,29.48,74.86,0,88.09,28.3,60491,Low
14-10-2025 11:00,Z1,28.99,78.87,0,88.48,27.94,68320,Low
14-10-2025 12:00,Z1,29.44,78.99,0,88.67,28.17,75986,Low
14-10-2025 13:00,Z1,29.91,76.96,0,89.11,28.19,69335,Low
14-10-2025 14:00,Z1,29.45,74.54,0,88.88,28.4,61187,Low
14-10-2025 15:00,Z1,28.26,77.99,0,89.27,27.21,51503,Low
14-10-2025 16:00,Z1,27.8,78.28,0,89.45,26.57,33406,Low
14-10-2025 17:00,Z1,26.79,77.49,0,89.5,25.52,16927,Low
14-10-2025 18:00,Z1,25.09,81.37,0,89.82,23.21,0,Low
14-10-2025 19:00,Z1,24.32,81.63,0,89.66,22.02,0,Low
14-10-2025 20:00,Z1,22.67,84.19,0,89.4,20.59,2087,Low
14-10-2025 21:00,Z1,22.34,89.87,0,89.28,21.29,492,Low
14-10-2025 22:00,Z1,21.85,88.73,0,88.97,20.37,2425,Low
14-10-2025 23:00,Z1,21.16,89.72,0,88.91,19.33,0,Low
15-10-2025 00:00,Z1,19.59,90.73,0,88.69,18.54,1975,Low
15-10-2025 01:00,Z1,21.14,87.48,0,89.19,19.63,3644,Low
15-10-2025 02:00,Z1,21.4,89.07,0,89.11,20.24,0,Low
15-10-2025 03:00,Z1,22.69,83.64,0,88.82,21.62,0,Low
15-10-2025 04:00,Z1,23.36,85.15,0,89.25,22.25,0,Low
15-10-2025 05:00,Z1,24.51,82.79,0,89.47,23.89,0,Low
15-10-2025 06:00,Z1,26.79,80.84,0,89.44,24.98,1352,Low
15-10-2025 07:00,Z1,26.89,79.07,0,89.41,25.86,18979,Low
15-10-2025 08:00,Z1,27.48,77.12,0,89.49,25.6,34989,Low
15-10-2025 09:00,Z1,29.39,77.85,0,89.54,27.41,51919,Low
15-10-2025 10:00,Z1,30.1,75.23,0,89.3,28.73,63463,Low
15-10-2025 11:00,Z1,30.29,76.54,0,89.32,29.16,69084,Low
15-10-2025 12:00,Z1,29.14,77.09,0,89.34,27.17,74722,Low
15-10-2025 13:00,Z1,30.06,75.79,0.2,89.27,28.51,35905,Low
15-10-2025 14:00,Z1,29.82,74.64,0,89.62,28.7,59671,Low
15-10-2025 15:00,Z1,29.38,73.27,0,89.22,27.98,53896,Low
15-10-2025 16:00,Z1,27.92,77.05,0,88.78,26.34,32176,Low
15-10-2025 17:00,Z1,26.28,80.84,0,88.94,25.24,18210,Low
15-10-2025 18:00,Z1,23.41,84.98,0,89.01,21.44,0,Low
15-10-2025 19:00,Z1,23.67,84.46,0,89.35,22.15,0,Low
15-10-2025 20:00,Z1,22.07,86.69,0,89.45,20.04,1724,Low
15-10-2025 21:00,Z1,22.42,86.83,0,89.25,21.29,0,Low
15-10-2025 22:00,Z1,22.41,89.9,0,89.23,21.33,250,Low
15-10-2025 23:00,Z1,20.68,91.11,0,89.75,18.29,2597,Low
16-10-2025 00:00,Z1,20.42,85.36,0,90,19.21,4489,Low
16-10-2025 01:00,Z1,20.64,86.26,0,90,19.16,0,Low
16-10-2025 02:00,Z1,21.33,86.24,0,90,20.62,0,Low
16-10-2025 03:00,Z1,22.28,89.43,0,90,20.79,2057,Low
16-10-2025 04:00,Z1,22.46,81.54,0,90,20.87,0,Low
16-10-2025 05:00,Z1,24.51,83.33,0,89.88,23.36,1241,Low
16-10-2025 06:00,Z1,25.88,81.24,0,89.58,24.22,4355,Low
16-10-2025 07:00,Z1,26.87,78.19,0,89.42,25.68,17834,Low
16-10-2025 08:00,Z1,27.02,78.22,0,89.75,25.82,37153,Low
16-10-2025 09:00,Z1,28.31,76.58,0,89.79,26.74,53318,Low
16-10-2025 10:00,Z1,29.88,76.48,0,89.5,27.94,58381,Low
16-10-2025 11:00,Z1,29.54,76.6,0,89,27.38,69655,Low
16-10-2025 12:00,Z1,30.72,75.87,0,88.78,28.58,71976,Low
16-10-2025 13:00,Z1,29.38,71.1,0,88.65,27.67,69121,Low
16-10-2025 14:00,Z1,29.89,76.25,0,89.29,28.24,58752,Low
16-10-2025 15:00,Z1,28.8,77.73,0,89.23,26.79,46145,Low
16-10-2025 16:00,Z1,26.67,80.74,0,88.95,24.95,34392,Low
16-10-2025 17:00,Z1,26.86,80.84,0,89.12,26.33,19581,Low
16-10-2025 18:00,Z1,24.78,84.71,0,88.64,22.87,0,Low
16-10-2025 19:00,Z1,24.57,81.44,0,88.4,22.9,0,Low
16-10-2025 20:00,Z1,22.86,88.53,0,88.96,22.3,878,Low
16-10-2025 21:00,Z1,21.98,88.07,0,89.23,20.64,1751,Low
16-10-2025 22:00,Z1,20.89,87.84,0,89.05,19.4,0,Low
16-10-2025 23:00,Z1,21.38,88.96,0,88.91,19.87,422,Low
17-10-2025 00:00,Z1,20.81,88.19,0,88.94,18.91,0,Low
17-10-2025 01:00,Z1,20.01,88.64,0,88.28,18.5,0,Low
17-10-2025 02:00,Z1,21.11,87.88,0,88.13,19.89,0,Low
17-10-2025 03:00,Z1,21.78,85.18,0,87.54,20.59,3535,Low
17-10-2025 04:00,Z1,23.35,81.93,0,87.66,21.3,2317,Low
17-10-2025 05:00,Z1,24.51,85.79,0,87.82,23.27,2202,Low
17-10-2025 06:00,Z1,25.69,78.85,0,87.65,24.06,0,Low
17-10-2025 07:00,Z1,26.55,80.54,0,87.68,25.43,21401,Low
17-10-2025 08:00,Z1,27.85,80.62,0,87.13,26.06,36093,Low
17-10-2025 09:00,Z1,28.85,77.12,0,86.82,27.35,50578,Low
17-10-2025 10:00,Z1,29.08,76.01,0,86.73,27.17,61900,Low
17-10-2025 11:00,Z1,30.26,75.89,0,86.71,28.37,70200,Low
17-10-2025 12:00,Z1,29.69,77.35,0,86.51,28.12,72182,Low
17-10-2025 13:00,Z1,30.28,78.54,1,87.75,29.23,35972,Low
17-10-2025 14:00,Z1,28.98,75.48,0,87.21,27.78,58761,Low
17-10-2025 15:00,Z1,29.02,75.5,0,87,27.41,50643,Low
17-10-2025 16:00,Z1,27.51,76.16,0,87.2,25.49,38265,Low
17-10-2025 17:00,Z1,26.35,77,0,87.47,25.35,24915,Low
17-10-2025 18:00,Z1,26.52,80.07,0,86.77,25.03,0,Low
17-10-2025 19:00,Z1,24.22,82.89,0,86.24,22.68,1055,Low
17-10-2025 20:00,Z1,22.35,85.85,0,86.06,20.77,3883,Low
17-10-2025 21:00,Z1,21.77,86.69,0,85.8,20.78,0,Low
17-10-2025 22:00,Z1,22.54,85.9,0,85.73,20.29,0,Low
17-10-2025 23:00,Z1,21.48,85.88,0,85.68,20.18,1006,Low
18-10-2025 00:00,Z1,21.07,88.93,0,85.64,19.53,0,Low
18-10-2025 01:00,Z1,21.07,92.66,0,85.74,19.67,623,Low
18-10-2025 02:00,Z1,21.33,89.34,0,85.82,20.27,0,Low
18-10-2025 03:00,Z1,21.5,86.62,0,85.29,20,0,Low
18-10-2025 04:00,Z1,23.78,85.55,0,85.54,22.19,0,Low
18-10-2025 05:00,Z1,24.06,81.98,0,85.24,22.62,2474,Low
18-10-2025 06:00,Z1,25.38,81.88,0,84.96,23.39,1893,Low
18-10-2025 07:00,Z1,25.81,80.29,0,85.2,23.85,17974,Low
18-10-2025 08:00,Z1,28.22,76.55,0,85.09,26.45,35602,Low
18-10-2025 09:00,Z1,29.37,74.13,0,85.07,27.58,51912,Low
18-10-2025 10:00,Z1,29.63,74.09,0,85.55,28.53,59026,Low
18-10-2025 11:00,Z1,29.78,73.21,0,85.38,28.8,67283,Low
18-10-2025 12:00,Z1,29.4,76.5,0,85.39,27.48,71987,Low
18-10-2025 13:00,Z1,29.68,77.42,0,85.28,28.67,67626,Low
18-10-2025 14:00,Z1,28.06,81.47,0,85.24,26.33,60479,Low
18-10-2025 15:00,Z1,28.71,78.28,0,85.09,27.4,52240,Low
18-10-2025 16:00,Z1,27.97,80.1,0,84.81,27.15,39231,Low
18-10-2025 17:00,Z1,25.49,81,0,84.79,23.93,18186,Low
18-10-2025 18:00,Z1,25.41,77.71,0,84.11,24.24,1464,Low
18-10-2025 19:00,Z1,24.95,82.72,0,84.05,23.15,688,Low
18-10-2025 20:00,Z1,22.38,88.62,0,83.57,20.64,0,Low
18-10-2025 21:00,Z1,22.09,85.91,0,84.08,20.52,1220,Low
18-10-2025 22:00,Z1,21.18,85.97,0,83.91,19.95,0,Low
18-10-2025 23:00,Z1,20.44,88.95,0,83.86,19.03,1185,Low
19-10-2025 00:00,Z1,21.06,87.35,0,83.49,19.83,0,Low
19-10-2025 01:00,Z1,21.27,90.73,0,83.55,19.25,0,Low
19-10-2025 02:00,Z1,20.9,84.94,0,83.22,19.91,622,Low
19-10-2025 03:00,Z1,23.13,84.19,0,82.81,21.33,1180,Low
19-10-2025 04:00,Z1,23.17,84.25,0,82.89,22,1786,Low
19-10-2025 05:00,Z1,22.06,90.19,0,82.53,20.76,1101,Low
19-10-2025 06:00,Z1,24.27,83.07,0,82.52,21.89,3541,Low
19-10-2025 07:00,Z1,26.64,80.91,0,82.36,25.93,17833,Low
19-10-2025 08:00,Z1,27.07,78.89,0,82.53,25.47,35481,Low
19-10-2025 09:00,Z1,27.95,74.24,0,82.46,26.66,51138,Low
19-10-2025 10:00,Z1,29.25,79.38,0,82.63,28.27,64819,Low
19-10-2025 11:00,Z1,29.98,76.43,0,83.39,28.51,70531,Low
19-10-2025 12:00,Z1,29.62,77.26,0,83.84,28.47,73878,Low
19-10-2025 13:00,Z1,29.88,77.06,0,83.59,28.83,69905,Low
19-10-2025 14:00,Z1,29.25,77.32,0,83.52,27.74,62299,Low
19-10-2025 15:00,Z1,28.46,76.73,0,84.15,26.9,52625,Low
19-10-2025 16:00,Z1,29.26,77.09,0,84.29,27.54,37980,Low
19-10-2025 17:00,Z1,26.79,77.41,0,84.36,25.15,18286,Low
19-10-2025 18:00,Z1,25.58,80.4,0,84.65,24.53,0,Low
19-10-2025 19:00,Z1,23.8,85.86,0,84.72,21.57,2429,Low
19-10-2025 20:00,Z1,24.01,85.49,0,84.7,22.46,0,Low
19-10-2025 21:00,Z1,22.47,80.56,0,84.72,20.87,0,Low
19-10-2025 22:00,Z1,20.93,89.21,0,84.25,19.43,1432,Low
19-10-2025 23:00,Z1,22.08,87.41,0,84.08,20.88,0,Low
20-10-2025 00:00,Z1,20.96,86.82,0,84.1,20.44,192,Low
20-10-2025 01:00,Z1,21.37,86.88,0,84.1,19.55,1125,Low
20-10-2025 02:00,Z1,21.24,88.13,0.2,84,19.99,0,Low
20-10-2025 03:00,Z1,23.13,84.48,0,84.16,21.49,0,Low
20-10-2025 04:00,Z1,23.43,83.67,0,83.68,21.91,0,Low
20-10-2025 05:00,Z1,23.87,82.43,0,83.03,22.83,3031,Low
20-10-2025 06:00,Z1,25.63,80.76,0,82.79,23.82,0,Low
20-10-2025 07:00,Z1,26.29,81.82,0,82.28,25.45,18151,Low
20-10-2025 08:00,Z1,27.12,78.4,0,82.12,25.95,35560,Low
20-10-2025 09:00,Z1,28.12,76.25,0,81.9,26.24,47685,Low
20-10-2025 10:00,Z1,28.98,80,0,81.49,28.01,60474,Low
20-10-2025 11:00,Z1,29.85,75.75,0,81.79,27.89,66154,Low
20-10-2025 12:00,Z1,29.23,76.95,0,81.4,27.37,73335,Low
20-10-2025 13:00,Z1,28.82,78.38,0,81.16,27.06,69737,Low
20-10-2025 14:00,Z1,29.09,76.61,0,81.08,27.96,61056,Low
20-10-2025 15:00,Z1,28.66,78.53,0,81.13,26.97,48240,Low
20-10-2025 16:00,Z1,27.66,78.3,0,81.32,26.34,38035,Low
20-10-2025 17:00,Z1,26.09,82.97,0,81.19,24.73,16967,Low
20-10-2025 18:00,Z1,25.21,84.51,0,80.92,23.54,0,Low
20-10-2025 19:00,Z1,24.15,85.64,0,80.66,22.6,0,Low
20-10-2025 20:00,Z1,22.76,85.3,0,81.13,21.17,3629,Low
20-10-2025 21:00,Z1,23.14,85.68,0,81.01,22.44,0,Low
20-10-2025 22:00,Z1,22.16,89.58,0,81.23,20.32,844,Low
20-10-2025 23:00,Z1,21.03,87.56,0,80.74,19.22,0,Low
21-10-2025 00:00,Z1,21.25,87.79,0,80.52,19.99,3065,Low
21-10-2025 01:00,Z1,21.39,85.56,0,80.23,19.96,2166,Low
21-10-2025 02:00,Z1,22.04,89.35,0,80.12,21.1,0,Low
21-10-2025 03:00,Z1,22.48,85.33,0,80.17,20.93,0,Low
21-10-2025 04:00,Z1,23.31,84.37,0,80.38,21.03,0,Low
21-10-2025 05:00,Z1,24.9,82.16,0,80.85,22.88,0,Low
21-10-2025 06:00,Z1,25.36,82.29,0,81.06,23.46,0,Low
21-10-2025 07:00,Z1,26.37,77.93,0,80.88,24.6,19351,Low
21-10-2025 08:00,Z1,27.77,78.44,0,80.51,26.42,34153,Low
21-10-2025 09:00,Z1,28.52,76.43,0,80.87,26.6,49129,Low
21-10-2025 10:00,Z1,28.41,76.89,0,80.36,26.94,66248,Low
21-10-2025 11:00,Z1,29.29,72.13,0,80.08,27.93,69744,Low
21-10-2025 12:00,Z1,29.9,73.85,0,80.12,29.54,71559,Low
21-10-2025 13:00,Z1,30.3,72.97,0,79.08,28.86,70979,Low
21-10-2025 14:00,Z1,29.23,76.37,0,79.11,28.07,57388,Low
21-10-2025 15:00,Z1,27.51,76.58,0,79.17,25.74,46312,Low
21-10-2025 16:00,Z1,28,78.24,0,78.95,26.52,36541,Low
21-10-2025 17:00,Z1,26.63,77.35,0,78.82,24.9,15944,Low
21-10-2025 18:00,Z1,24.52,81.46,0,79.18,22.95,0,Low
21-10-2025 19:00,Z1,24.48,78.68,0,79.21,23.29,2112,Low
21-10-2025 20:00,Z1,24.02,82.34,0,79.44,22.51,0,Low
21-10-2025 21:00,Z1,21.79,86.79,0,79.18,20.03,2468,Low
21-10-2025 22:00,Z1,22.04,90.99,0,78.93,20.59,0,Low
21-10-2025 23:00,Z1,20.94,92.42,0,78.32,19.27,0,Low
22-10-2025 00:00,Z1,20.59,83.96,0,78.51,18.28,0,Low
22-10-2025 01:00,Z1,20.54,86.44,0,78.31,18.73,396,Low
22-10-2025 02:00,Z1,21.53,85.53,0,78.35,20.02,0,Low
22-10-2025 03:00,Z1,22.52,86.46,0,77.9,21.26,0,Low
22-10-2025 04:00,Z1,22.71,88.55,0.5,78.52,20.91,0,Low
22-10-2025 05:00,Z1,24.65,78.99,0,78.34,23.06,2388,Low
22-10-2025 06:00,Z1,24.23,82.04,0,78.02,23.03,0,Low
22-10-2025 07:00,Z1,26.11,81.73,0,78.33,24.51,19998,Low
22-10-2025 08:00,Z1,27.83,78.93,0,77.87,26.43,34973,Low
22-10-2025 09:00,Z1,28.41,77.15,0,78.17,27.32,50636,Low
22-10-2025 10:00,Z1,29.55,74.23,0,78.54,28.5,62500,Low
22-10-2025 11:00,Z1,29.02,74.24,0,78.53,27.78,72729,Low
22-10-2025 12:00,Z1,29.41,77.56,0,78.71,27.56,70254,Low
22-10-2025 13:00,Z1,29.12,75.73,0,79.07,28.58,69860,Low
22-10-2025 14:00,Z1,28.99,71.59,0,79.04,26.87,59561,Low
22-10-2025 15:00,Z1,28.84,77.48,0,78.57,27.3,51043,Low
22-10-2025 16:00,Z1,27.83,76.74,0,78.81,25.93,37874,Low
22-10-2025 17:00,Z1,27.21,79.46,0,78.74,26.06,19658,Low
22-10-2025 18:00,Z1,26,80.11,0,78.61,23.94,1786,Low
22-10-2025 19:00,Z1,25.14,82.88,0,78.56,23.73,0,Low
22-10-2025 20:00,Z1,23.02,83.62,0,78.16,20.84,1171,Low
22-10-2025 21:00,Z1,21.64,88.37,0,78.01,20.46,0,Low
22-10-2025 22:00,Z1,21.33,84.85,0,77.63,19.36,1102,Low
22-10-2025 23:00,Z1,19.67,90.89,0,77.51,18.07,0,Low
23-10-2025 00:00,Z1,21.79,84.14,0,77.25,20.7,889,Low
23-10-2025 01:00,Z1,20.46,87.56,0,76.68,18.26,1774,Low
23-10-2025 02:00,Z1,21.26,87.99,0,76.15,19.43,1250,Low
23-10-2025 03:00,Z1,22.14,87.72,0,76.65,21.26,1868,Low
23-10-2025 04:00,Z1,23,88.57,0,77.05,21.62,0,Low
23-10-2025 05:00,Z1,23.99,86.18,0,77.24,22.75,141,Low
23-10-2025 06:00,Z1,24.89,81.25,0,77.46,23.64,8958,Low
23-10-2025 07:00,Z1,27.23,82.57,0,77.09,26.13,22301,Low
23-10-2025 08:00,Z1,27.85,77.29,0,77.05,25.57,40145,Low
23-10-2025 09:00,Z1,28.31,74.04,0,77.07,26.78,50475,Low
23-10-2025 10:00,Z1,29.61,73.66,0,77.08,27.73,63176,Low
23-10-2025 11:00,Z1,29.58,75.67,0,76.81,28.3,68518,Low
23-10-2025 12:00,Z1,30.56,73.63,0,76.73,28.61,72920,Low
23-10-2025 13:00,Z1,30.37,74.76,0,76.45,29.11,70830,Low
23-10-2025 14:00,Z1,28.81,75.47,0,76.44,26.88,60265,Low
23-10-2025 15:00,Z1,27.76,76.99,0,76.76,26.32,53642,Low
23-10-2025 16:00,Z1,27.47,77.1,0,76.87,26.61,34868,Low
23-10-2025 17:00,Z1,26.22,79.43,0,77.25,24.24,18900,Low
23-10-2025 18:00,Z1,25.11,80.42,0,77.03,24.08,164,Low
23-10-2025 19:00,Z1,24,84.95,0,76.63,22.34,1330,Low
23-10-2025 20:00,Z1,22.42,85.14,0,77.07,20.7,2137,Low
23-10-2025 21:00,Z1,22.92,86.02,0,77.11,21.41,0,Low
23-10-2025 22:00,Z1,22.21,87.13,0,77.33,20.35,1258,Low
23-10-2025 23:00,Z1,20.21,90.06,0,77.17,18.22,0,Low
24-10-2025 00:00,Z1,21.57,86.18,0,76.82,19.95,1999,Low
24-10-2025 01:00,Z1,21.1,87.88,0,76.28,19.14,1576,Low
24-10-2025 02:00,Z1,21.26,89.72,0,76.51,20.1,0,Low
24-10-2025 03:00,Z1,22.39,85.63,0,76.62,21.03,0,Low
24-10-2025 04:00,Z1,23.44,86.63,0,76.76,21.58,0,Low
24-10-2025 05:00,Z1,23.69,83.3,0,76.58,21.87,685,Low
24-10-2025 06:00,Z1,25.47,84.37,0,76.38,23.47,1528,Low
24-10-2025 07:00,Z1,25.88,79.6,0,76.35,23.39,20041,Low
24-10-2025 08:00,Z1,27.51,77.32,0,76.16,25.34,34050,Low
24-10-2025 09:00,Z1,28.97,74.63,0,75.95,27.02,49567,Low
24-10-2025 10:00,Z1,29.33,74.97,0,76.21,28.19,62165,Low
24-10-2025 11:00,Z1,29.78,76.81,0,76.36,28.88,67729,Low
24-10-2025 12:00,Z1,29.81,72.78,0,76.15,28.3,71039,Low
24-10-2025 13:00,Z1,29.63,74.13,0,76.61,28.94,68948,Low
24-10-2025 14:00,Z1,29.45,77.73,0,76.73,28.33,61252,Low
24-10-2025 15:00,Z1,27.79,79.47,0,76.89,26.46,51190,Low
24-10-2025 16:00,Z1,27.35,78.64,0,77.17,26.17,34065,Low
24-10-2025 17:00,Z1,26.64,80.44,0,77.18,24.82,15236,Low
24-10-2025 18:00,Z1,26.41,81.66,0,77.89,25.4,0,Low
24-10-2025 19:00,Z1,24.04,84.91,0,78.19,21.66,2534,Low
24-10-2025 20:00,Z1,23.62,83.16,0,78.4,21.64,38,Low
24-10-2025 21:00,Z1,23.14,87.66,0,78.19,21.97,1693,Low
24-10-2025 22:00,Z1,20.78,89.43,0,78.16,18.75,0,Low
24-10-2025 23:00,Z1,21.92,89.25,0,77.82,21.25,287,Low
25-10-2025 00:00,Z1,20.94,86.97,0,77.7,19.89,0,Low
25-10-2025 01:00,Z1,20.52,88.09,0,78.2,18.44,2685,Low
25-10-2025 02:00,Z1,20.84,88.03,0,78.44,18.86,2306,Low
25-10-2025 03:00,Z1,21.82,88.04,0,78.3,20.34,303,Low
25-10-2025 04:00,Z1,23.61,83.38,0,78.05,21.44,0,Low
25-10-2025 05:00,Z1,23.58,85.2,0,78.17,22.5,0,Low
25-10-2025 06:00,Z1,26.44,81.33,0,78.29,24.55,0,Low
25-10-2025 07:00,Z1,26.79,78.89,0,78.25,24.99,18257,Low
25-10-2025 08:00,Z1,26.75,77.41,0,77.96,25.33,35260,Low
25-10-2025 09:00,Z1,28.25,78.07,0,77.67,25.65,53713,Low
25-10-2025 10:00,Z1,28.95,79.31,0,77.36,26.88,61415,Low
25-10-2025 11:00,Z1,30.52,77.99,0,76.89,29.44,67281,Low
25-10-2025 12:00,Z1,30.21,90.07,10,89.16,28.44,35665,Low
25-10-2025 13:00,Z1,30.84,74.08,0,88.77,29.61,68504,Low
25-10-2025 14:00,Z1,29.23,74.21,0,89.06,27.27,59374,Low
25-10-2025 15:00,Z1,29.79,75.41,0,88.88,27.95,50634,Low
25-10-2025 16:00,Z1,27.16,80.12,0,88.15,25.56,38093,Low
25-10-2025 17:00,Z1,26,80.44,0,88.43,24.5,16323,Low
25-10-2025 18:00,Z1,25.92,80.38,0,88.68,24.29,0,Low
25-10-2025 19:00,Z1,24.06,81.82,0,88.29,23.1,0,Low
25-10-2025 20:00,Z1,22.91,84.93,0,88.64,21.9,0,Low
25-10-2025 21:00,Z1,22.73,86.56,0,88.41,21.44,0,Low
25-10-2025 22:00,Z1,22.53,84.52,0,88.69,21.61,0,Low
25-10-2025 23:00,Z1,20.95,88.14,0.5,89.24,19.39,0,Low
26-10-2025 00:00,Z1,20.71,87.43,0,88.75,18.12,0,Low
26-10-2025 01:00,Z1,21.17,84.48,0,88.77,19.16,0,Low
26-10-2025 02:00,Z1,21.42,85.61,0,88.37,19.9,2998,Low
26-10-2025 03:00,Z1,22.01,87.87,0,88.25,19.91,1663,Low
26-10-2025 04:00,Z1,23.2,81.89,0,87.4,21.6,688,Low
26-10-2025 05:00,Z1,24.11,81.92,0,87.23,22.22,0,Low
26-10-2025 06:00,Z1,25.86,81.1,0,87.39,25.39,704,Low
26-10-2025 07:00,Z1,26.82,76.08,0,87.11,25.59,17573,Low
26-10-2025 08:00,Z1,28.26,76.01,0,86.34,26.7,34849,Low
26-10-2025 09:00,Z1,29.2,74.86,0,86.54,27.63,48408,Low
26-10-2025 10:00,Z1,29.99,73.99,0,86.43,28.99,61913,Low
26-10-2025 11:00,Z1,29.19,77.08,0,86.16,28.54,67754,Low
26-10-2025 12:00,Z1,29.99,76.24,0,86.23,27.88,70654,Low
26-10-2025 13:00,Z1,30,74.72,0,86.45,28.22,66459,Low
26-10-2025 14:00,Z1,29.66,77.39,0,86.42,28.68,65594,Low
26-10-2025 15:00,Z1,28.74,78.34,0,87,27.94,53619,Low
26-10-2025 16:00,Z1,27.17,75.82,0,86.91,25.66,35596,Low
26-10-2025 17:00,Z1,25.66,83.01,0,86.75,24.7,18831,Low
26-10-2025 18:00,Z1,24.63,83.68,0,86.91,23.74,2953,Low
26-10-2025 19:00,Z1,24.64,80.2,0,86,22.61,0,Low
26-10-2025 20:00,Z1,23.58,83.54,0,85.94,22.07,0,Low
26-10-2025 21:00,Z1,22.68,89.01,0,85.86,21.01,307,Low
26-10-2025 22:00,Z1,20.63,88.44,0,86.11,18.93,3219,Low
26-10-2025 23:00,Z1,20.57,87.05,0,86,18.97,40,Low
27-10-2025 00:00,Z1,21.14,88.82,0,85.92,18.67,2328,Low
27-10-2025 01:00,Z1,21.73,88.62,0,85.93,20.09,0,Low
27-10-2025 02:00,Z1,20.84,87.27,0,86.45,18.78,0,Low
27-10-2025 03:00,Z1,21.62,86.3,0,86.59,19.83,419,Low
27-10-2025 04:00,Z1,23.77,82.4,0,86.28,22.06,1865,Low
27-10-2025 05:00,Z1,24.53,82.99,0,85.91,23.53,620,Low
27-10-2025 06:00,Z1,25.45,81.69,0,86.05,24.01,1352,Low
27-10-2025 07:00,Z1,26.62,84.25,0,85.74,25.69,19338,Low
27-10-2025 08:00,Z1,27.13,80.04,0,86.08,25.66,34947,Low
27-10-2025 09:00,Z1,27.88,78,0,85.37,26.96,49833,Low
27-10-2025 10:00,Z1,30.23,75.38,0,85.82,28.98,59650,Low
27-10-2025 11:00,Z1,30.64,76.23,0,85.31,29.08,72094,Low
27-10-2025 12:00,Z1,30.12,77.79,0,84.93,28.28,68532,Low
27-10-2025 13:00,Z1,29.26,75.24,0,84.65,27.45,66655,Low
27-10-2025 14:00,Z1,30.31,75.52,0,84.41,29.41,63395,Low
27-10-2025 15:00,Z1,27.73,82.89,0,84.38,26.01,53822,Low
27-10-2025 16:00,Z1,28.18,75.66,0,83.9,26.09,30913,Low
27-10-2025 17:00,Z1,25.73,83.61,0,83.75,24.46,20537,Low
27-10-2025 18:00,Z1,24.67,82.59,0,83.66,23.38,0,Low
27-10-2025 19:00,Z1,25.46,80.91,0,83.58,24.53,0,Low
27-10-2025 20:00,Z1,22.94,84.5,0,83.05,21.33,319,Low
27-10-2025 21:00,Z1,22.3,83.86,0,83.42,20.93,0,Low
27-10-2025 22:00,Z1,20.64,85.8,0,83.41,19.03,0,Low
27-10-2025 23:00,Z1,21.72,85.79,0,83.97,20.54,1376,Low
28-10-2025 00:00,Z1,21.23,87.72,0,83.62,19.09,653,Low
28-10-2025 01:00,Z1,21.87,85.73,0,83.92,19.91,833,Low
28-10-2025 02:00,Z1,20.6,91.67,0,84.02,19.7,1111,Low
28-10-2025 03:00,Z1,21.34,87.03,0,84.02,19.58,488,Low
28-10-2025 04:00,Z1,23.13,85.07,0,83.76,21.54,0,Low
28-10-2025 05:00,Z1,24.15,82.92,0,83.64,22.64,0,Low
28-10-2025 06:00,Z1,25.29,80.03,0,83.27,24,0,Low
28-10-2025 07:00,Z1,26.78,80.74,0,83.25,25.41,17749,Low
28-10-2025 08:00,Z1,28.29,77.66,0,83.49,26.15,35968,Low
28-10-2025 09:00,Z1,29.13,77.6,0,83.76,27.96,49140,Low
28-10-2025 10:00,Z1,29.82,73.62,0,83.47,28.67,62069,Low
28-10-2025 11:00,Z1,30.23,76.14,0,83.17,29.37,67823,Low
28-10-2025 12:00,Z1,30.58,75.67,0,83,29.03,71996,Low
28-10-2025 13:00,Z1,29.54,75.56,0,83.07,28.04,66844,Low
28-10-2025 14:00,Z1,28.75,79.88,0,82.88,27.24,60677,Low
28-10-2025 15:00,Z1,27.76,78.42,0,82.8,26.25,53293,Low
28-10-2025 16:00,Z1,28.33,76.52,0,82.45,26.4,34762,Low
28-10-2025 17:00,Z1,26.88,79.21,0,82.34,25.54,17375,Low
28-10-2025 18:00,Z1,25.52,79.72,0,82.56,24.37,0,Low
28-10-2025 19:00,Z1,23.06,82.37,0,82.68,21.34,2723,Low
28-10-2025 20:00,Z1,23.11,87.43,0.2,83.1,21.86,291,Low
28-10-2025 21:00,Z1,21.78,88.99,0,83.17,20.32,0,Low
28-10-2025 22:00,Z1,22.64,87.25,0,82.99,20.86,54,Low
28-10-2025 23:00,Z1,22.34,86.05,0,83.11,21.3,97,Low
29-10-2025 00:00,Z1,21.69,88.7,0,83.44,19.96,0,Low
29-10-2025 01:00,Z1,20.67,87.55,0,82.84,18.9,0,Low
29-10-2025 02:00,Z1,20.93,84.38,0,82.89,19.91,0,Low
29-10-2025 03:00,Z1,22.96,85.34,0,83.06,21.78,4069,Low
29-10-2025 04:00,Z1,23.28,85.64,0,82.78,22.64,0,Low
29-10-2025 05:00,Z1,23.34,84.82,0,82.67,21.73,666,Low
29-10-2025 06:00,Z1,25.84,84.24,0,82.37,24.17,468,Low
29-10-2025 07:00,Z1,26.45,81.25,0,82.6,24.59,18049,Low
29-10-2025 08:00,Z1,27.03,78.36,0,82.46,25.35,37190,Low
29-10-2025 09:00,Z1,28,76.88,0,81.75,26.61,46746,Low
29-10-2025 10:00,Z1,28.77,79.5,0,81.52,27.58,62755,Low
29-10-2025 11:00,Z1,29.85,78.92,0,81.38,27.97,65714,Low
29-10-2025 12:00,Z1,30.26,75.56,0,81.57,28.39,70136,Low
29-10-2025 13:00,Z1,30,77.97,0,81.51,28.51,70301,Low
29-10-2025 14:00,Z1,30.28,75.44,0,82.36,29.23,62543,Low
29-10-2025 15:00,Z1,27.76,78.02,0,82.15,26.2,51402,Low
29-10-2025 16:00,Z1,27.84,80.33,0,82.43,26.23,37354,Low
29-10-2025 17:00,Z1,26.1,80.05,0,82.5,24.33,17587,Low
29-10-2025 18:00,Z1,26.26,79.77,0,83.21,24.92,0,Low
29-10-2025 19:00,Z1,24.12,83.26,0,83.51,22.5,0,Low
29-10-2025 20:00,Z1,22.95,84.18,0,83.43,21.48,105,Low
29-10-2025 21:00,Z1,22.75,86.49,0,82.81,20.91,3916,Low
29-10-2025 22:00,Z1,21.78,83.73,0,82.54,20.42,0,Low
29-10-2025 23:00,Z1,20.63,89.4,0,82.61,19.53,0,Low
30-10-2025 00:00,Z1,21.2,89.64,0,82.63,19.68,0,Low
30-10-2025 01:00,Z1,19.54,88.02,0,82.65,17.79,0,Low
30-10-2025 02:00,Z1,20.73,90.89,0,82.72,19.46,2543,Low
30-10-2025 03:00,Z1,22.85,89.14,0,82.59,21.28,1502,Low
30-10-2025 04:00,Z1,23.13,86.33,1,83.89,21.88,0,Low
30-10-2025 05:00,Z1,23.99,83.48,0,83.93,22.02,0,Low
30-10-2025 06:00,Z1,25.7,81.64,0,83.91,24,307,Low
30-10-2025 07:00,Z1,26.27,81.07,0,83.78,24.58,18133,Low
30-10-2025 08:00,Z1,27.89,78.22,0,83.76,26.29,32791,Low
30-10-2025 09:00,Z1,27.87,79.41,0,83.63,26.37,50364,Low
30-10-2025 10:00,Z1,28.72,77.95,0,83.7,27.45,61147,Low
30-10-2025 11:00,Z1,31.21,72.66,0,83.89,29.83,70793,Low
30-10-2025 12:00,Z1,29.4,77.72,0,83.52,28.43,73132,Low
30-10-2025 13:00,Z1,29.82,75.94,0,83.76,28.31,67900,Low
30-10-2025 14:00,Z1,29.07,76.18,0,83.95,27.69,63780,Low
30-10-2025 15:00,Z1,29.25,76.16,0,83.71,27.5,49884,Low
30-10-2025 16:00,Z1,26.55,82.16,0,83.83,24.84,30484,Low
30-10-2025 17:00,Z1,26.66,75.43,0,83.78,25.15,20048,Low
30-10-2025 18:00,Z1,25.39,78.39,0,83.36,24.02,4392,Low
30-10-2025 19:00,Z1,24.89,78.57,0,83.25,23.57,0,Low
30-10-2025 20:00,Z1,22.79,84.04,0,83.38,21.36,1239,Low
30-10-2025 21:00,Z1,22.15,87.19,0,83.44,20.63,0,Low
30-10-2025 22:00,Z1,19.97,88.56,0,83.32,18.46,3578,Low
30-10-2025 23:00,Z1,21.45,86.86,0,83.59,19.02,849,Low
31-10-2025 00:00,Z1,21.91,85.21,0,83.41,20.37,707,Low
31-10-2025 01:00,Z1,20.63,94.42,1,85.07,19.17,0,Low
31-10-2025 02:00,Z1,21.2,87.37,0,85.64,19.62,0,Low
31-10-2025 03:00,Z1,21.89,86.32,0,86.23,20.27,0,Low
31-10-2025 04:00,Z1,23.64,82.08,0,86.7,22.24,0,Low
31-10-2025 05:00,Z1,24.96,81.8,0,86.83,23.3,0,Low
31-10-2025 06:00,Z1,24.89,82.54,0,87.06,23.21,0,Low
31-10-2025 07:00,Z1,26.82,78.51,0,87.37,24.68,16623,Low
31-10-2025 08:00,Z1,27.67,79.05,0,87.34,26.7,36023,Low
31-10-2025 09:00,Z1,29.57,77.39,0,87.04,28.09,49065,Low
31-10-2025 10:00,Z1,29.69,80.2,0,87.19,28.27,64738,Low
31-10-2025 11:00,Z1,30.53,77.87,0.5,88.13,28.69,34291,Low
31-10-2025 12:00,Z1,30.05,74.93,0,88.47,29,74226,Low
31-10-2025 13:00,Z1,30.42,73.65,0,88.26,28.2,66503,Low
31-10-2025 14:00,Z1,29.4,75.48,0,88.09,28.21,65535,Low
31-10-2025 15:00,Z1,28,79.95,0,88.23,26.36,47295,Low
31-10-2025 16:00,Z1,28.05,76.44,0,88.32,26.82,35955,Low
31-10-2025 17:00,Z1,26.62,81.37,0,88.62,25.04,21693,Low
31-10-2025 18:00,Z1,25.53,79.38,0,88.76,24.08,605,Low
31-10-2025 19:00,Z1,24.63,80.45,0,88.81,22.91,2917,Low
31-10-2025 20:00,Z1,22.31,87.55,0,88.55,20.94,606,Low
31-10-2025 21:00,Z1,23.25,87.42,0,88.46,21.45,903,Low
31-10-2025 22:00,Z1,21.16,85.66,0,88.13,19.76,3095,Low
31-10-2025 23:00,Z1,21.72,88.43,0,88.54,20.27,0,Low
01-08-2025 00:00,Z2,25.95,78.5,0,56.36,25.24,0,Low
01-08-2025 01:00,Z2,26.11,76.8,0,56.31,24.84,3092,Low
01-08-2025 02:00,Z2,27.33,79.39,0,56.31,25.73,250,Low
01-08-2025 03:00,Z2,26.5,79.57,0,56.68,25.22,0,Low
01-08-2025 04:00,Z2,26.97,77.33,0,56.46,25.19,0,Low
01-08-2025 05:00,Z2,28.43,72.04,0,56.36,26.18,806,Low
01-08-2025 06:00,Z2,28.3,79.35,2,58.21,26.42,1420,Low
01-08-2025 07:00,Z2,31.02,72.26,0,58.4,30.06,15714,Low
01-08-2025 08:00,Z2,31.62,71.69,0,57.75,29.99,32511,Low
01-08-2025 09:00,Z2,32,86.03,10,72.11,29.95,22404,Low
01-08-2025 10:00,Z2,32.56,67.76,0,72.57,30.49,55980,Low
01-08-2025 11:00,Z2,34.65,66.47,0,72.29,33.14,60510,Low
01-08-2025 12:00,Z2,33.51,68.23,0,72.64,32.12,65257,Low
01-08-2025 13:00,Z2,34.37,65.92,0,72.58,33.6,61988,Low
01-08-2025 14:00,Z2,32.73,66.59,0,72.72,31.14,54327,Low
01-08-2025 15:00,Z2,32.86,68.85,0,72.72,31.06,44597,Low
01-08-2025 16:00,Z2,31.73,72.57,0,72.83,29.57,34833,Low
01-08-2025 17:00,Z2,30.72,69.54,0,72.31,29.41,16023,Low
01-08-2025 18:00,Z2,29.7,70.53,0,72.45,27.72,0,Low
01-08-2025 19:00,Z2,28.38,74.25,0,72.64,26.39,361,Low
01-08-2025 20:00,Z2,27.19,77.84,0,72.67,25.5,0,Low
01-08-2025 21:00,Z2,26.1,76.38,0,72.29,24.71,0,Low
01-08-2025 22:00,Z2,24.86,81.05,0,71.8,23.66,0,Low
01-08-2025 23:00,Z2,26.84,73.16,0,71.58,25,0,Low
02-08-2025 00:00,Z2,25.22,78.03,0,71.45,23.34,2438,Low
02-08-2025 01:00,Z2,25.32,75.55,0,71.12,24.04,0,Low
02-08-2025 02:00,Z2,25.39,80.23,0,71.46,23.76,431,Low
02-08-2025 03:00,Z2,26.99,78.55,1,72.53,25.38,2586,Low
02-08-2025 04:00,Z2,27.65,78.85,0,72.19,26.22,2173,Low
02-08-2025 05:00,Z2,28.88,90,5,78.42,27.73,339,Low
02-08-2025 06:00,Z2,28.4,77.14,0,78.49,26.76,0,Low
02-08-2025 07:00,Z2,31.28,69.9,0,78.44,29.45,18634,Low
02-08-2025 08:00,Z2,32.16,68.56,0,78.91,30.69,33793,Low
02-08-2025 09:00,Z2,32.09,72.43,1,79.94,30.58,22907,Low
02-08-2025 10:00,Z2,33.23,70.79,0,80,31.74,53152,Low
02-08-2025 11:00,Z2,33.28,70.67,0,80.66,31.94,65668,Low
02-08-2025 12:00,Z2,34.99,64.47,0,81.22,33.7,61236,Low
02-08-2025 13:00,Z2,33.31,84.36,5,87,32.23,29346,Low
02-08-2025 14:00,Z2,34.37,66.94,0,86.82,32.07,55686,Low
02-08-2025 15:00,Z2,32.94,68.38,0,86.76,31.32,47272,Low
02-08-2025 16:00,Z2,30.52,68.7,0,86.35,28.72,30789,Low
02-08-2025 17:00,Z2,30.67,69.09,0,86.25,29.14,16475,Low
02-08-2025 18:00,Z2,28.69,74.52,0,86.42,26.39,0,Low
02-08-2025 19:00,Z2,27.97,75.46,0,87.21,26.76,1878,Low
02-08-2025 20:00,Z2,28.31,77.33,0,87.61,25.65,0,Low
02-08-2025 21:00,Z2,26.23,75.75,0,87.32,24.81,4437,Low
02-08-2025 22:00,Z2,26.06,76.18,0,87.6,24.7,0,Low
02-08-2025 23:00,Z2,26.14,78.09,0,87.59,24.14,0,Low
03-08-2025 00:00,Z2,24.8,81.45,0,88.02,23.16,2460,Low
03-08-2025 01:00,Z2,25.89,77.02,0,87.54,24.79,1908,Low
03-08-2025 02:00,Z2,25.17,82.55,0.2,87.82,23.56,2378,Low
03-08-2025 03:00,Z2,27.05,77.7,0.2,87.87,25.6,1134,Low
03-08-2025 04:00,Z2,26.82,76.4,0,88.23,25.92,985,Low
03-08-2025 05:00,Z2,28.86,72.85,0,87.95,26.94,0,Low
03-08-2025 06:00,Z2,30.33,70.71,0,87.61,28.87,1414,Low
03-08-2025 07:00,Z2,29.87,72.14,0,87.85,27.88,16777,Low
03-08-2025 08:00,Z2,32.08,67.16,0,88.23,30.3,32299,Low
03-08-2025 09:00,Z2,32.19,68.63,0,88.13,30.73,46113,Low
03-08-2025 10:00,Z2,32.85,71.19,0,88.08,30.67,53667,Low
03-08-2025 11:00,Z2,34.43,66.16,0,87.33,32.85,61514,Low
03-08-2025 12:00,Z2,34.34,82.34,10,90,33.16,35167,Low
03-08-2025 13:00,Z2,34.29,64.58,0,89.63,32.05,59476,Low
03-08-2025 14:00,Z2,34.38,67.03,0,90,32.6,55662,Low
03-08-2025 15:00,Z2,31.78,76.11,2,90,30.51,22625,Low
03-08-2025 16:00,Z2,32.32,71.73,0,90,30.79,33817,Low
03-08-2025 17:00,Z2,31.03,74.18,0,89.96,30.02,16629,Low
03-08-2025 18:00,Z2,29.94,72.05,0,89.92,28.75,0,Low
03-08-2025 19:00,Z2,29.15,74.28,0.5,90,28.12,334,Low
03-08-2025 20:00,Z2,27.03,83.16,2,90,26.26,0,Low
03-08-2025 21:00,Z2,27.59,75.58,0,89.98,26.23,0,Low
03-08-2025 22:00,Z2,25.34,76.98,0,89.95,23.7,0,Low
03-08-2025 23:00,Z2,25.96,77.81,0.2,90,24.65,998,Low
04-08-2025 00:00,Z2,25.43,75.61,0,89.57,24.28,0,Low
04-08-2025 01:00,Z2,25.7,77.31,0,89.49,24.75,1458,Low
04-08-2025 02:00,Z2,25.67,76.12,0,89.59,24.06,734,Low
04-08-2025 03:00,Z2,26.34,77.77,0,89.96,25.66,0,Low
04-08-2025 04:00,Z2,27.01,75.12,0,89.68,25.85,523,Low
04-08-2025 05:00,Z2,27.98,80.99,1,90,26.14,3594,Low
04-08-2025 06:00,Z2,29.23,72.92,0,89.59,27.78,0,Low
04-08-2025 07:00,Z2,30.67,69.09,0,89.63,28.74,16978,Low
04-08-2025 08:00,Z2,30.36,70.27,0,89.09,29.26,31393,Low
04-08-2025 09:00,Z2,32.86,68.96,0,89.09,31.34,46142,Low
04-08-2025 10:00,Z2,32.18,72.01,0,88.96,30.41,51016,Low
04-08-2025 11:00,Z2,33.96,68.17,0,88.81,32.71,63808,Low
04-08-2025 12:00,Z2,33.51,66.37,0.2,89.14,31.93,32868,Low
04-08-2025 13:00,Z2,34.5,65.84,1,90,33.27,29201,Low
04-08-2025 14:00,Z2,34.71,66.02,0,89.38,33.2,55594,Low
04-08-2025 15:00,Z2,32.43,66.68,0,89.05,30.09,44883,Low
04-08-2025 16:00,Z2,31.19,70.45,0,89.14,30.04,33815,Low
04-08-2025 17:00,Z2,31.13,72.59,0,88.83,29.83,17294,Low
04-08-2025 18:00,Z2,30.57,69.43,0,88.57,28.95,499,Low
04-08-2025 19:00,Z2,28.74,73.48,0,88.66,26.68,1029,Low
04-08-2025 20:00,Z2,27.86,72.51,0,88.25,26.08,2456,Low
04-08-2025 21:00,Z2,25.85,76.44,0.2,88.12,24.3,0,Low
04-08-2025 22:00,Z2,25.99,80.58,0,88.69,24.96,0,Low
04-08-2025 23:00,Z2,25.93,79.53,0,88.48,23.99,2583,Low
05-08-2025 00:00,Z2,25.79,78.25,0,88.73,23.88,0,Low
05-08-2025 01:00,Z2,25.47,76.27,0,88.93,24.43,1969,Low
05-08-2025 02:00,Z2,25.93,76.58,0,89.13,24.54,1382,Low
05-08-2025 03:00,Z2,25.86,77.31,0,89.58,23.7,2736,Low
05-08-2025 04:00,Z2,27.27,75.37,0,89.54,26.28,0,Low
05-08-2025 05:00,Z2,29.73,71.74,0,89.58,28.12,389,Low
05-08-2025 06:00,Z2,29.49,71.27,0,89.83,28.55,1692,Low
05-08-2025 07:00,Z2,30.58,69.25,0,89.65,28.79,17723,Low
05-08-2025 08:00,Z2,31.09,73.09,0,89.39,29.96,31552,Low
05-08-2025 09:00,Z2,32.59,68.98,0,89.46,30.91,45115,Low
05-08-2025 10:00,Z2,33.29,66,0.2,89.68,32.05,30126,Low
05-08-2025 11:00,Z2,34.48,67.78,0,89.79,32.93,63386,Low
05-08-2025 12:00,Z2,34.86,64.81,0,89.53,33.45,64739,Low
05-08-2025 13:00,Z2,34.46,63.62,0,88.92,33.13,62017,Low
05-08-2025 14:00,Z2,33.78,68.12,0.5,89.46,32.18,29066,Low
05-08-2025 15:00,Z2,32.41,68.04,0,89.83,30.68,43917,Low
05-08-2025 16:00,Z2,31.52,70.83,0,90,30.26,30186,Low
05-08-2025 17:00,Z2,31.55,69.4,0.2,89.86,30,6502,Low
05-08-2025 18:00,Z2,29.85,75.01,0,89.22,28.17,1634,Low
05-08-2025 19:00,Z2,26.66,78.2,0,89.43,24.47,0,Low
05-08-2025 20:00,Z2,27.16,74.57,0,89.28,25.77,289,Low
05-08-2025 21:00,Z2,27.1,78.42,0,89.26,26,0,Low
05-08-2025 22:00,Z2,26.58,76.11,0,90,25.02,3567,Low
05-08-2025 23:00,Z2,26.12,80.01,0,90,24.95,1021,Low
06-08-2025 00:00,Z2,24.46,76.83,0,90,23,100,Low
06-08-2025 01:00,Z2,24.94,75.91,0,90,23.7,0,Low
06-08-2025 02:00,Z2,26.72,74.9,0,89.71,24.68,956,Low
06-08-2025 03:00,Z2,26.22,81.38,0,90,24.98,1045,Low
06-08-2025 04:00,Z2,27.08,75.39,0,90,25.47,0,Low
06-08-2025 05:00,Z2,28.87,76.37,1,90,27.21,0,Low
06-08-2025 06:00,Z2,30.14,71.69,0,90,28.63,0,Low
06-08-2025 07:00,Z2,31.42,70.03,0.2,90,30.03,5533,Low
06-08-2025 08:00,Z2,30.39,73.76,0,88.95,28.37,33582,Low
06-08-2025 09:00,Z2,32.51,68.47,0,89.16,30.68,46069,Low
06-08-2025 10:00,Z2,33.78,65.03,0,89.35,31.99,53923,Low
06-08-2025 11:00,Z2,34.52,63.86,0,89.79,33.63,63973,Low
06-08-2025 12:00,Z2,33.91,66.12,0,89.71,32.71,64389,Low
06-08-2025 13:00,Z2,34.27,64.69,0,89.49,32.24,60282,Low
06-08-2025 14:00,Z2,33.09,68.31,0,89.38,31.45,54684,Low
06-08-2025 15:00,Z2,33.37,67.99,0,89.29,32.04,44932,Low
06-08-2025 16:00,Z2,30.84,72.58,0,89.18,28.45,27303,Low
06-08-2025 17:00,Z2,30.25,71.68,0,89.11,29.26,16169,Low
06-08-2025 18:00,Z2,28.24,74.71,0,89.6,26.87,0,Low
06-08-2025 19:00,Z2,28.28,72.96,0,89.56,26.5,3491,Low
06-08-2025 20:00,Z2,27.34,73.62,0,89.49,25.48,0,Low
06-08-2025 21:00,Z2,25.92,75.62,0,89.55,24.71,0,Low
06-08-2025 22:00,Z2,26.36,83.64,2,90,24.75,0,Low
06-08-2025 23:00,Z2,24.83,81.37,0,89.61,23.26,4636,Low
07-08-2025 00:00,Z2,25.07,77.28,0,89.46,23.33,0,Low
07-08-2025 01:00,Z2,25.43,80.14,0.5,89.7,24.03,1658,Low
07-08-2025 02:00,Z2,25.25,82.23,0,89.7,23.83,4343,Low
07-08-2025 03:00,Z2,27.23,74.46,0.5,90,25.56,952,Low
07-08-2025 04:00,Z2,27.24,75.64,0,89.62,25,1050,Low
07-08-2025 05:00,Z2,27.94,75.3,0,89.48,26.11,3421,Low
07-08-2025 06:00,Z2,29.69,71.58,0,89.28,28.02,344,Low
07-08-2025 07:00,Z2,30.4,73.1,0,88.63,29.59,13054,Low
07-08-2025 08:00,Z2,32.05,71.8,0,88.75,30.9,32115,Low
07-08-2025 09:00,Z2,32.09,69.5,0,88.74,30.53,44995,Low
07-08-2025 10:00,Z2,32.56,68.56,0,88.91,30.86,53905,Low
07-08-2025 11:00,Z2,34.51,63.22,0,88.83,32.74,58348,Low
07-08-2025 12:00,Z2,34.92,80.63,5,90,33.18,28864,Low
07-08-2025 13:00,Z2,33.16,67.12,0,90,30.52,59969,Low
07-08-2025 14:00,Z2,33.09,67.7,0,89.98,31.55,58182,Low
07-08-2025 15:00,Z2,32.42,68.65,0,90,30.22,44894,Low
07-08-2025 16:00,Z2,31.64,68.5,0,90,29.7,32374,Low
07-08-2025 17:00,Z2,31.09,69.93,0,90,29.22,17485,Low
07-08-2025 18:00,Z2,30.11,70.79,0,89.72,28.03,0,Low
07-08-2025 19:00,Z2,28.77,77.79,0,90,26.89,0,Low
07-08-2025 20:00,Z2,27.07,81.97,2,90,25.74,2895,Low
07-08-2025 21:00,Z2,26.54,75.32,0,89.72,24.72,0,Low
07-08-2025 22:00,Z2,26.14,78.68,0,89.77,23.92,0,Low
07-08-2025 23:00,Z2,26.09,79.33,0,90,24.64,1470,Low
08-08-2025 00:00,Z2,24.24,80.34,0,89.53,22.55,67,Low
08-08-2025 01:00,Z2,25.4,80.8,0,89.22,24.52,0,Low
08-08-2025 02:00,Z2,26.41,74.8,0,89.11,25.08,311,Low
08-08-2025 03:00,Z2,26.94,77.29,0,89.35,25.25,0,Low
08-08-2025 04:00,Z2,27.36,76.6,0,88.99,26.02,0,Low
08-08-2025 05:00,Z2,27.79,72.55,0,88.56,25.98,126,Low
08-08-2025 06:00,Z2,30.4,70.15,0.2,88.41,28.49,0,Low
08-08-2025 07:00,Z2,29.83,72.46,0,87.92,28.22,17336,Low
08-08-2025 08:00,Z2,31.65,72.8,0,88.1,30.15,30495,Low
08-08-2025 09:00,Z2,33.25,71.74,0.2,88.22,30.74,23228,Low
08-08-2025 10:00,Z2,33.17,65.78,0,88.35,31.83,51773,Low
08-08-2025 11:00,Z2,33.27,68.54,0.2,89.03,32.11,31872,Low
08-08-2025 12:00,Z2,34.64,65.65,0,89.38,33.21,63623,Low
08-08-2025 13:00,Z2,34.38,65.02,0,88.98,32.03,61424,Low
08-08-2025 14:00,Z2,32.82,68.58,0,88.88,31.13,59842,Low
08-08-2025 15:00,Z2,33.04,66.73,0,88.48,31.56,44055,Low
08-08-2025 16:00,Z2,31.6,70.62,0,89.12,30.53,28358,Low
08-08-2025 17:00,Z2,30.83,70.04,0,89.51,29.48,13923,Low
08-08-2025 18:00,Z2,30.24,72.57,0,89.92,28.75,0,Low
08-08-2025 19:00,Z2,28.7,73.75,0,90,27.49,0,Low
08-08-2025 20:00,Z2,27.36,74.82,0,89.6,26.06,200,Low
08-08-2025 21:00,Z2,26.47,77.07,0,89.82,25.04,3874,Low
08-08-2025 22:00,Z2,25.47,80.02,0,89.84,23.98,0,Low
08-08-2025 23:00,Z2,24.88,78.23,0,89.72,23.82,1388,Low
09-08-2025 00:00,Z2,25.43,79.61,0.5,89.99,24,1429,Low
09-08-2025 01:00,Z2,24.23,79.8,0,89.79,22.44,1388,Low
09-08-2025 02:00,Z2,26.46,76.6,0,89.45,25.25,0,Low
09-08-2025 03:00,Z2,26.24,77.8,0,89.54,24.74,1406,Low
09-08-2025 04:00,Z2,27.27,75.97,0,89.27,26.12,0,Low
09-08-2025 05:00,Z2,27.82,74.77,0,89.48,26.55,2030,Low
09-08-2025 06:00,Z2,28.67,76.51,0,89.14,26.65,0,Low
09-08-2025 07:00,Z2,29.78,70.64,0,89.32,28.51,18110,Low
09-08-2025 08:00,Z2,31.95,67.36,0,89.75,30.71,31493,Low
09-08-2025 09:00,Z2,32.53,67.64,0,90,31.4,41434,Low
09-08-2025 10:00,Z2,34.01,63.71,0,89.61,32.41,57864,Low
09-08-2025 11:00,Z2,33.55,67.95,0,89.56,32.57,56961,Low
09-08-2025 12:00,Z2,34.72,66.75,0,89.58,33.05,66773,Low
09-08-2025 13:00,Z2,34.65,64.48,0,89.5,32.87,61590,Low
09-08-2025 14:00,Z2,34.19,67.36,1,90,32.56,27098,Low
09-08-2025 15:00,Z2,32.19,70.92,0,90,31.11,44076,Low
09-08-2025 16:00,Z2,31.91,69.61,0,89.62,30.21,30963,Low
09-08-2025 17:00,Z2,31.38,69.95,0,89.45,29.47,14447,Low
09-08-2025 18:00,Z2,29.46,75.58,0,89.78,28.32,1016,Low
09-08-2025 19:00,Z2,29.38,75.91,0,89.65,28.22,1976,Low
09-08-2025 20:00,Z2,26.38,94.77,5,90,24.45,0,Low
09-08-2025 21:00,Z2,25.68,81.27,0,89.98,24,2214,Low
09-08-2025 22:00,Z2,25.26,78.18,0,90,23.57,3921,Low
09-08-2025 23:00,Z2,24.8,78.24,0,90,23.01,0,Low
10-08-2025 00:00,Z2,25.67,77.92,0,89.72,24.49,0,Low
10-08-2025 01:00,Z2,24.98,79.25,0,90,23.88,0,Low
10-08-2025 02:00,Z2,25.54,78.34,0,90,23.93,2917,Low
10-08-2025 03:00,Z2,26.63,73.52,0,90,25.62,0,Low
10-08-2025 04:00,Z2,27.04,80.12,0,89.54,25.66,0,Low
10-08-2025 05:00,Z2,29.11,71.6,0,89.58,27.22,1326,Low
10-08-2025 06:00,Z2,30.12,71.1,0,89.47,28.85,2191,Low
10-08-2025 07:00,Z2,31.55,69.15,0,88.99,30.57,14298,Low
10-08-2025 08:00,Z2,31.63,67.6,0,89.13,30.64,28122,Low
10-08-2025 09:00,Z2,33.98,66.62,0,89.72,32.7,45939,Low
10-08-2025 10:00,Z2,34.32,68.91,1,90,32.67,27808,Low
10-08-2025 11:00,Z2,33.59,65.88,0,89.46,31.97,60600,Low
10-08-2025 12:00,Z2,34.65,61.48,0,89.44,33.32,63509,Low
10-08-2025 13:00,Z2,33.96,63.32,0,89.4,33.03,59885,Low
10-08-2025 14:00,Z2,33.56,64.77,0,89.2,32.41,52088,Low
10-08-2025 15:00,Z2,32.82,67.04,0,89.19,30.97,45396,Low
10-08-2025 16:00,Z2,32.65,70.08,0,89.02,31.5,32477,Low
10-08-2025 17:00,Z2,31.21,69.28,0,89.03,29.93,16489,Low
10-08-2025 18:00,Z2,29.22,74.28,0,89.07,27.89,0,Low
10-08-2025 19:00,Z2,27.88,74.91,0,88.52,26.08,0,Low
10-08-2025 20:00,Z2,27.85,75.35,0,88.94,25.78,0,Low
10-08-2025 21:00,Z2,26.14,80.15,0,89.32,24.97,0,Low
10-08-2025 22:00,Z2,26.05,77.75,0,89.37,25.11,0,Low
10-08-2025 23:00,Z2,25.61,80.21,0,89.85,23.94,0,Low
11-08-2025 00:00,Z2,24.93,79.29,0,89.9,23.47,540,Low
11-08-2025 01:00,Z2,25.01,78.67,0,90,23.28,0,Low
11-08-2025 02:00,Z2,26.21,77.91,0,89.87,25.16,0,Low
11-08-2025 03:00,Z2,26.74,77.43,0,90,25.59,0,Low
11-08-2025 04:00,Z2,27.27,77.02,0,90,25.67,0,Low
11-08-2025 05:00,Z2,28.67,78.09,0,89.26,26.93,5122,Low
11-08-2025 06:00,Z2,30.27,72.42,0,89.6,29.32,117,Low
11-08-2025 07:00,Z2,30.73,71.44,0,89.85,28.54,16112,Low
11-08-2025 08:00,Z2,31.37,70.1,0,89.91,29.05,31849,Low
11-08-2025 09:00,Z2,33.04,73.76,0.5,90,31.51,21457,Low
11-08-2025 10:00,Z2,34.15,68.23,0.5,90,32.27,25842,Low
11-08-2025 11:00,Z2,34.2,67.8,0,89.92,32.21,60972,Low
11-08-2025 12:00,Z2,33.87,64.55,0,90,32.41,63137,Low
11-08-2025 13:00,Z2,34.64,66.04,0,89.2,33.71,62690,Low
11-08-2025 14:00,Z2,33.87,63.25,0.2,89.8,32.73,30898,Low
11-08-2025 15:00,Z2,32.86,69.75,0,90,31.62,44787,Low
11-08-2025 16:00,Z2,30.75,72.5,0,89.92,28.89,35909,Low
11-08-2025 17:00,Z2,30.89,70.33,0,89.89,29.87,15708,Low
11-08-2025 18:00,Z2,30.57,70.73,0,89.62,29.61,0,Low
11-08-2025 19:00,Z2,28.04,73.91,0,89.06,26.27,306,Low
11-08-2025 20:00,Z2,26.79,73.53,0,89.06,24.34,0,Low
11-08-2025 21:00,Z2,25.89,75.89,0,89.2,24.36,5413,Low
11-08-2025 22:00,Z2,24.84,80.39,0.2,89.23,22.74,142,Low
11-08-2025 23:00,Z2,26.53,74.02,0,88.84,25.36,0,Low
12-08-2025 00:00,Z2,25.29,77.66,0,88.72,24.24,0,Low
12-08-2025 01:00,Z2,25.41,78.14,0,88.92,24.3,297,Low
12-08-2025 02:00,Z2,26.12,79.88,0,88.79,25.24,3171,Low
12-08-2025 03:00,Z2,27.27,74.9,0,89.2,25.98,1842,Low
12-08-2025 04:00,Z2,27.85,78.53,0,88.87,26.01,0,Low
12-08-2025 05:00,Z2,29.9,73.29,0,88.99,28.56,1448,Low
12-08-2025 06:00,Z2,29.73,72.02,0,88.83,27.8,125,Low
12-08-2025 07:00,Z2,31,68.26,0,88.66,28.67,17411,Low
12-08-2025 08:00,Z2,32.35,70.28,0,88.77,30.5,33083,Low
12-08-2025 09:00,Z2,32.99,68.37,0.2,88.8,32.09,20439,Low
12-08-2025 10:00,Z2,33.05,69.87,0,88.54,31.2,55732,Low
12-08-2025 11:00,Z2,34.19,67.97,0,88.65,32.57,63206,Low
12-08-2025 12:00,Z2,33.6,68.49,0,88.63,32.59,62055,Low
12-08-2025 13:00,Z2,33.81,71.29,0,88.4,32.11,60050,Low
12-08-2025 14:00,Z2,32.84,67.95,0,88.18,30.87,54826,Low
12-08-2025 15:00,Z2,32.13,68.47,0,88.61,30.28,45363,Low
12-08-2025 16:00,Z2,32.12,65.55,0,88.32,30.55,35070,Low
12-08-2025 17:00,Z2,31.43,71.92,0,88.38,29.98,15940,Low
12-08-2025 18:00,Z2,30.13,73.17,0,88.3,28.56,0,Low
12-08-2025 19:00,Z2,27.67,76.38,0,88.06,25.6,0,Low
12-08-2025 20:00,Z2,27.56,75.32,0,88.09,25.64,1704,Low
12-08-2025 21:00,Z2,25.7,76.42,0,88.04,23.96,0,Low
12-08-2025 22:00,Z2,25.41,80.74,0,88.36,23.96,281,Low
12-08-2025 23:00,Z2,25.01,82.86,0,88.14,23.07,0,Low
13-08-2025 00:00,Z2,25.3,77.69,0,88.61,24.2,1874,Low
13-08-2025 01:00,Z2,25.85,77.02,0,88.18,24.38,0,Low
13-08-2025 02:00,Z2,26.33,77.83,0,88.05,24.68,2224,Low
13-08-2025 03:00,Z2,26.3,75.3,0,88.09,24.44,0,Low
13-08-2025 04:00,Z2,26.95,76.56,0,88.3,25.85,1708,Low
13-08-2025 05:00,Z2,28.42,77.3,0.2,88.13,26.87,415,Low
13-08-2025 06:00,Z2,30,71.42,0.2,87.99,28.51,3368,Low
13-08-2025 07:00,Z2,32.46,70.72,0,88.23,30.56,16663,Low
13-08-2025 08:00,Z2,32.27,69.16,0,88.84,30.54,29377,Low
13-08-2025 09:00,Z2,33.89,65.34,0,88.71,32.94,41539,Low
13-08-2025 10:00,Z2,33.96,67.97,0.5,89.23,33.24,26139,Low
13-08-2025 11:00,Z2,33.17,69.03,0,89.05,31.89,58697,Low
13-08-2025 12:00,Z2,33.61,67.73,0,89.11,32.57,62535,Low
13-08-2025 13:00,Z2,34.13,66.46,0,89.06,32.38,62156,Low
13-08-2025 14:00,Z2,32.32,65.89,0,89.29,30.96,59281,Low
13-08-2025 15:00,Z2,32.54,73.17,0,88.74,30.25,45761,Low
13-08-2025 16:00,Z2,32.33,70.57,0,88.5,31.22,31074,Low
13-08-2025 17:00,Z2,30.7,73.74,0.5,88.62,29.43,9104,Low
13-08-2025 18:00,Z2,29.13,74.27,0,88.48,27.51,2373,Low
13-08-2025 19:00,Z2,28.84,72.33,0,88.72,26.86,3641,Low
13-08-2025 20:00,Z2,26.76,76.57,0,88.63,25.28,0,Low
13-08-2025 21:00,Z2,26.17,77.19,0,88.52,25.67,43,Low
13-08-2025 22:00,Z2,26.25,78.35,0,88.16,24.75,0,Low
13-08-2025 23:00,Z2,26.39,80.43,1,88.99,24.75,320,Low
14-08-2025 00:00,Z2,25.67,82.67,0.5,89.06,23.87,665,Low
14-08-2025 01:00,Z2,25.03,80.97,0,88.91,23.81,2059,Low
14-08-2025 02:00,Z2,25.35,75.89,0,89.04,24.23,1366,Low
14-08-2025 03:00,Z2,26.48,77.33,0,89.52,24.81,0,Low
14-08-2025 04:00,Z2,28.14,77.95,0,89.35,27.31,0,Low
14-08-2025 05:00,Z2,28.29,72.78,0,89.11,26.88,0,Low
14-08-2025 06:00,Z2,29.23,76.35,0,89.29,27.72,1697,Low
14-08-2025 07:00,Z2,31.13,67.7,0,89.15,29.58,17156,Low
14-08-2025 08:00,Z2,31.05,68.02,0,88.35,29.82,28925,Low
14-08-2025 09:00,Z2,32.64,65.24,0,88.64,31.39,46062,Low
14-08-2025 10:00,Z2,33.53,67.78,0,88.68,31.84,55499,Low
14-08-2025 11:00,Z2,34.23,68.5,0,88.67,33.11,63231,Low
14-08-2025 12:00,Z2,34.32,68.53,0.2,88.51,33.13,37571,Low
14-08-2025 13:00,Z2,33.85,67.58,0.2,88.88,32.66,28988,Low
14-08-2025 14:00,Z2,33.71,67.17,0,88.73,32.43,57089,Low
14-08-2025 15:00,Z2,32.48,69.18,0.2,89.09,31.13,22660,Low
14-08-2025 16:00,Z2,31.67,70.38,0,89.31,29.65,32166,Low
14-08-2025 17:00,Z2,30.15,77.59,2,90,28.39,6273,Low
14-08-2025 18:00,Z2,29.78,73.25,0,89.69,28.17,0,Low
14-08-2025 19:00,Z2,29.63,77.45,1,90,28.15,569,Low
14-08-2025 20:00,Z2,27.41,75.19,0,89.5,25.77,73,Low
14-08-2025 21:00,Z2,26.66,75.67,0,89.29,24.9,0,Low
14-08-2025 22:00,Z2,26.02,77.92,0,89.07,24.91,767,Low
14-08-2025 23:00,Z2,25.17,81.78,0,88.82,23.28,1460,Low
15-08-2025 00:00,Z2,26.07,76.01,0,88.34,24.95,0,Low
15-08-2025 01:00,Z2,24.86,72.54,0,88.49,23.34,2148,Low
15-08-2025 02:00,Z2,26.33,76.51,0,88.01,24.75,0,Low
15-08-2025 03:00,Z2,26.24,78.18,0,88.02,24.57,379,Low
15-08-2025 04:00,Z2,26.98,76.51,0,87.88,25.53,0,Low
15-08-2025 05:00,Z2,29.01,72.77,0,87.66,27.49,393,Low
15-08-2025 06:00,Z2,29.74,73.05,0,87.42,28.91,0,Low
15-08-2025 07:00,Z2,30.73,70.72,0,87.48,29.01,15473,Low
15-08-2025 08:00,Z2,32.04,71.94,0,87.68,30.34,31498,Low
15-08-2025 09:00,Z2,33.09,67.29,0,87.45,31.12,45296,Low
15-08-2025 10:00,Z2,34.94,66.94,0,87.33,33.29,51869,Low
15-08-2025 11:00,Z2,34,66.47,0,87.54,33.17,60344,Low
15-08-2025 12:00,Z2,34.61,65.44,0,87.27,33.35,64104,Low
15-08-2025 13:00,Z2,34.68,68.06,0,87.45,32.55,59027,Low
15-08-2025 14:00,Z2,33.5,84.45,5,90,31.94,29110,Low
15-08-2025 15:00,Z2,32.46,66.25,0,89.94,30.55,44824,Low
15-08-2025 16:00,Z2,31.64,70.15,0,89.93,30.45,32944,Low
15-08-2025 17:00,Z2,32.15,71.49,0,89.9,30.29,13616,Low
15-08-2025 18:00,Z2,30.24,72.05,0,89.7,28.86,0,Low
15-08-2025 19:00,Z2,28.45,77.9,0,89.64,26.6,1387,Low
15-08-2025 20:00,Z2,27.55,89.07,5,90,25.09,2078,Low
15-08-2025 21:00,Z2,26.49,76.1,0.2,90,24.3,1809,Low
15-08-2025 22:00,Z2,25.18,78.61,0,89.7,23.38,1642,Low
15-08-2025 23:00,Z2,24.78,79.38,0,89.76,22.57,0,Low
16-08-2025 00:00,Z2,25.06,81.38,0,89.89,24.5,0,Low
16-08-2025 01:00,Z2,25.83,79.83,0,89.68,24.67,0,Low
16-08-2025 02:00,Z2,25.73,78.2,0,88.65,24.48,1104,Low
16-08-2025 03:00,Z2,26.69,76.4,0,88.52,24.74,30,Low
16-08-2025 04:00,Z2,27.81,72.95,0,88.44,27.12,2518,Low
16-08-2025 05:00,Z2,28.11,75.55,0,88.37,26.62,136,Low
16-08-2025 06:00,Z2,29.23,74.82,0,88.33,27.46,0,Low
16-08-2025 07:00,Z2,31.68,69.4,0,87.92,30.27,14589,Low
16-08-2025 08:00,Z2,32.32,65.07,0,88.22,31.26,30532,Low
16-08-2025 09:00,Z2,32.73,71.83,0.5,88.61,31.98,23819,Low
16-08-2025 10:00,Z2,33.85,65.57,0.5,89.26,32.74,25245,Low
16-08-2025 11:00,Z2,32.87,70.74,0,89.19,30.86,59219,Low
16-08-2025 12:00,Z2,34.17,63.39,0,88.59,32.76,60122,Low
16-08-2025 13:00,Z2,34.42,64.89,0,88.93,33.19,58642,Low
16-08-2025 14:00,Z2,33.21,69.42,0.2,88.64,30.78,30169,Low
16-08-2025 15:00,Z2,32.96,66.89,0,88.67,30.77,46234,Low
16-08-2025 16:00,Z2,31.72,70.29,0,88.23,30.1,32929,Low
16-08-2025 17:00,Z2,30.45,72.32,0.2,87.62,28.25,6359,Low
16-08-2025 18:00,Z2,29.56,71.7,0,87.79,27.68,0,Low
16-08-2025 19:00,Z2,28.56,82.65,2,90,27.41,0,Low
16-08-2025 20:00,Z2,26.74,78.03,0,90,25.11,0,Low
16-08-2025 21:00,Z2,26.76,76.07,0.2,89.93,25.7,152,Low
16-08-2025 22:00,Z2,26.95,75.81,0,90,25.09,2465,Low
16-08-2025 23:00,Z2,25.52,81.04,0,89.48,23.88,756,Low
17-08-2025 00:00,Z2,24.57,80.93,0,88.85,22.44,0,Low
17-08-2025 01:00,Z2,26.58,78.51,0,88.5,24.87,896,Low
17-08-2025 02:00,Z2,24.93,76.65,0,89.14,23.35,0,Low
17-08-2025 03:00,Z2,26.25,75.86,0,88.84,24.78,2750,Low
17-08-2025 04:00,Z2,27.13,78.44,0,89.02,25.68,0,Low
17-08-2025 05:00,Z2,28.55,76.5,0,88.96,28.12,0,Low
17-08-2025 06:00,Z2,29.14,78.19,1,90,28.29,0,Low
17-08-2025 07:00,Z2,30.58,68.87,0,90,28.76,13745,Low
17-08-2025 08:00,Z2,32.62,64.78,0,89.72,30.9,32900,Low
17-08-2025 09:00,Z2,31.76,70.96,0,89.4,29.96,46230,Low
17-08-2025 10:00,Z2,33.58,66.66,0.5,90,32.21,26862,Low
17-08-2025 11:00,Z2,33.88,68.85,0.5,90,31.66,29747,Low
17-08-2025 12:00,Z2,33.49,67.75,0.2,90,32.31,31624,Low
17-08-2025 13:00,Z2,34.5,70.07,1,90,33.69,33030,Low
17-08-2025 14:00,Z2,32.38,67.53,0,89.78,31.09,58547,Low
17-08-2025 15:00,Z2,33.12,70.17,0,89.77,31.8,44342,Low
17-08-2025 16:00,Z2,32.06,69.02,0,89.86,31.09,32613,Low
17-08-2025 17:00,Z2,30.65,74.51,0,90,27.71,18134,Low
17-08-2025 18:00,Z2,30.48,73.43,0,89.83,29.18,1992,Low
17-08-2025 19:00,Z2,28.36,75.16,0,89.7,26.79,3125,Low
17-08-2025 20:00,Z2,26.23,76.52,0,89.32,25.2,1374,Low
17-08-2025 21:00,Z2,25.2,78.2,0,89.05,23.04,0,Low
17-08-2025 22:00,Z2,25.34,91.87,10,90,24.16,0,Low
17-08-2025 23:00,Z2,25.44,84.05,2,90,23.92,0,Low
18-08-2025 00:00,Z2,25.29,82.06,0,90,23.88,0,Low
18-08-2025 01:00,Z2,25.25,79.44,0,90,23.39,0,Low
18-08-2025 02:00,Z2,25.83,81.01,0.5,90,24.76,1426,Low
18-08-2025 03:00,Z2,26.44,76.84,0,89.88,24.87,0,Low
18-08-2025 04:00,Z2,25.97,77,0,89.8,23.89,0,Low
18-08-2025 05:00,Z2,29.04,73.71,0,89.3,27.4,0,Low
18-08-2025 06:00,Z2,29.5,72.32,0,89.53,28,4023,Low
18-08-2025 07:00,Z2,31.5,72.82,0,89.59,30,16085,Low
18-08-2025 08:00,Z2,31.47,69.68,0,89.51,30.49,30838,Low
18-08-2025 09:00,Z2,30.89,70.15,0,90,29.16,45330,Low
18-08-2025 10:00,Z2,32.54,68.07,0,89.7,31.76,54452,Low
18-08-2025 11:00,Z2,34.5,66.33,0.2,90,33,29896,Low
18-08-2025 12:00,Z2,33.62,66.1,0,90,31.89,64707,Low
18-08-2025 13:00,Z2,34.82,66.97,0,90,34.03,57231,Low
18-08-2025 14:00,Z2,33.11,67.47,0,90,31.71,54850,Low
18-08-2025 15:00,Z2,32,71.33,0,90,30.81,43911,Low
18-08-2025 16:00,Z2,32.03,68.85,0,90,31.31,36623,Low
18-08-2025 17:00,Z2,30.14,70.37,0,90,28.73,17395,Low
18-08-2025 18:00,Z2,30.3,75.6,0,90,28.5,270,Low
18-08-2025 19:00,Z2,28.17,75.56,0,89.35,26.87,2424,Low
18-08-2025 20:00,Z2,26.43,75.16,0,89.49,25.42,311,Low
18-08-2025 21:00,Z2,27.16,89.11,10,90,25.81,2953,Low
18-08-2025 22:00,Z2,25.43,79.66,0,90,24.41,0,Low
18-08-2025 23:00,Z2,24.5,78.37,0,89.81,23,2208,Low
19-08-2025 00:00,Z2,26.27,77.97,0,90,24.68,0,Low
19-08-2025 01:00,Z2,25.5,76.37,0,90,24.3,0,Low
19-08-2025 02:00,Z2,25.91,80.86,0,90,23.56,0,Low
19-08-2025 03:00,Z2,25.98,75.97,0,89.87,24.74,0,Low
19-08-2025 04:00,Z2,27.19,79.04,0,89.87,25.21,0,Low
19-08-2025 05:00,Z2,28.52,73.79,0,89.33,26.4,132,Low
19-08-2025 06:00,Z2,28.93,70.06,0,89.1,27.61,0,Low
19-08-2025 07:00,Z2,30.48,72.59,0,88.58,29.31,16754,Low
19-08-2025 08:00,Z2,31.47,72.4,0,88.98,29.68,36692,Low
19-08-2025 09:00,Z2,32.93,71.8,0,88.58,31.52,44207,Low
19-08-2025 10:00,Z2,34.53,66.33,0,88.17,33.56,57369,Low
19-08-2025 11:00,Z2,34.18,67.36,0,88.11,33.1,63025,Low
19-08-2025 12:00,Z2,34.42,63.99,0,88.3,32.98,65936,Low
19-08-2025 13:00,Z2,33.85,66.12,0.2,87.89,32.26,31414,Low
19-08-2025 14:00,Z2,33.18,65.52,0,87.79,30.98,56005,Low
19-08-2025 15:00,Z2,31.99,67.2,0,87.13,30.28,45558,Low
19-08-2025 16:00,Z2,32.15,69.75,0,87.23,30.04,31869,Low
19-08-2025 17:00,Z2,30.18,69.99,0,86.54,28.51,14830,Low
19-08-2025 18:00,Z2,28.55,72.55,0,86.66,27.11,159,Low
19-08-2025 19:00,Z2,28.27,72.93,0,86.63,26.52,0,Low
19-08-2025 20:00,Z2,26.17,75.6,0,86.47,24.27,0,Low
19-08-2025 21:00,Z2,26.27,77.05,0,86.49,24.45,0,Low
19-08-2025 22:00,Z2,24.35,79.92,0,86.81,22.97,2768,Low
19-08-2025 23:00,Z2,24.6,77.86,0,86.78,23.59,1450,Low
20-08-2025 00:00,Z2,25.88,81.18,0,87,24.49,0,Low
20-08-2025 01:00,Z2,25.45,77.06,0,86.93,24.37,116,Low
20-08-2025 02:00,Z2,25.27,84.17,2,89.54,24.3,1639,Low
20-08-2025 03:00,Z2,27.48,76.06,0,89.38,26.49,0,Low
20-08-2025 04:00,Z2,26.89,75.36,0,89.97,25.6,0,Low
20-08-2025 05:00,Z2,28.55,74.95,0,90,26.96,858,Low
20-08-2025 06:00,Z2,29.55,71.28,0,90,27.97,0,Low
20-08-2025 07:00,Z2,30.76,70.22,0,90,28.86,17190,Low
20-08-2025 08:00,Z2,32.24,69.21,0,90,30.73,36042,Low
20-08-2025 09:00,Z2,32.5,70.37,0,89.93,31.44,44389,Low
20-08-2025 10:00,Z2,34.46,67.43,0,89.83,33.38,58498,Low
20-08-2025 11:00,Z2,33.42,65.14,0,90,31.42,64550,Low
20-08-2025 12:00,Z2,33.46,64.59,0,89.94,32.38,62903,Low
20-08-2025 13:00,Z2,34.99,64.89,0,89.75,33.28,62037,Low
20-08-2025 14:00,Z2,33.22,67.28,0,89.82,32.51,54531,Low
20-08-2025 15:00,Z2,33.02,67.03,0,89.61,31.52,44296,Low
20-08-2025 16:00,Z2,30.62,72.59,0,89.21,29.47,31420,Low
20-08-2025 17:00,Z2,31.04,67.31,0,88.87,28.99,14906,Low
20-08-2025 18:00,Z2,29.09,74.66,0,89.21,26.92,3215,Low
20-08-2025 19:00,Z2,29.03,73.9,1,90,27.06,849,Low
20-08-2025 20:00,Z2,27.56,76.62,0,90,25.43,123,Low
20-08-2025 21:00,Z2,26.59,77.2,0,90,25.39,0,Low
20-08-2025 22:00,Z2,26.44,78,0,89.89,24.36,1121,Low
20-08-2025 23:00,Z2,25.92,75.52,0,89.85,24.64,0,Low
21-08-2025 00:00,Z2,25.88,79.71,0,89.91,24.1,0,Low
21-08-2025 01:00,Z2,25.39,79.23,0,89.43,23.97,2573,Low
21-08-2025 02:00,Z2,26.07,79.44,0,89.41,24.49,203,Low
21-08-2025 03:00,Z2,25.72,74.59,0,89.49,23.71,2534,Low
21-08-2025 04:00,Z2,26.34,78.1,0,89.56,25,586,Low
21-08-2025 05:00,Z2,28.27,73.32,1,90,26.83,0,Low
21-08-2025 06:00,Z2,28.1,73.43,0,90,27.32,1111,Low
21-08-2025 07:00,Z2,30.41,70.38,0,90,28.1,18546,Low
21-08-2025 08:00,Z2,31.4,70.58,0,90,29.98,31279,Low
21-08-2025 09:00,Z2,32.07,69.83,0,90,30.21,43378,Low
21-08-2025 10:00,Z2,33.42,66.72,0.5,90,31.49,25390,Low
21-08-2025 11:00,Z2,32.99,66.85,0,90,31.59,60378,Low
21-08-2025 12:00,Z2,34.94,65.53,0,90,33.32,63138,Low
21-08-2025 13:00,Z2,33.89,66.69,0,89.77,31.84,62045,Low
21-08-2025 14:00,Z2,34.48,63.63,0,89.74,34.11,52585,Low
21-08-2025 15:00,Z2,33.66,68.93,0,89.85,31.78,44236,Low
21-08-2025 16:00,Z2,31.74,68.83,0,89.71,30.74,29337,Low
21-08-2025 17:00,Z2,31.08,72.02,0,89.8,29.85,15028,Low
21-08-2025 18:00,Z2,28.88,73.36,0,89.43,27.11,3154,Low
21-08-2025 19:00,Z2,27.19,77.41,0,89.03,26.83,4256,Low
21-08-2025 20:00,Z2,27.97,75.31,0,89.5,26.01,2783,Low
21-08-2025 21:00,Z2,26.49,75.64,0,89.44,24.45,0,Low
21-08-2025 22:00,Z2,25.17,77.48,0,89.35,23.14,1310,Low
21-08-2025 23:00,Z2,25.24,78.89,0,89.26,23.63,0,Low
22-08-2025 00:00,Z2,25.19,81.46,0,89.59,24.08,3210,Low
22-08-2025 01:00,Z2,25.59,76.04,0,89.99,24.2,0,Low
22-08-2025 02:00,Z2,25.92,76.06,0,89.95,24.39,0,Low
22-08-2025 03:00,Z2,26.01,76.52,0,90,24.19,0,Low
22-08-2025 04:00,Z2,26.89,77.97,0,90,25.4,1277,Low
22-08-2025 05:00,Z2,28.23,71.96,0,90,25.99,1322,Low
22-08-2025 06:00,Z2,28.23,75.63,0,90,26.41,333,Low
22-08-2025 07:00,Z2,30.61,74.08,0,89.16,29.71,15121,Low
22-08-2025 08:00,Z2,32.62,66.77,0.2,89.63,31.6,16149,Low
22-08-2025 09:00,Z2,32.42,69.3,0,89.72,30.9,45392,Low
22-08-2025 10:00,Z2,33.31,67.79,0,89.55,32.24,55869,Low
22-08-2025 11:00,Z2,33.62,68.6,0,89.49,31.87,63164,Low
22-08-2025 12:00,Z2,33.69,65.15,0,89.36,31.89,65708,Low
22-08-2025 13:00,Z2,34.77,65.32,0,89.72,33.7,62102,Low
22-08-2025 14:00,Z2,33.76,68.13,0,89.93,32.14,54767,Low
22-08-2025 15:00,Z2,32.7,67.76,0,89.88,31.5,48031,Low
22-08-2025 16:00,Z2,31.73,70.94,0,89.62,30.04,31481,Low
22-08-2025 17:00,Z2,30.63,70.67,0,89.74,29.17,18041,Low
22-08-2025 18:00,Z2,30.17,73.72,0,89.62,28.4,0,Low
22-08-2025 19:00,Z2,28.9,71.89,0,89.14,26.39,520,Low
22-08-2025 20:00,Z2,27.38,75.06,0.2,89.48,25.28,0,Low
22-08-2025 21:00,Z2,26.79,74.46,0,89.65,25.59,0,Low
22-08-2025 22:00,Z2,26.61,79.12,0,90,25.12,416,Low
22-08-2025 23:00,Z2,24.97,80.6,0.2,89.95,23.59,773,Low
23-08-2025 00:00,Z2,25.26,78.6,0,90,23.41,0,Low
23-08-2025 01:00,Z2,25.5,81.59,0,89.2,23.88,2141,Low
23-08-2025 02:00,Z2,25.08,79.16,0,89.01,23.06,0,Low
23-08-2025 03:00,Z2,25.92,79.65,0,89.28,23.86,0,Low
23-08-2025 04:00,Z2,27.08,76.52,0,89.07,25.73,0,Low
23-08-2025 05:00,Z2,28.87,79.77,2,90,26.6,0,Low
23-08-2025 06:00,Z2,30,72.58,0,90,28.8,0,Low
23-08-2025 07:00,Z2,30.1,81.42,2,90,28.57,6466,Low
23-08-2025 08:00,Z2,32.95,67.43,0,89.65,30.48,32756,Low
23-08-2025 09:00,Z2,32.93,71.64,0.2,89.93,30.82,25051,Low
23-08-2025 10:00,Z2,34.53,65.54,0,89.97,33.04,58474,Low
23-08-2025 11:00,Z2,33.81,69.43,0,89.69,32.75,57190,Low
23-08-2025 12:00,Z2,34.88,66.51,0,89.15,32.53,62724,Low
23-08-2025 13:00,Z2,33.82,66.16,0,89.32,31.83,59673,Low
23-08-2025 14:00,Z2,33.64,68.13,0,89.58,32.09,55967,Low
23-08-2025 15:00,Z2,31.7,71,0,89.58,29.75,50155,Low
23-08-2025 16:00,Z2,31.59,68.51,0,89.57,30.43,33969,Low
23-08-2025 17:00,Z2,30.42,69.94,0,89.67,28.92,16360,Low
23-08-2025 18:00,Z2,29.58,70.54,0,89.23,27.93,320,Low
23-08-2025 19:00,Z2,28.6,75.77,0,88.64,26.49,0,Low
23-08-2025 20:00,Z2,27.07,79.39,0.2,89.04,25.29,0,Low
23-08-2025 21:00,Z2,26.13,76.91,0,88.95,23.92,0,Low
23-08-2025 22:00,Z2,25.38,76.62,0,89.27,24.38,1224,Low
23-08-2025 23:00,Z2,26.14,78.6,0,89.3,24.15,956,Low
24-08-2025 00:00,Z2,24.38,79.33,0,89.31,23.1,2418,Low
24-08-2025 01:00,Z2,26.28,81.27,0.5,89.71,24.84,2885,Low
24-08-2025 02:00,Z2,26.59,79.16,0,89.17,25,1076,Low
24-08-2025 03:00,Z2,26.4,80.77,0,88.93,25.18,0,Low
24-08-2025 04:00,Z2,27.13,73.52,0,88.57,26.28,1783,Low
24-08-2025 05:00,Z2,28.58,77.73,0,88.62,27.47,1827,Low
24-08-2025 06:00,Z2,29.99,74.17,0.2,88.54,28.9,0,Low
24-08-2025 07:00,Z2,30.81,69.03,0,88.19,29.51,15714,Low
24-08-2025 08:00,Z2,32.03,68.55,0,88.47,30.56,33573,Low
24-08-2025 09:00,Z2,32.4,75.47,2,90,31.18,21873,Low
24-08-2025 10:00,Z2,32.68,69.08,0,90,31.17,56778,Low
24-08-2025 11:00,Z2,33.81,67.07,0,89.63,32.75,62717,Low
24-08-2025 12:00,Z2,33.8,64.93,0,90,31.99,62534,Low
24-08-2025 13:00,Z2,34.56,67.4,0,89.81,33.15,61143,Low
24-08-2025 14:00,Z2,33.96,69.01,0.5,90,32.19,27389,Low
24-08-2025 15:00,Z2,32.17,71.25,0,89.87,30.77,45133,Low
24-08-2025 16:00,Z2,31.21,70.63,0,89.88,29.51,32492,Low
24-08-2025 17:00,Z2,30.23,76.39,0,90,28.09,15961,Low
24-08-2025 18:00,Z2,29.03,71.41,0,89.95,27.92,3186,Low
24-08-2025 19:00,Z2,28.29,72.99,0,90,26.42,0,Low
24-08-2025 20:00,Z2,27.32,75.25,0,89.79,25.77,497,Low
24-08-2025 21:00,Z2,26.34,76.8,0,89.48,24.12,0,Low
24-08-2025 22:00,Z2,26.2,73.78,0,89.38,23.73,0,Low
24-08-2025 23:00,Z2,26.3,77.01,0,89.32,25.02,2729,Low
25-08-2025 00:00,Z2,24.94,79.51,0,89.3,24.17,4061,Low
25-08-2025 01:00,Z2,25.47,79.55,0,89.45,23.95,1178,Low
25-08-2025 02:00,Z2,24.62,78.83,0,89.39,23.2,0,Low
25-08-2025 03:00,Z2,26.29,79.54,0.2,89.66,24.65,3958,Low
25-08-2025 04:00,Z2,27.29,77.3,0,89.97,26.08,0,Low
25-08-2025 05:00,Z2,27.52,79.37,0,90,25.86,2526,Low
25-08-2025 06:00,Z2,29.32,74.56,0,89.28,28.06,2154,Low
25-08-2025 07:00,Z2,30.88,67.42,0,89.42,29.34,12473,Low
25-08-2025 08:00,Z2,31.97,71.33,0,89.43,30.89,30735,Low
25-08-2025 09:00,Z2,32.54,70.55,0,89.06,31.48,45484,Low
25-08-2025 10:00,Z2,33.61,71.51,0.5,89.56,33.39,30899,Low
25-08-2025 11:00,Z2,34.65,65.71,0,89.26,32.97,61987,Low
25-08-2025 12:00,Z2,34.69,65.52,0,88.64,32.66,62277,Low
25-08-2025 13:00,Z2,34.18,71.14,0.5,89.11,32.67,29784,Low
25-08-2025 14:00,Z2,34.47,67.15,0,89.13,33.09,58324,Low
25-08-2025 15:00,Z2,33.53,68.29,0,88.62,32.43,45290,Low
25-08-2025 16:00,Z2,31.56,69.71,0,88.28,30.71,31790,Low
25-08-2025 17:00,Z2,31.17,67.69,0,87.93,29.1,16516,Low
25-08-2025 18:00,Z2,29.57,72.6,0,87.6,28.16,0,Low
25-08-2025 19:00,Z2,29.34,71.26,0,87.7,27.57,0,Low
25-08-2025 20:00,Z2,27.15,75.97,0,87.51,25.11,0,Low
25-08-2025 21:00,Z2,27.27,76.43,0,87.53,25.39,0,Low
25-08-2025 22:00,Z2,26.36,79.31,0,87.49,24.61,579,Low
25-08-2025 23:00,Z2,25.64,80.21,0,87.44,24.28,0,Low
26-08-2025 00:00,Z2,24.49,81.84,0,87.43,23.29,2707,Low
26-08-2025 01:00,Z2,25.04,81.83,0,87.48,23.21,0,Low
26-08-2025 02:00,Z2,26.61,78.42,0,87.51,25.78,0,Low
26-08-2025 03:00,Z2,25.39,80.58,0,87.28,23.82,1814,Low
26-08-2025 04:00,Z2,26.76,76.21,0,87.68,24.95,1396,Low
26-08-2025 05:00,Z2,27.5,75.27,0,87.43,26.15,0,Low
26-08-2025 06:00,Z2,29.91,77.22,1,88.88,27.81,0,Low
26-08-2025 07:00,Z2,30.58,73.33,0,88.37,29.46,16179,Low
26-08-2025 08:00,Z2,31.91,71.22,0,88.57,30.42,29478,Low
26-08-2025 09:00,Z2,33.04,67.93,0,88.54,31.34,44941,Low
26-08-2025 10:00,Z2,33.59,69.97,0,88.52,32.58,56141,Low
26-08-2025 11:00,Z2,32.78,66.84,0,88.89,31.38,62038,Low
26-08-2025 12:00,Z2,34.72,63.88,0.2,89,33.4,32809,Low
26-08-2025 13:00,Z2,34.31,67.86,0,89.49,33.42,62515,Low
26-08-2025 14:00,Z2,33.35,83.62,10,90,31.44,27061,Low
26-08-2025 15:00,Z2,32.49,75.3,0,89.84,31.24,47651,Low
26-08-2025 16:00,Z2,32.53,66.96,0,89.88,31.34,29863,Low
26-08-2025 17:00,Z2,31.66,70.61,0,89.72,29.86,13837,Low
26-08-2025 18:00,Z2,30.31,69.17,0,90,28.67,447,Low
26-08-2025 19:00,Z2,28.83,75.8,0,89.7,27.26,88,Low
26-08-2025 20:00,Z2,26.32,75.59,0,89.66,24.85,0,Low
26-08-2025 21:00,Z2,26.46,79.61,0,89.25,24.73,311,Low
26-08-2025 22:00,Z2,25.69,77.22,0,89.16,24.53,1006,Low
26-08-2025 23:00,Z2,25.15,80.17,0,89.51,24.41,0,Low
27-08-2025 00:00,Z2,25.42,76.33,0,89.43,23.7,0,Low
27-08-2025 01:00,Z2,23.94,82.54,0,88.73,22.14,1951,Low
27-08-2025 02:00,Z2,26.79,77.66,0,88.53,25.17,0,Low
27-08-2025 03:00,Z2,27.49,79.06,0,88.6,26.56,0,Low
27-08-2025 04:00,Z2,28.78,74.63,0,88.4,27.27,1999,Low
27-08-2025 05:00,Z2,27.57,73.88,0,88.37,25.98,1415,Low
27-08-2025 06:00,Z2,30.32,69.86,0,88.62,29.38,1140,Low
27-08-2025 07:00,Z2,31.82,72.55,1,89.54,29.59,9249,Low
27-08-2025 08:00,Z2,32.19,66.22,0,89.97,30.82,33589,Low
27-08-2025 09:00,Z2,32.4,68.01,0,90,30.98,43017,Low
27-08-2025 10:00,Z2,32.44,70.12,0,89.91,30.76,58732,Low
27-08-2025 11:00,Z2,34.1,66.9,0,89.41,32.92,62177,Low
27-08-2025 12:00,Z2,33.93,65.83,0,89.86,32.49,62905,Low
27-08-2025 13:00,Z2,33.99,69.86,0,89.64,32.44,60813,Low
27-08-2025 14:00,Z2,34.13,64.62,0,89.79,33.14,53523,Low
27-08-2025 15:00,Z2,32.46,70.54,0,90,31.08,46311,Low
27-08-2025 16:00,Z2,31.17,67.34,0,90,29.66,31082,Low
27-08-2025 17:00,Z2,30.72,69.4,0,89.61,28.9,18615,Low
27-08-2025 18:00,Z2,28.6,75.79,0,89.62,26.86,0,Low
27-08-2025 19:00,Z2,28.44,73.71,0,90,26.7,824,Low
27-08-2025 20:00,Z2,27.09,76.44,0,89.84,25.97,2598,Low
27-08-2025 21:00,Z2,26.6,81.19,0,89.59,25.35,1078,Low
27-08-2025 22:00,Z2,25.5,79.25,0,89.72,24.78,1363,Low
27-08-2025 23:00,Z2,25.19,79.29,0,89.7,23.59,1722,Low
28-08-2025 00:00,Z2,25.18,81.06,0,89.66,23.16,0,Low
28-08-2025 01:00,Z2,26.35,75.28,0,89.94,25.41,0,Low
28-08-2025 02:00,Z2,25.9,82.25,0,89.18,24.37,2492,Low
28-08-2025 03:00,Z2,26.22,76.05,0,89.71,24.11,318,Low
28-08-2025 04:00,Z2,27.43,74.69,0,89.93,25.85,0,Low
28-08-2025 05:00,Z2,28.79,74.69,0,90,27.23,1961,Low
28-08-2025 06:00,Z2,29.3,72.06,0,89.67,28,0,Low
28-08-2025 07:00,Z2,30.7,71.74,0,89.45,29.29,17111,Low
28-08-2025 08:00,Z2,32.56,71.12,0,89.45,31.13,32949,Low
28-08-2025 09:00,Z2,33.1,66.61,0,89.29,31.25,47249,Low
28-08-2025 10:00,Z2,33.76,83.21,5,90,32.64,26146,Low
28-08-2025 11:00,Z2,33.48,69.25,0,90,31.54,63843,Low
28-08-2025 12:00,Z2,34.52,67.73,0,90,33.18,62008,Low
28-08-2025 13:00,Z2,34.72,64.92,0,89.4,32.9,61710,Low
28-08-2025 14:00,Z2,33.56,65.53,0,89.34,32.04,55054,Low
28-08-2025 15:00,Z2,32.07,70.51,0,88.97,30.64,42744,Low
28-08-2025 16:00,Z2,31.88,68.02,0,88.86,30.57,34010,Low
28-08-2025 17:00,Z2,30.61,68.91,0,88.9,28.45,14645,Low
28-08-2025 18:00,Z2,29.41,72.37,0,88.94,27.9,0,Low
28-08-2025 19:00,Z2,29.22,76.8,0,89.13,26.97,2333,Low
28-08-2025 20:00,Z2,27.03,77.15,0,89.01,25.09,1252,Low
28-08-2025 21:00,Z2,25.7,77.99,0,88.94,23.74,707,Low
28-08-2025 22:00,Z2,26.3,76.4,0,89.01,25.27,0,Low
28-08-2025 23:00,Z2,26.22,77.41,0.5,89.55,24.6,1868,Low
29-08-2025 00:00,Z2,24.25,80.49,0,89.04,22.53,0,Low
29-08-2025 01:00,Z2,25.07,77.27,0,88.98,24.26,3804,Low
29-08-2025 02:00,Z2,25.97,78.17,0,89.01,24.42,2948,Low
29-08-2025 03:00,Z2,26.15,77.29,0,88.94,25.21,1620,Low
29-08-2025 04:00,Z2,26.98,84.29,2,90,25.38,351,Low
29-08-2025 05:00,Z2,28.36,75.85,0,89.58,27.01,0,Low
29-08-2025 06:00,Z2,29.27,74.87,0,89.93,27.36,0,Low
29-08-2025 07:00,Z2,29.52,74.01,0,89.72,27.45,16313,Low
29-08-2025 08:00,Z2,32.16,69.65,0,90,30.78,31285,Low
29-08-2025 09:00,Z2,33.19,69.48,0,89.28,32,44999,Low
29-08-2025 10:00,Z2,33.94,66.33,0,88.95,31.82,54859,Low
29-08-2025 11:00,Z2,34.95,66.59,0,88.68,33.8,61760,Low
29-08-2025 12:00,Z2,34.44,64.69,0,88.76,33.55,63689,Low
29-08-2025 13:00,Z2,34.71,67.82,0,88.54,33.52,62567,Low
29-08-2025 14:00,Z2,32.62,69.07,0,88.95,30.88,55523,Low
29-08-2025 15:00,Z2,32.52,68.75,0,89.37,31.1,46509,Low
29-08-2025 16:00,Z2,32.26,66.84,0,89.51,31.02,33848,Low
29-08-2025 17:00,Z2,31.34,70.69,0,89.24,30.6,14165,Low
29-08-2025 18:00,Z2,29.7,70.67,0,89.27,28.53,2911,Low
29-08-2025 19:00,Z2,27.65,74.77,0,89.28,26.95,1796,Low
29-08-2025 20:00,Z2,27.51,75.55,0,89.59,26.11,2264,Low
29-08-2025 21:00,Z2,27.04,73.97,0,89.23,26.03,3894,Low
29-08-2025 22:00,Z2,25.82,78.13,0,88.79,24.08,0,Low
29-08-2025 23:00,Z2,25.06,76.89,0,88.85,23.49,0,Low
30-08-2025 00:00,Z2,24.84,76.16,0,88.49,23.36,1982,Low
30-08-2025 01:00,Z2,24.96,78.36,0,88.46,23.85,0,Low
30-08-2025 02:00,Z2,25.58,78.9,0,88.18,24.25,967,Low
30-08-2025 03:00,Z2,25.76,83.38,2,90,24.42,1194,Low
30-08-2025 04:00,Z2,27.7,77.89,0,89.95,26.56,5130,Low
30-08-2025 05:00,Z2,28.57,78.52,0,89.98,26.93,2541,Low
30-08-2025 06:00,Z2,30.09,71.12,0,89.83,28.87,0,Low
30-08-2025 07:00,Z2,30.46,71.82,0,89.45,29.22,13590,Low
30-08-2025 08:00,Z2,30.92,69.52,0,89.93,28.94,33137,Low
30-08-2025 09:00,Z2,32.34,69.37,0,89.74,30.89,42359,Low
30-08-2025 10:00,Z2,33.16,70.16,0,89.83,32.12,52435,Low
30-08-2025 11:00,Z2,34.05,64.72,0,89.5,33.39,61553,Low
30-08-2025 12:00,Z2,33.38,67.25,0,89.4,31.8,62975,Low
30-08-2025 13:00,Z2,34.72,62.35,0,89.48,33.61,61366,Low
30-08-2025 14:00,Z2,32.92,69.27,0,89.5,30.48,53945,Low
30-08-2025 15:00,Z2,32.33,66.4,0,88.78,31.11,44703,Low
30-08-2025 16:00,Z2,31.56,71.84,0,89,29.68,28883,Low
30-08-2025 17:00,Z2,30.98,84.7,10,90,29.11,5469,Low
30-08-2025 18:00,Z2,28.94,72.47,0,90,27.16,0,Low
30-08-2025 19:00,Z2,28.31,71.46,0,90,26.73,2583,Low
30-08-2025 20:00,Z2,27.74,72.87,0,89.7,26.39,0,Low
30-08-2025 21:00,Z2,26.45,77.68,0,89.68,25.28,0,Low
30-08-2025 22:00,Z2,25.77,77.74,0,89.29,23.6,1566,Low
30-08-2025 23:00,Z2,25.13,79.4,0,89.31,23.81,948,Low
31-08-2025 00:00,Z2,24.69,78.64,0,88.29,22.72,3325,Low
31-08-2025 01:00,Z2,24.86,78.27,0.2,88.15,23.9,0,Low
31-08-2025 02:00,Z2,25.93,78.08,0,87.72,24.23,1111,Low
31-08-2025 03:00,Z2,26.84,75.22,0.2,88.12,25.27,0,Low
31-08-2025 04:00,Z2,28.51,71.06,0,87.55,27.3,0,Low
31-08-2025 05:00,Z2,28.11,74.33,0,87.38,26.35,0,Low
31-08-2025 06:00,Z2,29.36,75.14,0,87.72,27.56,0,Low
31-08-2025 07:00,Z2,29.75,75.36,0,87.46,27.87,15017,Low
31-08-2025 08:00,Z2,32.17,69.38,0,87.95,31.25,31809,Low
31-08-2025 09:00,Z2,33.04,70.11,0,88.05,30.83,48031,Low
31-08-2025 10:00,Z2,32.89,67.55,0,88.31,31.44,52816,Low
31-08-2025 11:00,Z2,34.59,62.66,0,88.32,32.92,58727,Low
31-08-2025 12:00,Z2,35.19,65.14,0,87.87,33.75,66069,Low
31-08-2025 13:00,Z2,33.67,65.93,0,87.57,32.37,62160,Low
31-08-2025 14:00,Z2,33.44,65.07,0,87.44,31.77,52402,Low
31-08-2025 15:00,Z2,33,70.71,0,86.96,30.7,43950,Low
31-08-2025 16:00,Z2,31.63,69.46,0,86.17,30.17,30979,Low
31-08-2025 17:00,Z2,31.09,69.82,0,85.64,29.53,15022,Low
31-08-2025 18:00,Z2,30.3,73.09,0,85.63,29.21,0,Low
31-08-2025 19:00,Z2,28.65,72.74,0,85.38,26.44,2189,Low
31-08-2025 20:00,Z2,25.19,78.15,0,85.3,23.55,0,Low
31-08-2025 21:00,Z2,27.09,80.5,1,86.87,25.72,1149,Low
31-08-2025 22:00,Z2,24.59,81.76,0,86.72,23.05,0,Low
31-08-2025 23:00,Z2,24.62,80.46,0,87.04,23.48,69,Low
01-09-2025 00:00,Z2,25.5,77.31,0,87.15,24.21,0,Low
01-09-2025 01:00,Z2,24.44,77.25,0,87.86,23.14,2744,Low
01-09-2025 02:00,Z2,24.41,81.95,0,88.12,23.11,999,Low
01-09-2025 03:00,Z2,25.92,78.4,0,88.18,24.78,0,Low
01-09-2025 04:00,Z2,26.72,75.62,0,88.01,25.19,1574,Low
01-09-2025 05:00,Z2,28.08,75.92,0,87.96,26.46,0,Low
01-09-2025 06:00,Z2,29.93,71.71,0,87.81,27.91,0,Low
01-09-2025 07:00,Z2,30.86,70.72,0,88.36,29.7,17137,Low
01-09-2025 08:00,Z2,31.44,70.08,0,88.6,29.81,30686,Low
01-09-2025 09:00,Z2,32.95,67.32,0,88.91,31.5,48395,Low
01-09-2025 10:00,Z2,33.76,70.97,0,89.02,32.46,58546,Low
01-09-2025 11:00,Z2,32.93,68.86,0,88.97,31.26,62699,Low
01-09-2025 12:00,Z2,33.84,65.99,0.5,89.57,32.21,30448,Low
01-09-2025 13:00,Z2,33.49,63.26,0,89.18,32.36,63511,Low
01-09-2025 14:00,Z2,33.91,66.8,0,88.81,32.68,52966,Low
01-09-2025 15:00,Z2,31.75,68.43,0,88.33,30.1,45403,Low
01-09-2025 16:00,Z2,31.81,71.15,0,88.03,29.78,30910,Low
01-09-2025 17:00,Z2,30.51,71.24,0,87.8,29.69,14530,Low
01-09-2025 18:00,Z2,28.6,76.71,0,87.64,27.29,2515,Low
01-09-2025 19:00,Z2,27.4,77.7,0,87.2,25.86,1007,Low
01-09-2025 20:00,Z2,27.39,76.41,0,86.63,25.67,0,Low
01-09-2025 21:00,Z2,25.2,78.93,0,86.28,23.95,0,Low
01-09-2025 22:00,Z2,25.27,79.07,0,85.97,24.26,0,Low
01-09-2025 23:00,Z2,24.83,78.49,0,85.79,23.86,0,Low
02-09-2025 00:00,Z2,24.79,80.17,0,85.77,22.33,1251,Low
02-09-2025 01:00,Z2,24.43,81.82,0,85.79,22.38,285,Low
02-09-2025 02:00,Z2,26.04,79.94,0,85.74,24.78,0,Low
02-09-2025 03:00,Z2,25.34,80.08,0,85.95,23.46,1627,Low
02-09-2025 04:00,Z2,26.45,78.05,0,86.18,25.49,973,Low
02-09-2025 05:00,Z2,26.83,78.67,0.2,85.95,24.77,0,Low
02-09-2025 06:00,Z2,29.59,73.06,0,85.71,27.58,0,Low
02-09-2025 07:00,Z2,29.53,72.25,0,85.49,28.25,16821,Low
02-09-2025 08:00,Z2,31.9,67.76,0.2,85.57,29.6,17010,Low
02-09-2025 09:00,Z2,32.76,69.71,0,85.76,31.7,42894,Low
02-09-2025 10:00,Z2,33.64,65.35,0,85.2,32.65,53880,Low
02-09-2025 11:00,Z2,33.33,66.61,0.2,85.49,31.6,28592,Low
02-09-2025 12:00,Z2,33.8,68.64,0,85.64,31.69,62007,Low
02-09-2025 13:00,Z2,33.52,69.41,0,85.36,32.11,56478,Low
02-09-2025 14:00,Z2,32.93,68.53,0,84.97,30.71,58601,Low
02-09-2025 15:00,Z2,33.47,68.99,0,84.62,31.96,42607,Low
02-09-2025 16:00,Z2,30.41,70.25,0,84.52,28.18,36410,Low
02-09-2025 17:00,Z2,30.24,73.73,0,83.79,29.11,15762,Low
02-09-2025 18:00,Z2,29.22,72.27,0,84.17,27.64,4316,Low
02-09-2025 19:00,Z2,28.41,70.51,0,83.79,26.73,0,Low
02-09-2025 20:00,Z2,25.28,77.94,0,83.66,24.02,0,Low
02-09-2025 21:00,Z2,26.93,81.37,0,83.79,24.79,0,Low
02-09-2025 22:00,Z2,26.2,77.2,0,83.66,24.43,0,Low
02-09-2025 23:00,Z2,25.41,79.63,0,83.04,23.83,491,Low
03-09-2025 00:00,Z2,24.76,79.47,0,83.35,23.07,863,Low
03-09-2025 01:00,Z2,24.36,81.64,0,83.3,22.61,413,Low
03-09-2025 02:00,Z2,25.52,79.32,0.2,83.76,24.26,2051,Low
03-09-2025 03:00,Z2,25.62,81.93,0,83.69,24.22,563,Low
03-09-2025 04:00,Z2,26.82,75.94,0.2,84.22,24.35,0,Low
03-09-2025 05:00,Z2,27.75,74.04,0,83.92,26.61,2251,Low
03-09-2025 06:00,Z2,29.36,74.55,0,83.61,27.58,0,Low
03-09-2025 07:00,Z2,30.04,76.33,0,83.63,28.19,18224,Low
03-09-2025 08:00,Z2,31.77,71.92,0,83.52,30.36,32797,Low
03-09-2025 09:00,Z2,31.9,68.88,0,83.21,30.1,45481,Low
03-09-2025 10:00,Z2,32.7,69.41,0,83.44,31.44,54519,Low
03-09-2025 11:00,Z2,33.39,65.09,0,82.64,31.68,61264,Low
03-09-2025 12:00,Z2,34.34,66.6,0,82.54,32.84,65471,Low
03-09-2025 13:00,Z2,34.22,66.11,0,81.82,32.89,59807,Low
03-09-2025 14:00,Z2,32.76,67.12,0,81.98,31.31,54593,Low
03-09-2025 15:00,Z2,32.15,69.3,0,81.51,30.42,46561,Low
03-09-2025 16:00,Z2,31.5,72.12,0,81.88,29.77,32060,Low
03-09-2025 17:00,Z2,30.22,74.21,0,81.73,29.06,13569,Low
03-09-2025 18:00,Z2,29.36,71.91,0,81.42,28.14,1211,Low
03-09-2025 19:00,Z2,28.53,73.47,0,81.01,26.89,1088,Low
03-09-2025 20:00,Z2,26.82,78.96,0,80.9,24.93,4397,Low
03-09-2025 21:00,Z2,24.44,80.07,0,80.81,22.97,0,Low
03-09-2025 22:00,Z2,25.67,81.32,0,80.79,24.18,0,Low
03-09-2025 23:00,Z2,24.05,79.65,0,80.83,22.73,0,Low
04-09-2025 00:00,Z2,23.89,81.58,0,81.41,22.53,0,Low
04-09-2025 01:00,Z2,25.01,77.06,0,81.33,23.87,3439,Low
04-09-2025 02:00,Z2,25.06,79.9,0,81.61,23.31,2079,Low
04-09-2025 03:00,Z2,25.3,79.68,0.2,81.5,23.58,0,Low
04-09-2025 04:00,Z2,26.54,76.94,0,81.34,25.34,2159,Low
04-09-2025 05:00,Z2,27.55,72.53,0,81.38,25.97,0,Low
04-09-2025 06:00,Z2,29.1,72.77,0,80.98,27.5,1053,Low
04-09-2025 07:00,Z2,30.54,68.99,0,80.94,28.81,16372,Low
04-09-2025 08:00,Z2,30.45,73.4,0,81.11,29.05,32262,Low
04-09-2025 09:00,Z2,31.72,68.74,0,81.05,31.33,47142,Low
04-09-2025 10:00,Z2,33.05,67.6,0,81.24,32.01,56098,Low
04-09-2025 11:00,Z2,34.41,64.47,0,80.82,33.1,59992,Low
04-09-2025 12:00,Z2,34.07,70.15,0,80.77,32.63,64341,Low
04-09-2025 13:00,Z2,33.46,80.76,5,85.8,32.01,31474,Low
04-09-2025 14:00,Z2,33.49,63.71,0,85.61,31.78,56764,Low
04-09-2025 15:00,Z2,32.38,65.38,0,85.58,30.66,47162,Low
04-09-2025 16:00,Z2,31.38,69.61,0,85.04,29.38,34443,Low
04-09-2025 17:00,Z2,29.37,73.27,0,85.41,28.47,18634,Low
04-09-2025 18:00,Z2,28.56,76.77,0,85.5,26.8,0,Low
04-09-2025 19:00,Z2,27.8,75.82,0,85.8,25.87,0,Low
04-09-2025 20:00,Z2,27.19,73.98,0,86.15,25.37,1266,Low
04-09-2025 21:00,Z2,24.94,79.81,0.2,86.24,23.55,0,Low
04-09-2025 22:00,Z2,24.97,79.54,0,86.4,23.97,0,Low
04-09-2025 23:00,Z2,25.37,78.29,0,86.09,23.57,5997,Low
05-09-2025 00:00,Z2,24.16,78.53,0,86.03,23.03,1989,Low
05-09-2025 01:00,Z2,24.71,80.39,0,85.77,22.65,0,Low
05-09-2025 02:00,Z2,25.02,76.16,0,86.33,22.85,233,Low
05-09-2025 03:00,Z2,25.6,79.67,0,85.83,23.67,530,Low
05-09-2025 04:00,Z2,26.82,75.66,0,85.27,25,0,Low
05-09-2025 05:00,Z2,26.73,80.14,0,85.58,24.49,0,Low
05-09-2025 06:00,Z2,28.56,72.72,0,85.21,26.49,1869,Low
05-09-2025 07:00,Z2,30.5,69.3,0,85.07,28.84,16320,Low
05-09-2025 08:00,Z2,30.85,72.48,0.2,85.41,29.05,18684,Low
05-09-2025 09:00,Z2,31.74,68.45,0,85.51,30.05,43874,Low
05-09-2025 10:00,Z2,32.23,72.65,0,84.92,30.42,56384,Low
05-09-2025 11:00,Z2,32.68,66.81,0,84.88,31.34,59289,Low
05-09-2025 12:00,Z2,34.64,65.56,0,85.18,33.17,59510,Low
05-09-2025 13:00,Z2,33.75,63.73,0,85.44,31.52,62038,Low
05-09-2025 14:00,Z2,33.29,68.89,0,85.39,31.65,55089,Low
05-09-2025 15:00,Z2,33.11,69.74,0,85.24,31.92,42511,Low
05-09-2025 16:00,Z2,31.35,73.81,0,85.11,29.53,30294,Low
05-09-2025 17:00,Z2,29.5,73.4,0,84.96,27.8,13637,Low
05-09-2025 18:00,Z2,29.91,72.08,0,84.57,28.06,1527,Low
05-09-2025 19:00,Z2,27.14,79.82,0,84.42,25.6,2223,Low
05-09-2025 20:00,Z2,26.87,75.32,0,84.06,25.81,0,Low
05-09-2025 21:00,Z2,25.89,79.72,0,84.16,24.72,0,Low
05-09-2025 22:00,Z2,24.86,79.1,0,84.52,23.07,3544,Low
05-09-2025 23:00,Z2,26.67,79.53,0,84.12,25.02,1851,Low
06-09-2025 00:00,Z2,25,76.04,0.2,84.37,23.8,2304,Low
06-09-2025 01:00,Z2,25.52,80.96,0,84.22,23.91,0,Low
06-09-2025 02:00,Z2,25.57,82.41,0.5,84.56,24.26,1037,Low
06-09-2025 03:00,Z2,25.05,81.21,0,84.2,23.28,0,Low
06-09-2025 04:00,Z2,27.83,73.04,0,83.93,26.33,0,Low
06-09-2025 05:00,Z2,28.26,77.44,0,83.7,26.58,0,Low
06-09-2025 06:00,Z2,28.54,72.71,0,83.59,26.77,1023,Low
06-09-2025 07:00,Z2,29.98,70.78,0,83.12,28.44,14040,Low
06-09-2025 08:00,Z2,31.17,69.68,0,82.84,29.61,35995,Low
06-09-2025 09:00,Z2,32.43,72.14,0,82.99,30.46,45429,Low
06-09-2025 10:00,Z2,33.35,64.79,0,83,31.52,54449,Low
06-09-2025 11:00,Z2,32.77,70.45,0,82.93,30.42,61158,Low
06-09-2025 12:00,Z2,33.25,68.5,0,83.01,30.76,64647,Low
06-09-2025 13:00,Z2,33.42,66.41,0,83.03,31.89,61990,Low
06-09-2025 14:00,Z2,32.5,68.11,0,82.95,31.37,57708,Low
06-09-2025 15:00,Z2,33.57,69.09,0,83.35,32.53,46356,Low
06-09-2025 16:00,Z2,31.06,71.85,0,83.15,29.01,32320,Low
06-09-2025 17:00,Z2,30.71,73.44,0,83.35,28.51,18794,Low
06-09-2025 18:00,Z2,28.69,75.17,0,83.44,27.15,0,Low
06-09-2025 19:00,Z2,27.52,73.05,0,83.43,26.01,337,Low
06-09-2025 20:00,Z2,26.8,76.14,0,83.31,24.61,2145,Low
06-09-2025 21:00,Z2,26.28,77.19,0,83.31,24.84,3262,Low
06-09-2025 22:00,Z2,25.95,79.47,0,83.54,24.63,56,Low
06-09-2025 23:00,Z2,24.53,80.68,0,83.19,23.21,1194,Low
07-09-2025 00:00,Z2,23.83,79.8,0,82.87,22.65,733,Low
07-09-2025 01:00,Z2,24.91,78.09,0,82.79,23.67,3326,Low
07-09-2025 02:00,Z2,24.41,78.99,0,82.87,22.71,0,Low
07-09-2025 03:00,Z2,27.11,73.19,0,82.67,25.89,116,Low
07-09-2025 04:00,Z2,26.74,76.14,0,82.55,25.41,0,Low
07-09-2025 05:00,Z2,27.9,74.28,0,82.97,26.72,0,Low
07-09-2025 06:00,Z2,28.7,72.78,0,82.79,27.31,49,Low
07-09-2025 07:00,Z2,30.54,75.23,0,82.75,28.77,14814,Low
07-09-2025 08:00,Z2,31.5,70.11,0,82.67,30.52,31131,Low
07-09-2025 09:00,Z2,32.98,68.3,0,82.56,31.39,47040,Low
07-09-2025 10:00,Z2,32.54,67.01,0,83.06,30.65,57111,Low
07-09-2025 11:00,Z2,33.98,66.16,0,82.68,32.8,64252,Low
07-09-2025 12:00,Z2,33.13,66.88,0,82.22,31.12,65713,Low
07-09-2025 13:00,Z2,33.69,67.15,1,83.25,32.08,31957,Low
07-09-2025 14:00,Z2,32.59,69.65,0,83.4,31.12,56207,Low
07-09-2025 15:00,Z2,32.24,69.54,0,82.97,30.63,46404,Low
07-09-2025 16:00,Z2,31.56,70.67,0,82.86,30.24,31915,Low
07-09-2025 17:00,Z2,29.98,73.92,0,82.44,28.47,18776,Low
07-09-2025 18:00,Z2,28.83,77.18,1,83.5,27.43,1538,Low
07-09-2025 19:00,Z2,27.81,73.13,0,83.24,26.04,0,Low
07-09-2025 20:00,Z2,26.56,74.71,0,83.3,25.49,869,Low
07-09-2025 21:00,Z2,26.09,74.72,0,83.21,25.18,0,Low
07-09-2025 22:00,Z2,24.85,83.34,0,83.08,22.87,3331,Low
07-09-2025 23:00,Z2,25.43,80.35,0,82.92,24.44,0,Low
08-09-2025 00:00,Z2,24.58,80.96,0,82.84,22.45,3641,Low
08-09-2025 01:00,Z2,24.36,78.46,0,82.88,22.83,0,Low
08-09-2025 02:00,Z2,24.73,79.54,0,83.21,23.8,0,Low
08-09-2025 03:00,Z2,25.58,79.92,0,83.19,23.55,317,Low
08-09-2025 04:00,Z2,26.46,78.92,0.5,83.64,25.23,0,Low
08-09-2025 05:00,Z2,28,77,0,83.49,27.15,0,Low
08-09-2025 06:00,Z2,28.13,73.13,0,83.13,26.62,0,Low
08-09-2025 07:00,Z2,31.18,72.03,0,82.72,29.54,18752,Low
08-09-2025 08:00,Z2,30.81,70.11,0,82.65,29.43,30393,Low
08-09-2025 09:00,Z2,32.27,68.08,0,82.65,30.95,45741,Low
08-09-2025 10:00,Z2,32.23,67.04,0,82.67,30.61,55012,Low
08-09-2025 11:00,Z2,34.11,65.73,0,82.72,32.7,62719,Low
08-09-2025 12:00,Z2,33.63,68.67,0,82.37,31.7,62362,Low
08-09-2025 13:00,Z2,33.53,65.44,0,82.04,32.19,61950,Low
08-09-2025 14:00,Z2,33.36,68.63,0,81.92,32.47,52249,Low
08-09-2025 15:00,Z2,32.16,70.18,0,82.14,31.55,45417,Low
08-09-2025 16:00,Z2,30.32,70.19,0,81.67,27.87,33049,Low
08-09-2025 17:00,Z2,31.28,70.18,0,82.02,30.24,15514,Low
08-09-2025 18:00,Z2,29.64,73.31,0,82.52,28.07,2203,Low
08-09-2025 19:00,Z2,28.16,74.61,0,82.71,26.28,1696,Low
08-09-2025 20:00,Z2,27.18,80.41,2,85.67,26.46,0,Low
08-09-2025 21:00,Z2,25.96,82.36,2,88.61,25.27,0,Low
08-09-2025 22:00,Z2,25.51,79.97,0,88.59,23.49,638,Low
08-09-2025 23:00,Z2,24.82,77.36,0,88.66,23.44,1801,Low
09-09-2025 00:00,Z2,24.87,77.68,0,88.83,22.62,0,Low
09-09-2025 01:00,Z2,25.39,75.84,0,88.79,23.95,4025,Low
09-09-2025 02:00,Z2,24.74,83.09,0,88.55,23.72,0,Low
09-09-2025 03:00,Z2,26.6,75.94,0,88.49,24.7,0,Low
09-09-2025 04:00,Z2,26.72,76.6,0,88.29,25.96,178,Low
09-09-2025 05:00,Z2,28.39,76.06,0,88.24,27.43,0,Low
09-09-2025 06:00,Z2,29.86,71.81,0,88.08,28.2,0,Low
09-09-2025 07:00,Z2,29.66,71.77,0,87.84,27.68,19050,Low
09-09-2025 08:00,Z2,31.49,69.04,0,87.53,30.42,32061,Low
09-09-2025 09:00,Z2,32.28,69.66,0,87.4,30.97,45558,Low
09-09-2025 10:00,Z2,32.18,67.21,0,86.93,30.26,54694,Low
09-09-2025 11:00,Z2,33.21,71.89,0,86.83,31.39,58522,Low
09-09-2025 12:00,Z2,32.51,68.95,0,87.36,30.88,64671,Low
09-09-2025 13:00,Z2,32.78,69.64,0,87.3,31.63,63998,Low
09-09-2025 14:00,Z2,32.72,69.51,0,86.99,31.32,53725,Low
09-09-2025 15:00,Z2,31.89,70.81,0,87.28,30.36,46360,Low
09-09-2025 16:00,Z2,32.46,68.41,0,86.91,31.03,33289,Low
09-09-2025 17:00,Z2,29.73,73.72,0,86.96,27.49,15537,Low
09-09-2025 18:00,Z2,29.8,73.29,0,87.12,28.21,622,Low
09-09-2025 19:00,Z2,28.29,74.07,0.2,87.9,27.16,0,Low
09-09-2025 20:00,Z2,27.57,76.65,0,87.79,25.93,1352,Low
09-09-2025 21:00,Z2,25.43,79.25,0,87.81,23.85,2475,Low
09-09-2025 22:00,Z2,25.64,77.17,0,87.49,23.46,2665,Low
09-09-2025 23:00,Z2,24.35,82.18,0,87.31,22.74,989,Low
10-09-2025 00:00,Z2,24.68,80.02,0,87.28,23.66,0,Low
10-09-2025 01:00,Z2,25.29,78.36,0,87.19,24.56,0,Low
10-09-2025 02:00,Z2,24.74,78.94,0,87.16,23.04,2915,Low
10-09-2025 03:00,Z2,25.4,78.62,0,87.21,22.86,72,Low
10-09-2025 04:00,Z2,27.47,77.96,0,87.68,26.84,985,Low
10-09-2025 05:00,Z2,28.67,73.48,0,87.3,27.38,3192,Low
10-09-2025 06:00,Z2,29,72.81,0,87.13,28.18,2840,Low
10-09-2025 07:00,Z2,30.44,72.85,0,86.84,28.68,16690,Low
10-09-2025 08:00,Z2,30.05,72.08,0,86.46,28.4,30059,Low
10-09-2025 09:00,Z2,33.19,67.84,0,85.98,32.17,41738,Low
10-09-2025 10:00,Z2,33.14,68.94,0,85.8,31.2,54710,Low
10-09-2025 11:00,Z2,33.35,67.97,0,85.81,31.85,61783,Low
10-09-2025 12:00,Z2,34.14,67.77,0,85.48,32.71,63452,Low
10-09-2025 13:00,Z2,33.33,66.56,0,85.59,31.51,58297,Low
10-09-2025 14:00,Z2,32.93,68.34,0,85.71,31.08,58402,Low
10-09-2025 15:00,Z2,32.23,69.09,0,86,30.51,46810,Low
10-09-2025 16:00,Z2,31.11,69.68,0,85.94,29.06,33561,Low
10-09-2025 17:00,Z2,30.48,71.09,0,85.88,29.2,16317,Low
10-09-2025 18:00,Z2,29.24,72.31,0,85.54,27.82,957,Low
10-09-2025 19:00,Z2,28.24,75.89,0,85.81,27.18,0,Low
10-09-2025 20:00,Z2,26.8,77.06,0,85.28,24.91,3302,Low
10-09-2025 21:00,Z2,26.58,78.8,0,84.98,24.71,2819,Low
10-09-2025 22:00,Z2,25.09,93.3,10,90,23.34,2012,Low
10-09-2025 23:00,Z2,23.9,81.09,0,89.74,22.81,0,Low
11-09-2025 00:00,Z2,23.83,80.21,0,89.88,22.23,0,Low
11-09-2025 01:00,Z2,24.63,78.3,0,89.33,23.16,0,Low
11-09-2025 02:00,Z2,25.59,75.89,0,88.72,24.52,24,Low
11-09-2025 03:00,Z2,26.26,77.85,0,88.21,24.72,1120,Low
11-09-2025 04:00,Z2,26.36,79.06,0,87.97,24.61,378,Low
11-09-2025 05:00,Z2,27.24,72.65,0,88.09,25.13,3763,Low
11-09-2025 06:00,Z2,28.77,71.44,0,88.48,27.43,0,Low
11-09-2025 07:00,Z2,30.71,70.05,0,88.31,29.22,17113,Low
11-09-2025 08:00,Z2,31.74,71.81,0,88.45,30.84,30162,Low
11-09-2025 09:00,Z2,32,66.7,0,88.44,30.55,45514,Low
11-09-2025 10:00,Z2,34.51,63.85,0,88.12,33.03,57171,Low
11-09-2025 11:00,Z2,33.12,67.83,0,87.77,32.2,58717,Low
11-09-2025 12:00,Z2,34.94,61.81,0,87.6,33.19,64872,Low
11-09-2025 13:00,Z2,33.07,65.55,0,87.46,31.39,63063,Low
11-09-2025 14:00,Z2,32.53,68.75,0,87.55,31.33,56463,Low
11-09-2025 15:00,Z2,32.11,69.12,0,87.65,30.3,42617,Low
11-09-2025 16:00,Z2,31.69,70.41,0,87.89,29.81,31107,Low
11-09-2025 17:00,Z2,30.73,72.44,0,87.53,30.2,14336,Low
11-09-2025 18:00,Z2,29.28,73.08,0,87.53,27.61,5734,Low
11-09-2025 19:00,Z2,28.52,75,0,87.02,27.22,630,Low
11-09-2025 20:00,Z2,26.61,77.55,0,86.69,25.04,0,Low
11-09-2025 21:00,Z2,25.02,78.95,0,86.7,23.21,3072,Low
11-09-2025 22:00,Z2,24.94,78.24,0,86.41,23.59,0,Low
11-09-2025 23:00,Z2,25.31,80.93,0,86.56,24.48,1691,Low
12-09-2025 00:00,Z2,24.75,80.19,0,85.94,23.04,1069,Low
12-09-2025 01:00,Z2,24.24,77.52,0,86.12,23.01,3080,Low
12-09-2025 02:00,Z2,25.69,78.98,0,86.34,24.12,0,Low
12-09-2025 03:00,Z2,25.98,79.14,0,86.03,23.94,0,Low
12-09-2025 04:00,Z2,26.47,77.38,0,86.49,24.69,0,Low
12-09-2025 05:00,Z2,28.06,76.38,0,86.47,26.18,2449,Low
12-09-2025 06:00,Z2,28.68,70.2,0,86.13,27.53,0,Low
12-09-2025 07:00,Z2,30.79,73.05,0,86.28,30.29,17581,Low
12-09-2025 08:00,Z2,30.3,72.78,0,86.39,29.25,27813,Low
12-09-2025 09:00,Z2,32.62,69.31,0,86.38,31.11,46650,Low
12-09-2025 10:00,Z2,32.62,66.37,0,86.1,30.78,54751,Low
12-09-2025 11:00,Z2,33.37,69.66,0,85.86,31.56,63637,Low
12-09-2025 12:00,Z2,33.46,67.11,0,85.66,32.36,62848,Low
12-09-2025 13:00,Z2,33.37,67.93,0,85.62,31.99,62146,Low
12-09-2025 14:00,Z2,33.48,67.44,0,85.69,31.38,54531,Low
12-09-2025 15:00,Z2,32.71,70.52,0,85.31,31.04,42281,Low
12-09-2025 16:00,Z2,31.3,69.72,0,85.33,29.74,33440,Low
12-09-2025 17:00,Z2,30.14,75.15,0,84.74,29.47,14094,Low
12-09-2025 18:00,Z2,29.46,75.21,0,84.71,27.89,0,Low
12-09-2025 19:00,Z2,27.51,80.43,0,84.35,26.05,2663,Low
12-09-2025 20:00,Z2,27.52,73.65,0,84.44,26.06,570,Low
12-09-2025 21:00,Z2,25.02,81.72,0,83.91,23.42,0,Low
12-09-2025 22:00,Z2,24.42,80.46,0,83.83,22.19,903,Low
12-09-2025 23:00,Z2,25.27,79.17,0,83.6,23.8,0,Low
13-09-2025 00:00,Z2,23.46,78.54,0,83.39,21.9,1818,Low
13-09-2025 01:00,Z2,25.03,79.15,0,83.41,23.09,397,Low
13-09-2025 02:00,Z2,25.78,78.1,0,83.37,24.14,1468,Low
13-09-2025 03:00,Z2,26.09,78.62,0,83.53,24.56,0,Low
13-09-2025 04:00,Z2,27.47,74.74,0,83.85,25.33,0,Low
13-09-2025 05:00,Z2,27.99,76.03,0,83.79,26.09,0,Low
13-09-2025 06:00,Z2,29.62,72.45,0,83.82,28.42,3851,Low
13-09-2025 07:00,Z2,30.36,70.36,0,83.78,29.57,15979,Low
13-09-2025 08:00,Z2,31.15,76.63,2,86.75,30.15,18070,Low
13-09-2025 09:00,Z2,32.67,69.42,0,86.58,30.47,47229,Low
13-09-2025 10:00,Z2,32.42,71.56,0,86.76,30.55,52433,Low
13-09-2025 11:00,Z2,32.69,68.41,0,87.12,31.61,61262,Low
13-09-2025 12:00,Z2,34.35,66.89,0,87.18,32.7,66482,Low
13-09-2025 13:00,Z2,33.25,65.4,0,87.2,31.96,63727,Low
13-09-2025 14:00,Z2,33.08,65.55,0,86.91,31.44,52447,Low
13-09-2025 15:00,Z2,31.95,66.49,0,86.49,30.58,43549,Low
13-09-2025 16:00,Z2,31.28,71.52,0.2,86.28,30.23,14347,Low
13-09-2025 17:00,Z2,30.71,72.86,0,86.19,29.62,19789,Low
13-09-2025 18:00,Z2,29.27,71.91,0,86.29,28.17,2464,Low
13-09-2025 19:00,Z2,28.29,73.46,0,86.79,27.04,0,Low
13-09-2025 20:00,Z2,26.76,77.22,0,86.87,25.6,0,Low
13-09-2025 21:00,Z2,26.66,78.05,0,86.97,25.32,139,Low
13-09-2025 22:00,Z2,24.09,81.44,0,87.21,22.78,0,Low
13-09-2025 23:00,Z2,24.33,81.3,0,87.44,22.65,0,Low
14-09-2025 00:00,Z2,23.79,80.28,0,86.94,22.74,2220,Low
14-09-2025 01:00,Z2,25.08,76.96,0,86.36,23.64,0,Low
14-09-2025 02:00,Z2,24.27,79.97,0,86.28,22.83,2623,Low
14-09-2025 03:00,Z2,25.79,78.62,0,86.19,24.67,2210,Low
14-09-2025 04:00,Z2,27.35,77.13,0,85.95,25.45,0,Low
14-09-2025 05:00,Z2,27.05,76.01,0,85.76,25.79,916,Low
14-09-2025 06:00,Z2,28.89,72.29,0,85.76,27.37,1940,Low
14-09-2025 07:00,Z2,30.95,72.21,0,85.39,29.79,17270,Low
14-09-2025 08:00,Z2,31.42,71.85,0,85.35,29.93,34005,Low
14-09-2025 09:00,Z2,31.99,71.63,0,85.05,30.22,45358,Low
14-09-2025 10:00,Z2,33.3,68.53,0,85.04,31.82,54600,Low
14-09-2025 11:00,Z2,33.51,67.6,0,84.94,31.91,61939,Low
14-09-2025 12:00,Z2,34.2,67.52,0,84.78,32.7,62259,Low
14-09-2025 13:00,Z2,33.84,67.22,0,84.47,32.53,64280,Low
14-09-2025 14:00,Z2,32.06,66.98,0,84.81,30.65,55447,Low
14-09-2025 15:00,Z2,32.36,66.23,0,85.02,30.87,45238,Low
14-09-2025 16:00,Z2,30.48,71.57,0,85.04,29.4,27159,Low
14-09-2025 17:00,Z2,31.01,75.04,2,87.59,30.07,7686,Low
14-09-2025 18:00,Z2,28.62,76.21,0,87.6,27.64,1211,Low
14-09-2025 19:00,Z2,28.9,73.92,0,87.95,28.2,1860,Low
14-09-2025 20:00,Z2,27.87,76.99,0,87.75,26.78,2650,Low
14-09-2025 21:00,Z2,26.43,78.2,0,87.76,24.55,0,Low
14-09-2025 22:00,Z2,24.59,80.35,0,87.91,23.62,0,Low
14-09-2025 23:00,Z2,24.79,80.6,0.2,88.08,23.95,0,Low
15-09-2025 00:00,Z2,24.36,79.93,0,87.94,22.49,0,Low
15-09-2025 01:00,Z2,26.25,80.58,0,87.9,24.78,0,Low
15-09-2025 02:00,Z2,26.68,74.99,0,87.68,25.02,0,Low
15-09-2025 03:00,Z2,26.24,77.89,0,87.5,24.53,1877,Low
15-09-2025 04:00,Z2,27.73,76.01,0,87.07,26.39,306,Low
15-09-2025 05:00,Z2,26.72,78.3,0,87.11,25.11,0,Low
15-09-2025 06:00,Z2,29.5,68.8,0,86.97,28.74,0,Low
15-09-2025 07:00,Z2,29.55,72.8,0,87.27,28.07,16870,Low
15-09-2025 08:00,Z2,31.35,71.5,0,87.45,29.26,34786,Low
15-09-2025 09:00,Z2,32.08,71.24,0,87.57,30.47,45752,Low
15-09-2025 10:00,Z2,33.18,68.36,0,88.04,31.49,55107,Low
15-09-2025 11:00,Z2,33.31,69.55,0,87.55,32.5,60346,Low
15-09-2025 12:00,Z2,32.92,70.69,0,87.06,31.48,63907,Low
15-09-2025 13:00,Z2,33.25,71.44,0,87.21,31.96,63146,Low
15-09-2025 14:00,Z2,34.05,64.56,0,86.87,32.29,54717,Low
15-09-2025 15:00,Z2,32.71,69.55,0,86.61,30.67,44768,Low
15-09-2025 16:00,Z2,32.44,69.18,0,86.45,31.27,30422,Low
15-09-2025 17:00,Z2,29.71,73.64,0,86.7,27.96,15353,Low
15-09-2025 18:00,Z2,29.23,73.38,0,86.8,27.78,0,Low
15-09-2025 19:00,Z2,27.46,74.75,0,87.15,25.67,0,Low
15-09-2025 20:00,Z2,27.14,75.58,0,87.41,26.19,0,Low
15-09-2025 21:00,Z2,25.38,80.15,0,87.35,23.76,0,Low
15-09-2025 22:00,Z2,25.21,78.06,0,87.53,23.83,0,Low
15-09-2025 23:00,Z2,23.94,77.67,0,87.33,22.28,0,Low
16-09-2025 00:00,Z2,25.01,78.63,0,87.85,22.8,0,Low
16-09-2025 01:00,Z2,24.7,80.25,0,87.96,23.12,633,Low
16-09-2025 02:00,Z2,24.52,79.13,0,88.02,23.13,1599,Low
16-09-2025 03:00,Z2,25.8,76.32,0,87.86,24.6,0,Low
16-09-2025 04:00,Z2,27.37,75.3,0,87.61,25.68,855,Low
16-09-2025 05:00,Z2,28.01,76.91,0,87.72,26.96,1822,Low
16-09-2025 06:00,Z2,29.22,77.06,1,88.81,27.33,0,Low
16-09-2025 07:00,Z2,30.6,72.48,0,88.81,28.99,16674,Low
16-09-2025 08:00,Z2,30.86,70.08,0,88.73,28.93,32569,Low
16-09-2025 09:00,Z2,31.95,66.41,0,88.85,30.07,42863,Low
16-09-2025 10:00,Z2,33.48,64.23,0,88.63,31.78,57502,Low
16-09-2025 11:00,Z2,33.53,64.89,0,88.41,31.5,62018,Low
16-09-2025 12:00,Z2,33.63,69.96,0,88.94,32.07,62637,Low
16-09-2025 13:00,Z2,33.01,70.41,0,88.87,31.1,64372,Low
16-09-2025 14:00,Z2,32.5,70.81,0,88.5,30.98,58693,Low
16-09-2025 15:00,Z2,31.63,70.41,0,88.21,29.82,44073,Low
16-09-2025 16:00,Z2,30.82,71.25,0,88.26,30.03,28124,Low
16-09-2025 17:00,Z2,28.89,76.23,0,88.5,27.55,16410,Low
16-09-2025 18:00,Z2,29.15,72.63,0,88.4,27.83,588,Low
16-09-2025 19:00,Z2,26.59,92.57,5,90,25.04,0,Low
16-09-2025 20:00,Z2,26.32,78.1,0,89.69,24.59,535,Low
16-09-2025 21:00,Z2,26.02,75.94,0,89.86,25.15,0,Low
16-09-2025 22:00,Z2,24.99,79.15,0,89.74,23.91,0,Low
16-09-2025 23:00,Z2,24.46,80.93,0,89.47,23.2,0,Low
17-09-2025 00:00,Z2,24.77,78.85,0,89.86,23,0,Low
17-09-2025 01:00,Z2,23.83,79.86,0,90,21.74,0,Low
17-09-2025 02:00,Z2,24.61,80.05,0,89.8,23.85,2645,Low
17-09-2025 03:00,Z2,25.94,76.66,0,89.82,24.52,567,Low
17-09-2025 04:00,Z2,26.8,79.68,0,89.75,24.91,1128,Low
17-09-2025 05:00,Z2,27.41,74.18,0,89.69,25.48,844,Low
17-09-2025 06:00,Z2,28.7,76.65,0,88.97,27.06,1095,Low
17-09-2025 07:00,Z2,31.31,67.81,0,88.31,29.62,18976,Low
17-09-2025 08:00,Z2,31.18,69.75,0,88.2,29.36,33335,Low
17-09-2025 09:00,Z2,32.63,68.84,0,88.47,31.2,44222,Low
17-09-2025 10:00,Z2,32.83,67.15,0,88.05,30.6,56267,Low
17-09-2025 11:00,Z2,34.03,68.75,0.2,88.12,32.88,28390,Low
17-09-2025 12:00,Z2,33.51,68.97,0,88.07,31.51,65027,Low
17-09-2025 13:00,Z2,34.51,63.65,0,87.91,32.97,63382,Low
17-09-2025 14:00,Z2,32.92,65.7,0,87.86,31.69,53450,Low
17-09-2025 15:00,Z2,31.58,69.42,0,87.82,30.12,44243,Low
17-09-2025 16:00,Z2,31.9,69.23,0,87.5,29.8,32231,Low
17-09-2025 17:00,Z2,29.66,75.42,0,87.83,27.98,17845,Low
17-09-2025 18:00,Z2,29.27,74.15,0,87.73,27.83,1011,Low
17-09-2025 19:00,Z2,27.93,80.03,0.5,88.27,26.95,1968,Low
17-09-2025 20:00,Z2,26.97,75.64,0,88.21,26.1,0,Low
17-09-2025 21:00,Z2,25.61,75.58,0,88.15,24.21,0,Low
17-09-2025 22:00,Z2,24.55,80.65,0,87.94,23.54,0,Low
17-09-2025 23:00,Z2,24.64,79.01,0,87.97,22.76,110,Low
18-09-2025 00:00,Z2,25.2,77.47,0,88.15,23.97,0,Low
18-09-2025 01:00,Z2,24.22,81.25,0,87.98,21.84,0,Low
18-09-2025 02:00,Z2,26.61,74.43,0,87.95,24.86,1501,Low
18-09-2025 03:00,Z2,25.47,80.5,0,87.79,24.42,0,Low
18-09-2025 04:00,Z2,26.91,79.17,0.2,88.34,25.21,2089,Low
18-09-2025 05:00,Z2,28.23,72.91,0,88.28,26.23,3212,Low
18-09-2025 06:00,Z2,28.68,73.68,0,87.72,27.76,4471,Low
18-09-2025 07:00,Z2,29.94,72.08,0,87.74,28.22,18090,Low
18-09-2025 08:00,Z2,31.28,71.53,0.2,87.01,29.51,17736,Low
18-09-2025 09:00,Z2,32.43,69.36,0,87.2,30.91,44126,Low
18-09-2025 10:00,Z2,32.09,69.65,0,86.67,31.12,53076,Low
18-09-2025 11:00,Z2,33.64,66.12,0,86.54,31.54,60648,Low
18-09-2025 12:00,Z2,33.44,71.25,0,86.56,31.72,64983,Low
18-09-2025 13:00,Z2,32.84,68.46,0,86.72,31.6,61098,Low
18-09-2025 14:00,Z2,33.79,64.47,0,86.67,32.31,53380,Low
18-09-2025 15:00,Z2,32.12,70.01,0,87.34,29.83,47522,Low
18-09-2025 16:00,Z2,31.75,73.44,0,87.13,30.65,31419,Low
18-09-2025 17:00,Z2,30.47,71.98,0,87.61,28.73,16539,Low
18-09-2025 18:00,Z2,29.24,70.43,0,87.4,27.99,0,Low
18-09-2025 19:00,Z2,28.3,90.89,5,90,26.41,3548,Low
18-09-2025 20:00,Z2,26.8,76.3,0.5,90,24.93,0,Low
18-09-2025 21:00,Z2,26.13,80.16,0,90,24.51,0,Low
18-09-2025 22:00,Z2,25.75,78.4,0,89.53,24.32,606,Low
18-09-2025 23:00,Z2,25.06,77.54,0,90,23.89,0,Low
19-09-2025 00:00,Z2,25.58,78.55,0,90,24.42,0,Low
19-09-2025 01:00,Z2,25.06,80.89,0,90,23.62,0,Low
19-09-2025 02:00,Z2,24.78,78.2,0,90,22.61,5337,Low
19-09-2025 03:00,Z2,26.17,77.83,0,89.98,24.84,0,Low
19-09-2025 04:00,Z2,26.74,80.36,0,90,25.01,0,Low
19-09-2025 05:00,Z2,28.31,77.7,0,89.89,26.16,0,Low
19-09-2025 06:00,Z2,30,72.85,0,90,28.6,78,Low
19-09-2025 07:00,Z2,30.51,67.23,0,90,28.65,18331,Low
19-09-2025 08:00,Z2,31.71,71.87,0,90,29.5,31008,Low
19-09-2025 09:00,Z2,32.56,66.97,0,89.97,30.6,43246,Low
19-09-2025 10:00,Z2,32.95,68.54,0,90,31.67,53701,Low
19-09-2025 11:00,Z2,33.84,64.12,0,90,32.4,62880,Low
19-09-2025 12:00,Z2,34.44,65.89,0,89.71,33.32,62233,Low
19-09-2025 13:00,Z2,33.08,66.33,0,90,31.92,63432,Low
19-09-2025 14:00,Z2,33.12,71.26,0,90,31.52,56487,Low
19-09-2025 15:00,Z2,32.57,68.99,0,89.92,31.14,44439,Low
19-09-2025 16:00,Z2,31.16,70.97,0,89.92,29.77,31192,Low
19-09-2025 17:00,Z2,30.44,71.11,0,90,28.6,16442,Low
19-09-2025 18:00,Z2,29.82,73.61,0,89.68,28.43,0,Low
19-09-2025 19:00,Z2,28.42,75.53,0,90,26.93,0,Low
19-09-2025 20:00,Z2,26.45,77.69,0,90,24.25,396,Low
19-09-2025 21:00,Z2,25.97,76.76,0,89.81,25.06,589,Low
19-09-2025 22:00,Z2,25.49,81.95,0,89.37,24.48,939,Low
19-09-2025 23:00,Z2,25.91,78.53,0,89.08,24.65,0,Low
20-09-2025 00:00,Z2,24.61,77.22,0,88.87,22.59,4620,Low
20-09-2025 01:00,Z2,24.5,77.77,0,88.84,22.92,0,Low
20-09-2025 02:00,Z2,25.21,77.1,0,88.77,23.78,586,Low
20-09-2025 03:00,Z2,26.62,75.41,0,88.74,24.63,2901,Low
20-09-2025 04:00,Z2,27.19,76.99,0,88.79,25.76,0,Low
20-09-2025 05:00,Z2,27.62,76.1,0,88.9,26.21,0,Low
20-09-2025 06:00,Z2,28.05,76.44,0,88.88,26.7,0,Low
20-09-2025 07:00,Z2,30.4,73.08,0,88.82,28.32,17134,Low
20-09-2025 08:00,Z2,32.55,69.71,0.2,88.64,30.74,14246,Low
20-09-2025 09:00,Z2,30.48,76.05,0,89.1,29.46,44113,Low
20-09-2025 10:00,Z2,32.67,66.16,0,89.31,31.03,58837,Low
20-09-2025 11:00,Z2,32.74,68.65,0,89.38,30.77,59961,Low
20-09-2025 12:00,Z2,33.5,65.33,0,89.55,31.78,64014,Low
20-09-2025 13:00,Z2,33.09,69.4,0,89.37,31.12,63443,Low
20-09-2025 14:00,Z2,33.47,67.17,0,89.34,32.26,53330,Low
20-09-2025 15:00,Z2,31.54,69.46,0,89.72,30.09,49105,Low
20-09-2025 16:00,Z2,31.1,68.44,0,89.1,28.99,30288,Low
20-09-2025 17:00,Z2,29.88,78.85,2,90,28.31,6611,Low
20-09-2025 18:00,Z2,27.97,72.44,0,90,26.92,3308,Low
20-09-2025 19:00,Z2,28.23,75.93,0,89.6,26.94,892,Low
20-09-2025 20:00,Z2,26.05,77.5,0,89.77,24.96,0,Low
20-09-2025 21:00,Z2,25.25,80.9,0,89.81,23.67,0,Low
20-09-2025 22:00,Z2,25.47,80.04,0,89.86,24.19,929,Low
20-09-2025 23:00,Z2,24.61,80.16,0,90,22.97,499,Low
21-09-2025 00:00,Z2,24.69,81.1,0,90,23.41,973,Low
21-09-2025 01:00,Z2,23.97,82.19,0,90,22.18,2873,Low
21-09-2025 02:00,Z2,25.46,78.89,0,89.82,23.79,0,Low
21-09-2025 03:00,Z2,24.58,78.21,0,89.61,23.29,0,Low
21-09-2025 04:00,Z2,26.94,75.28,0,89.4,25.1,1984,Low
21-09-2025 05:00,Z2,27.98,72.48,0,89.76,26.78,0,Low
21-09-2025 06:00,Z2,29.46,70.3,0,90,27.96,0,Low
21-09-2025 07:00,Z2,29.6,75.23,0,90,28.08,14588,Low
21-09-2025 08:00,Z2,32.49,69.28,0,89.72,31.29,31649,Low
21-09-2025 09:00,Z2,32.21,69.78,0,89.98,31.16,42274,Low
21-09-2025 10:00,Z2,31.91,67.25,0,90,30.24,57040,Low
21-09-2025 11:00,Z2,32.83,67.63,0,90,30.98,60353,Low
21-09-2025 12:00,Z2,33.13,68.49,0,89.55,32.08,60174,Low
21-09-2025 13:00,Z2,33.6,67.11,0,88.98,32.69,59598,Low
21-09-2025 14:00,Z2,32.27,71.31,0,89.24,30.27,53069,Low
21-09-2025 15:00,Z2,32.36,67.16,0,88.97,30.8,45048,Low
21-09-2025 16:00,Z2,30.93,70.54,0,88.44,29.55,33097,Low
21-09-2025 17:00,Z2,29.58,72.65,0,88.41,28.44,16860,Low
21-09-2025 18:00,Z2,29.63,73.8,0,88.76,28.1,2009,Low
21-09-2025 19:00,Z2,28.35,77.44,0,88.87,26.57,3024,Low
21-09-2025 20:00,Z2,27.66,75.14,0,89.03,25.61,2636,Low
21-09-2025 21:00,Z2,26.5,76.49,0,89.03,24.56,2996,Low
21-09-2025 22:00,Z2,24.53,78.49,0,89.06,23.08,5370,Low
21-09-2025 23:00,Z2,26.35,76.2,0,89.24,24.36,0,Low
22-09-2025 00:00,Z2,25.09,83.69,0,89.65,23.54,0,Low
22-09-2025 01:00,Z2,24.59,80.31,0,89.56,23.52,0,Low
22-09-2025 02:00,Z2,24.07,80.75,0,89.86,23.11,1039,Low
22-09-2025 03:00,Z2,25.75,79.52,0,89.59,24.81,437,Low
22-09-2025 04:00,Z2,26.02,79.08,0,89.44,24.16,0,Low
22-09-2025 05:00,Z2,28.31,76.02,0,89.87,26.55,0,Low
22-09-2025 06:00,Z2,29.38,71.92,0,89.87,27.79,2227,Low
22-09-2025 07:00,Z2,29.48,72.33,0,90,27.91,16389,Low
22-09-2025 08:00,Z2,30.81,73.08,0,89.95,30.11,30419,Low
22-09-2025 09:00,Z2,32.8,67.55,0,89.31,32.24,44512,Low
22-09-2025 10:00,Z2,32.53,72.08,0,89.06,31.68,58166,Low
22-09-2025 11:00,Z2,33.21,63.52,0,88.61,32.12,60868,Low
22-09-2025 12:00,Z2,33.84,65.3,0,88.56,32.6,64584,Low
22-09-2025 13:00,Z2,34.49,67.13,0,88.45,32.8,63830,Low
22-09-2025 14:00,Z2,32.36,67.55,0,88.49,30.83,54516,Low
22-09-2025 15:00,Z2,33.8,64.7,0,88.42,32.73,45549,Low
22-09-2025 16:00,Z2,31.52,68.45,0,88.41,30.41,32318,Low
22-09-2025 17:00,Z2,29.77,72.9,0,88.46,27.94,19243,Low
22-09-2025 18:00,Z2,30.16,70.16,0,88.15,28.26,1759,Low
22-09-2025 19:00,Z2,29.1,73.89,0,87.58,27.73,0,Low
22-09-2025 20:00,Z2,27.04,73.87,0,87.75,26.28,0,Low
22-09-2025 21:00,Z2,25.8,80.83,1,89.12,24.91,0,Low
22-09-2025 22:00,Z2,25.44,80.87,0,88.9,23.7,0,Low
22-09-2025 23:00,Z2,24.25,80.22,0,89.44,22.93,0,Low
23-09-2025 00:00,Z2,24.83,78.65,0,89.58,23.29,2349,Low
23-09-2025 01:00,Z2,24.93,80.97,0,89.28,22.97,173,Low
23-09-2025 02:00,Z2,24.99,79.08,0,89.44,23.71,2828,Low
23-09-2025 03:00,Z2,25.99,80.17,0,89.33,24.38,0,Low
23-09-2025 04:00,Z2,27.33,75.64,0,89.03,25.98,0,Low
23-09-2025 05:00,Z2,29.03,72.61,0,88.9,27.77,1155,Low
23-09-2025 06:00,Z2,29.19,73.94,0,88.73,27.94,0,Low
23-09-2025 07:00,Z2,29.37,76.3,0.5,89.72,27.61,7477,Low
23-09-2025 08:00,Z2,30.63,68.82,0,89.49,29.18,34205,Low
23-09-2025 09:00,Z2,32.78,69.78,0.2,89.77,31.19,23903,Low
23-09-2025 10:00,Z2,33.48,68.06,0,89.78,31.73,53664,Low
23-09-2025 11:00,Z2,33.96,66.63,0,89.6,32.22,63267,Low
23-09-2025 12:00,Z2,34.95,66.37,0,89.39,33.08,64049,Low
23-09-2025 13:00,Z2,34.23,65.57,0,89.25,32.06,59373,Low
23-09-2025 14:00,Z2,33.23,68.37,0.2,90,31.02,27012,Low
23-09-2025 15:00,Z2,32.99,69.6,0,89.94,31.32,45160,Low
23-09-2025 16:00,Z2,31.29,68.99,0,89.98,30.07,34027,Low
23-09-2025 17:00,Z2,29.27,89.16,5,90,27.67,5727,Low
23-09-2025 18:00,Z2,29.22,72.22,0,90,27.75,0,Low
23-09-2025 19:00,Z2,28.02,75.42,0,90,26.04,0,Low
23-09-2025 20:00,Z2,26.39,78.81,0,89.86,24.75,0,Low
23-09-2025 21:00,Z2,25.65,75.55,0,89.95,24.04,1024,Low
23-09-2025 22:00,Z2,25.81,79.93,0,90,24.5,0,Low
23-09-2025 23:00,Z2,25.1,76.42,0,89.43,23.17,0,Low
24-09-2025 00:00,Z2,24.84,80.98,0,89.47,23.33,0,Low
24-09-2025 01:00,Z2,23.21,80.74,0.2,89.91,21.6,1123,Low
24-09-2025 02:00,Z2,25.05,83.4,0,89.9,23.34,3069,Low
24-09-2025 03:00,Z2,26.2,76.25,0,90,24.62,3569,Low
24-09-2025 04:00,Z2,27.71,76.03,0,90,26.41,266,Low
24-09-2025 05:00,Z2,27.67,76.34,0,90,26.67,0,Low
24-09-2025 06:00,Z2,28.75,73.31,0,90,27.44,3310,Low
24-09-2025 07:00,Z2,29.63,74.16,0,89.99,28.2,16181,Low
24-09-2025 08:00,Z2,31.09,72.38,0,89.81,29.88,28986,Low
24-09-2025 09:00,Z2,31.66,69.27,0,90,30.26,45158,Low
24-09-2025 10:00,Z2,32.92,69.69,0,89.53,31.38,59288,Low
24-09-2025 11:00,Z2,33.31,71.22,0,89.2,31.93,59373,Low
24-09-2025 12:00,Z2,33.82,66.53,0,89.65,32.68,62700,Low
24-09-2025 13:00,Z2,34.2,68.87,0,89.29,32.96,62436,Low
24-09-2025 14:00,Z2,33.2,67.53,0,88.88,31.51,50420,Low
24-09-2025 15:00,Z2,31.93,74.33,0,89.48,30.11,47331,Low
24-09-2025 16:00,Z2,30.85,72.84,0,88.78,29.31,27881,Low
24-09-2025 17:00,Z2,30.46,73.33,0,89.58,28.88,20494,Low
24-09-2025 18:00,Z2,28.76,76.93,0,89.55,27.77,2083,Low
24-09-2025 19:00,Z2,26.95,90.95,5,90,25.39,382,Low
24-09-2025 20:00,Z2,26.07,77.93,0,89.61,24.77,205,Low
24-09-2025 21:00,Z2,25.67,76.45,0,89.62,24.4,578,Low
24-09-2025 22:00,Z2,25.12,76.98,0,89.55,24.25,2072,Low
24-09-2025 23:00,Z2,25.99,75.18,0,89.61,25.09,0,Low
25-09-2025 00:00,Z2,23.62,81.39,0,89.83,22.21,0,Low
25-09-2025 01:00,Z2,25.09,81.45,0,89.81,23.74,0,Low
25-09-2025 02:00,Z2,25.6,76.79,0,90,23.54,1035,Low
25-09-2025 03:00,Z2,26.41,75.26,0,89.78,24.46,0,Low
25-09-2025 04:00,Z2,27.52,73.47,0,90,26.69,1050,Low
25-09-2025 05:00,Z2,28.1,86.36,10,90,26.38,0,Low
25-09-2025 06:00,Z2,29.23,71.49,0,89.97,27.36,2240,Low
25-09-2025 07:00,Z2,30.43,72.44,0,90,28.97,15473,Low
25-09-2025 08:00,Z2,31.69,71.33,0,90,30.91,32125,Low
25-09-2025 09:00,Z2,33.02,67.61,0,89.94,31.51,45583,Low
25-09-2025 10:00,Z2,33.25,68.79,0,90,31.79,54269,Low
25-09-2025 11:00,Z2,33.9,66.73,0,89.68,31.77,59647,Low
25-09-2025 12:00,Z2,33.46,67.63,0,90,31.51,65806,Low
25-09-2025 13:00,Z2,32.91,67.94,0,90,31.8,62777,Low
25-09-2025 14:00,Z2,32.69,69.86,0,90,31.37,53815,Low
25-09-2025 15:00,Z2,31.86,72.77,0,89.81,30.85,43940,Low
25-09-2025 16:00,Z2,30.6,73.17,0,89.55,29.44,32201,Low
25-09-2025 17:00,Z2,30.93,71.68,0,89.48,29.6,14337,Low
25-09-2025 18:00,Z2,29.12,71.42,0,88.53,27.97,80,Low
25-09-2025 19:00,Z2,27.27,77.14,0,88.13,25.41,0,Low
25-09-2025 20:00,Z2,25.47,80.85,0,88.26,23.66,0,Low
25-09-2025 21:00,Z2,26.02,78.09,0,88.01,24.28,2562,Low
25-09-2025 22:00,Z2,26.02,80.86,0.2,88.22,24.57,2396,Low
25-09-2025 23:00,Z2,25.83,77.25,0,87.78,25.03,679,Low
26-09-2025 00:00,Z2,24.36,80.02,0,87.98,22.68,2130,Low
26-09-2025 01:00,Z2,24.18,80.91,0,87.9,22.8,167,Low
26-09-2025 02:00,Z2,24.68,82.33,0,88.12,23.92,2279,Low
26-09-2025 03:00,Z2,25.53,79.19,0,88.22,24.31,0,Low
26-09-2025 04:00,Z2,27.72,79.46,0,88.71,26.84,1874,Low
26-09-2025 05:00,Z2,28,78.55,0,88.39,26.1,1825,Low
26-09-2025 06:00,Z2,29.26,70.86,0,87.98,27.35,1138,Low
26-09-2025 07:00,Z2,30.74,70.57,0,87.88,29.17,16922,Low
26-09-2025 08:00,Z2,32.02,67.32,0,87.78,30.32,33970,Low
26-09-2025 09:00,Z2,31.8,69.07,0,88.02,29.78,46756,Low
26-09-2025 10:00,Z2,34.21,66.22,0,87.94,32.5,55780,Low
26-09-2025 11:00,Z2,33.6,64.77,0,87.82,31.82,59894,Low
26-09-2025 12:00,Z2,34.29,65.84,0,87.11,33.37,60090,Low
26-09-2025 13:00,Z2,32.87,67.28,0,87.51,31.64,59735,Low
26-09-2025 14:00,Z2,32.81,66.33,0,87.32,31.77,53655,Low
26-09-2025 15:00,Z2,33,69.05,0,87.27,31.6,40347,Low
26-09-2025 16:00,Z2,30.79,69.25,0.2,87.66,29.29,20015,Low
26-09-2025 17:00,Z2,30.26,69.91,0,87.67,28.38,13535,Low
26-09-2025 18:00,Z2,28.64,76.22,0,88.3,26.33,1530,Low
26-09-2025 19:00,Z2,28.3,76.61,0,88.46,27.15,0,Low
26-09-2025 20:00,Z2,26.97,74.98,0,88.45,25.44,51,Low
26-09-2025 21:00,Z2,26.22,76.98,0,88.18,24.99,700,Low
26-09-2025 22:00,Z2,25.33,78.58,0,88.06,24.24,1381,Low
26-09-2025 23:00,Z2,23.9,81.07,0,87.99,21.99,0,Low
27-09-2025 00:00,Z2,24.6,82.13,0,88.17,23.06,0,Low
27-09-2025 01:00,Z2,24.52,81.05,0,87.92,23.39,1264,Low
27-09-2025 02:00,Z2,25.69,78.92,0.2,88.13,23.93,2962,Low
27-09-2025 03:00,Z2,25.14,80.08,1,89.53,23.69,0,Low
27-09-2025 04:00,Z2,27.47,76.14,0,89.27,25.5,2328,Low
27-09-2025 05:00,Z2,27.21,73.81,0,89.37,25.84,0,Low
27-09-2025 06:00,Z2,28.87,76.07,0,89.47,27.21,5103,Low
27-09-2025 07:00,Z2,30.69,72.19,0,89.48,29.34,15622,Low
27-09-2025 08:00,Z2,31.31,70.91,0,89.57,30.15,32350,Low
27-09-2025 09:00,Z2,31.26,68.19,0,88.93,30.25,48906,Low
27-09-2025 10:00,Z2,31.95,67.83,0,88.74,30.64,52509,Low
27-09-2025 11:00,Z2,32.76,68.24,0,88.83,31.42,62496,Low
27-09-2025 12:00,Z2,33.57,63.6,0,88.71,32.42,66612,Low
27-09-2025 13:00,Z2,34.61,65.53,0,88.14,33.23,61381,Low
27-09-2025 14:00,Z2,32.93,66.32,0,88.07,31.93,56418,Low
27-09-2025 15:00,Z2,32.75,68.64,0,87.83,31.57,43702,Low
27-09-2025 16:00,Z2,31.85,69.66,0,87.92,30.67,32288,Low
27-09-2025 17:00,Z2,30.51,71.1,0,87.83,29.29,15588,Low
27-09-2025 18:00,Z2,29.59,69.96,0,87.73,27.98,0,Low
27-09-2025 19:00,Z2,28.5,73.59,0,87.97,27.04,0,Low
27-09-2025 20:00,Z2,27.04,78.89,0,87.61,25.65,2135,Low
27-09-2025 21:00,Z2,26.8,76.34,0,87.43,25.11,2506,Low
27-09-2025 22:00,Z2,25.11,74.52,0,86.96,23.95,0,Low
27-09-2025 23:00,Z2,23.31,80.96,0,86.69,22.24,0,Low
28-09-2025 00:00,Z2,25.35,78.14,0,86.32,24.36,0,Low
28-09-2025 01:00,Z2,23.99,83.64,0,86.12,23.12,0,Low
28-09-2025 02:00,Z2,25.2,79.1,0,85.65,23.73,0,Low
28-09-2025 03:00,Z2,27.04,76.01,0,86.06,25.73,0,Low
28-09-2025 04:00,Z2,26.39,77.94,0,85.87,24.5,1941,Low
28-09-2025 05:00,Z2,28.59,75.79,0,85.87,28.31,0,Low
28-09-2025 06:00,Z2,28.85,75.33,0,86,27.75,0,Low
28-09-2025 07:00,Z2,29.83,72.86,0,85.87,28.39,15001,Low
28-09-2025 08:00,Z2,31.16,67.17,0,85.22,29.94,34031,Low
28-09-2025 09:00,Z2,32.63,68.6,0,84.45,30.31,45290,Low
28-09-2025 10:00,Z2,33.13,67.61,0,84.43,32.69,57220,Low
28-09-2025 11:00,Z2,33.92,70.97,1,85.45,33.59,29006,Low
28-09-2025 12:00,Z2,34.69,68.33,0,84.8,33.48,64974,Low
28-09-2025 13:00,Z2,33.04,67.39,0,84.64,31.25,64417,Low
28-09-2025 14:00,Z2,32.52,67.42,0,84.49,31.29,55536,Low
28-09-2025 15:00,Z2,32.68,67.93,0,84.23,31.27,46492,Low
28-09-2025 16:00,Z2,31.83,68.94,0,84.15,30.71,33493,Low
28-09-2025 17:00,Z2,29.74,72.61,0,83.98,28.57,16456,Low
28-09-2025 18:00,Z2,29.97,71.44,0,84.27,27.7,0,Low
28-09-2025 19:00,Z2,27.87,73.24,0,83.99,27.21,0,Low
28-09-2025 20:00,Z2,27.13,75.84,0,83.71,26.41,2218,Low
28-09-2025 21:00,Z2,25.46,78.67,0,83.67,23.81,2005,Low
28-09-2025 22:00,Z2,26.24,77.25,0,83.99,24.66,160,Low
28-09-2025 23:00,Z2,25,78.89,0,83.67,23.89,1858,Low
29-09-2025 00:00,Z2,25.17,81.99,0,83.79,23.56,0,Low
29-09-2025 01:00,Z2,25.18,77.26,0,84.06,23.62,0,Low
29-09-2025 02:00,Z2,24.6,81.08,0,84.35,23.59,0,Low
29-09-2025 03:00,Z2,25.63,79.04,0,84.31,23.79,1545,Low
29-09-2025 04:00,Z2,26.84,74.52,0,84.69,25.48,0,Low
29-09-2025 05:00,Z2,28.16,72.98,0,85.2,26.9,0,Low
29-09-2025 06:00,Z2,29.34,70.66,0,84.73,26.93,0,Low
29-09-2025 07:00,Z2,31.24,69.99,0,85.09,29.98,18164,Low
29-09-2025 08:00,Z2,31.33,68.08,0,85.37,30.06,32478,Low
29-09-2025 09:00,Z2,33.15,68.2,0,85.57,31.96,45313,Low
29-09-2025 10:00,Z2,32.36,66.35,0,85.74,30.35,56582,Low
29-09-2025 11:00,Z2,33.99,62.95,0,85.33,32.46,61205,Low
29-09-2025 12:00,Z2,33.9,67.49,0,84.83,32.19,65197,Low
29-09-2025 13:00,Z2,32.61,71.12,0,84.52,31.33,62886,Low
29-09-2025 14:00,Z2,33.2,69.04,1,85.95,31.69,29969,Low
29-09-2025 15:00,Z2,32.15,67.98,0,85.69,30.81,47635,Low
29-09-2025 16:00,Z2,32.59,68.66,0,85.27,30.65,32315,Low
29-09-2025 17:00,Z2,31.39,69.77,0,84.87,30.01,18639,Low
29-09-2025 18:00,Z2,29.49,73.56,0,85.07,28.83,0,Low
29-09-2025 19:00,Z2,27.76,75.46,0,85.17,25.99,0,Low
29-09-2025 20:00,Z2,26.97,75.98,0,84.94,25.13,2924,Low
29-09-2025 21:00,Z2,25.45,78.02,0,84.97,23.66,0,Low
29-09-2025 22:00,Z2,25.43,81.02,0,84.52,24.24,0,Low
29-09-2025 23:00,Z2,24.15,82.86,0,84.55,22.63,0,Low
30-09-2025 00:00,Z2,23.27,81.35,0,84.16,21.77,0,Low
30-09-2025 01:00,Z2,25.32,78.45,0,84.1,23.99,0,Low
30-09-2025 02:00,Z2,25.83,77,0,84.17,24.68,0,Low
30-09-2025 03:00,Z2,26.27,77.83,0,84.07,25.26,0,Low
30-09-2025 04:00,Z2,27.42,77.48,0,84.61,26.04,0,Low
30-09-2025 05:00,Z2,26.61,74.77,0,85.18,24.87,182,Low
30-09-2025 06:00,Z2,29.11,71.72,0,84.95,27.34,0,Low
30-09-2025 07:00,Z2,30.3,68.58,0,85.71,28.54,19993,Low
30-09-2025 08:00,Z2,31.65,66.34,0,85.03,30.26,34052,Low
30-09-2025 09:00,Z2,32.84,72.1,0,85.03,31.16,46020,Low
30-09-2025 10:00,Z2,33.76,66.26,0,84.88,32.51,57062,Low
30-09-2025 11:00,Z2,33.29,69.72,0,84.41,31.39,60061,Low
30-09-2025 12:00,Z2,33.87,66.34,0,85.18,31.61,65648,Low
30-09-2025 13:00,Z2,33.21,73.44,0,85.13,31.71,59661,Low
30-09-2025 14:00,Z2,33.32,65.88,0,85.08,32.71,58297,Low
30-09-2025 15:00,Z2,31.81,68.5,0,85.42,30.46,48186,Low
30-09-2025 16:00,Z2,30.94,69.53,0,85.44,29.13,28358,Low
30-09-2025 17:00,Z2,31.51,70.49,0,85.12,29.72,18548,Low
30-09-2025 18:00,Z2,29.63,73.44,0,84.81,27.88,0,Low
30-09-2025 19:00,Z2,27.73,77.54,0,84.53,26.15,795,Low
30-09-2025 20:00,Z2,27.91,71.59,0,84.69,25.64,0,Low
30-09-2025 21:00,Z2,27.72,72.99,0,84.69,26.64,0,Low
30-09-2025 22:00,Z2,25.6,76.21,0,84.56,23.7,0,Low
30-09-2025 23:00,Z2,24.35,81.24,0,84.67,22.8,1602,Low
01-10-2025 00:00,Z2,23.97,80.23,0,84.71,22.16,0,Low
01-10-2025 01:00,Z2,24.25,78.79,0,84.75,22.93,3002,Low
01-10-2025 02:00,Z2,24.18,80.26,0,85.16,22.25,0,Low
01-10-2025 03:00,Z2,25.97,78.27,0,85.12,24.37,2446,Low
01-10-2025 04:00,Z2,25.92,78.67,0,85.08,25.06,2278,Low
01-10-2025 05:00,Z2,28.13,76.07,0,84.8,27,813,Low
01-10-2025 06:00,Z2,29.23,71.22,0,84.88,27.41,0,Low
01-10-2025 07:00,Z2,30.19,69.47,0,85.26,28.79,12604,Low
01-10-2025 08:00,Z2,31.91,69.27,0,85.1,30.67,31868,Low
01-10-2025 09:00,Z2,31.38,70.09,0,85.07,29.5,42616,Low
01-10-2025 10:00,Z2,32.86,68.99,0,84.68,32.3,55279,Low
01-10-2025 11:00,Z2,33.38,67.32,0,84.4,32.22,63968,Low
01-10-2025 12:00,Z2,32.18,67.85,0,84.15,31.56,64579,Low
01-10-2025 13:00,Z2,32.56,66.72,0,83.62,30.29,59229,Low
01-10-2025 14:00,Z2,32.26,69.32,0,83.32,30.14,53874,Low
01-10-2025 15:00,Z2,30.4,69.39,0,83.49,28.7,46027,Low
01-10-2025 16:00,Z2,30.59,70.77,0,84.01,28.75,35768,Low
01-10-2025 17:00,Z2,29.18,73.79,0,83.91,28.5,16442,Low
01-10-2025 18:00,Z2,28.6,71.7,0,84.03,26.75,963,Low
01-10-2025 19:00,Z2,27.37,75.22,0,83.99,25.95,0,Low
01-10-2025 20:00,Z2,25.69,78.12,0,84.21,23.48,0,Low
01-10-2025 21:00,Z2,25.02,79.17,0,84.41,24.09,3080,Low
01-10-2025 22:00,Z2,24.47,84.03,0,84.17,22.9,3456,Low
01-10-2025 23:00,Z2,24.04,77.64,0,84.3,22.15,0,Low
02-10-2025 00:00,Z2,24.34,78.68,0,84.1,22.79,410,Low
02-10-2025 01:00,Z2,25.28,80.42,0,84.12,23.84,1218,Low
02-10-2025 02:00,Z2,23.79,79.01,0,83.91,22.45,0,Low
02-10-2025 03:00,Z2,25.27,78.68,0,84.05,24.03,0,Low
02-10-2025 04:00,Z2,26.65,80.48,0,84.28,25.4,0,Low
02-10-2025 05:00,Z2,28.45,73.08,0,84.4,26.64,482,Low
02-10-2025 06:00,Z2,28.94,72.13,0,83.99,27.64,328,Low
02-10-2025 07:00,Z2,30.06,69.92,0,84.09,28.2,14689,Low
02-10-2025 08:00,Z2,31.2,69.85,0,84.87,29.52,32229,Low
02-10-2025 09:00,Z2,32.25,69.18,0,84.92,30.87,47582,Low
02-10-2025 10:00,Z2,32.97,68.51,0,85.06,32.11,53950,Low
02-10-2025 11:00,Z2,33.48,68.4,0,85.17,31.5,61037,Low
02-10-2025 12:00,Z2,33.43,70.32,0,85.42,32.23,64677,Low
02-10-2025 13:00,Z2,33.46,66.7,0,85.22,31.4,61186,Low
02-10-2025 14:00,Z2,33.6,69.2,0,85.1,31.24,56358,Low
02-10-2025 15:00,Z2,32.72,68.58,0,85.43,31.24,39898,Low
02-10-2025 16:00,Z2,29.88,69.96,0,85.79,28.12,32409,Low
02-10-2025 17:00,Z2,29.92,73.47,0,85.64,28.68,12815,Low
02-10-2025 18:00,Z2,27.94,75.92,0,85.26,27.04,1118,Low
02-10-2025 19:00,Z2,27.29,81.3,0,85.17,26.28,916,Low
02-10-2025 20:00,Z2,26.33,77.28,0,84.62,24.5,188,Low
02-10-2025 21:00,Z2,25.37,81.09,0,84.6,23.76,3558,Low
02-10-2025 22:00,Z2,25.21,79.19,0,84.69,23.38,388,Low
02-10-2025 23:00,Z2,23.97,79.93,0,84.93,22.67,440,Low
03-10-2025 00:00,Z2,24.35,79.34,0,85.1,23.25,1567,Low
03-10-2025 01:00,Z2,23.86,78.68,0,85.44,22.59,0,Low
03-10-2025 02:00,Z2,24.81,79.6,0,85.7,23.04,0,Low
03-10-2025 03:00,Z2,24.74,84.85,0,85.32,22.86,2102,Low
03-10-2025 04:00,Z2,26.26,74.49,0,85.59,24.49,0,Low
03-10-2025 05:00,Z2,27.43,75.16,0,85.56,25.44,577,Low
03-10-2025 06:00,Z2,28.04,75.01,0,85.9,26.22,211,Low
03-10-2025 07:00,Z2,30.72,66.35,0,85.8,29.24,20866,Low
03-10-2025 08:00,Z2,30.88,70.81,0,85.46,29.08,34617,Low
03-10-2025 09:00,Z2,31.48,71.63,0,85.33,30.96,44939,Low
03-10-2025 10:00,Z2,32.95,68.11,0,85.18,31.94,52855,Low
03-10-2025 11:00,Z2,32.34,70.59,0,84.85,31.34,60280,Low
03-10-2025 12:00,Z2,33.37,69.62,0,84.87,31.65,63931,Low
03-10-2025 13:00,Z2,32.61,69.57,0,84.57,31.06,61650,Low
03-10-2025 14:00,Z2,31.82,70.89,0,85.04,30.05,52025,Low
03-10-2025 15:00,Z2,31.27,73.69,0,84.85,29.27,48008,Low
03-10-2025 16:00,Z2,30.12,70.31,0,84.8,28.15,31712,Low
03-10-2025 17:00,Z2,29.87,71.42,0,85.21,28.61,19844,Low
03-10-2025 18:00,Z2,28.78,73.74,0,85.04,27.56,0,Low
03-10-2025 19:00,Z2,27.79,76.53,0,84.93,26.16,0,Low
03-10-2025 20:00,Z2,26.36,75.95,0,84.46,25.72,1521,Low
03-10-2025 21:00,Z2,24.95,80.13,0,84.32,22.75,0,Low
03-10-2025 22:00,Z2,25.54,78.57,0,84.73,24.07,1644,Low
03-10-2025 23:00,Z2,23.08,84.97,0,85.14,22.24,957,Low
04-10-2025 00:00,Z2,23.99,82.04,0,84.75,22.03,0,Low
04-10-2025 01:00,Z2,23.95,81.89,0,84.24,22.47,0,Low
04-10-2025 02:00,Z2,24.61,80.6,0,84.89,22.62,0,Low
04-10-2025 03:00,Z2,25.05,78.78,0,84.98,23.34,0,Low
04-10-2025 04:00,Z2,26.86,77.23,0,84.91,25.79,88,Low
04-10-2025 05:00,Z2,27.52,71.43,0,85.02,25.76,0,Low
04-10-2025 06:00,Z2,28.96,74.81,0,84.76,26.87,0,Low
04-10-2025 07:00,Z2,29.29,72.65,0,84.24,27.23,14365,Low
04-10-2025 08:00,Z2,31.38,70.39,0,84.29,29.83,32541,Low
04-10-2025 09:00,Z2,31.23,69.58,0,84.24,30.05,43744,Low
04-10-2025 10:00,Z2,32.22,68.65,0,84.42,30.65,53274,Low
04-10-2025 11:00,Z2,32.98,68.03,0,84.49,32.11,61400,Low
04-10-2025 12:00,Z2,32.23,70.31,0,84.4,31.57,65535,Low
04-10-2025 13:00,Z2,33.4,70.19,0.2,84.82,31.31,33882,Low
04-10-2025 14:00,Z2,32.42,68.24,0,85.31,30.97,57136,Low
04-10-2025 15:00,Z2,31.78,70.68,0,85.51,30.16,40611,Low
04-10-2025 16:00,Z2,30.92,69.53,0,85.64,28.97,30189,Low
04-10-2025 17:00,Z2,28.91,75.19,0,85.32,27.84,18230,Low
04-10-2025 18:00,Z2,28.75,76.48,0,85.05,26.73,2210,Low
04-10-2025 19:00,Z2,27.43,72.81,0,84.51,25.51,2306,Low
04-10-2025 20:00,Z2,26.21,77.51,0,84.37,24.9,1816,Low
04-10-2025 21:00,Z2,25.59,78.3,0,84.07,23.84,0,Low
04-10-2025 22:00,Z2,24.54,79.16,0,84.05,22.89,0,Low
04-10-2025 23:00,Z2,24.1,78.45,0,83.8,22.76,0,Low
05-10-2025 00:00,Z2,23.4,80.14,0,83.61,21.47,3376,Low
05-10-2025 01:00,Z2,25.1,83.13,0,83.79,23.59,2056,Low
05-10-2025 02:00,Z2,24.34,78.5,0,84.1,22.66,0,Low
05-10-2025 03:00,Z2,24.31,81.56,0,84.3,23.38,1879,Low
05-10-2025 04:00,Z2,27.18,74.43,0,84.17,25.75,0,Low
05-10-2025 05:00,Z2,27.67,75.13,0,84.24,26.05,228,Low
05-10-2025 06:00,Z2,28.4,74.19,0,83.87,26.86,477,Low
05-10-2025 07:00,Z2,29.63,74.73,0,83.66,28.48,15112,Low
05-10-2025 08:00,Z2,30.25,72.46,0,83.66,29.13,32616,Low
05-10-2025 09:00,Z2,31.02,70.24,0,83.65,29.14,44749,Low
05-10-2025 10:00,Z2,32.86,67.69,0,83.07,31.44,57467,Low
05-10-2025 11:00,Z2,32.01,67.87,0,83.52,30.6,59358,Low
05-10-2025 12:00,Z2,33.43,70.27,0,83.36,31.9,62694,Low
05-10-2025 13:00,Z2,32.99,66.55,0,83.04,31.23,59510,Low
05-10-2025 14:00,Z2,31.77,70.9,0,83.13,30.05,54164,Low
05-10-2025 15:00,Z2,32.22,67.51,0,83.13,30.97,40346,Low
05-10-2025 16:00,Z2,29.66,72.86,0,82.97,28.17,35297,Low
05-10-2025 17:00,Z2,30.25,70.26,0,82.61,28.44,16620,Low
05-10-2025 18:00,Z2,27.72,75.61,0,82.34,26.47,0,Low
05-10-2025 19:00,Z2,27.73,73.74,0,82.35,26.48,0,Low
05-10-2025 20:00,Z2,26.03,77.72,0,82.33,24.62,1569,Low
05-10-2025 21:00,Z2,25.98,79.24,0,82.15,24.85,4090,Low
05-10-2025 22:00,Z2,24.24,81.8,0,81.8,22.43,0,Low
05-10-2025 23:00,Z2,24.45,79.7,0,81.65,22.88,203,Low
06-10-2025 00:00,Z2,23.52,80.7,0,81.89,22.16,0,Low
06-10-2025 01:00,Z2,23.49,85.13,0,82.23,22.02,4854,Low
06-10-2025 02:00,Z2,24.93,79.56,0,82.21,23.35,0,Low
06-10-2025 03:00,Z2,25.01,80.27,0,82.55,23.36,0,Low
06-10-2025 04:00,Z2,25.17,77.57,0,82.9,23.91,4108,Low
06-10-2025 05:00,Z2,27.77,75.58,0,82.52,26.63,763,Low
06-10-2025 06:00,Z2,28.49,76.26,0,82.52,27.44,174,Low
06-10-2025 07:00,Z2,29.87,73.83,0,82.53,28.23,14427,Low
06-10-2025 08:00,Z2,30.9,72.61,0,82.5,29.88,31082,Low
06-10-2025 09:00,Z2,31.77,72.75,0,82.72,30.61,44658,Low
06-10-2025 10:00,Z2,33.59,67.21,0,82.9,32.05,54346,Low
06-10-2025 11:00,Z2,33.77,67.9,0.5,83.48,32.83,31407,Low
06-10-2025 12:00,Z2,32.31,69.93,0,83.97,30.24,61631,Low
06-10-2025 13:00,Z2,32.21,68.39,0.2,84.12,30.43,28571,Low
06-10-2025 14:00,Z2,32.24,68.66,0,84.3,30.57,56136,Low
06-10-2025 15:00,Z2,30.7,74.01,0,83.68,29.2,43882,Low
06-10-2025 16:00,Z2,30.97,76.35,0,83.78,29.74,30737,Low
06-10-2025 17:00,Z2,29.7,74.29,0,83.65,27.78,20486,Low
06-10-2025 18:00,Z2,28.1,74.73,0.2,83.57,26.38,1350,Low
06-10-2025 19:00,Z2,27.26,76.22,0,83.38,25.73,0,Low
06-10-2025 20:00,Z2,26.13,77.87,0,82.97,24.71,2389,Low
06-10-2025 21:00,Z2,25.78,77.59,0,82.98,24.24,0,Low
06-10-2025 22:00,Z2,23.85,80.72,0,83.02,22.83,672,Low
06-10-2025 23:00,Z2,24.22,79.41,0,82.52,22.48,0,Low
07-10-2025 00:00,Z2,24.21,82.07,0,83.07,22.62,0,Low
07-10-2025 01:00,Z2,24.92,80.38,0,82.53,23.98,874,Low
07-10-2025 02:00,Z2,24.93,78.95,0,82.68,23.4,2526,Low
07-10-2025 03:00,Z2,25.25,77.2,0,82.64,24.37,0,Low
07-10-2025 04:00,Z2,26.46,77.01,0,83.36,24.91,380,Low
07-10-2025 05:00,Z2,27.53,77.58,0,83.45,26.14,0,Low
07-10-2025 06:00,Z2,29.59,73.3,0,82.77,28.03,0,Low
07-10-2025 07:00,Z2,28.99,73.97,0,83.11,28.24,18535,Low
07-10-2025 08:00,Z2,29.98,70.52,0,83.28,28.85,33642,Low
07-10-2025 09:00,Z2,32.22,70.77,0,83.13,30.97,43094,Low
07-10-2025 10:00,Z2,32.88,66.73,0,83.25,31.2,59538,Low
07-10-2025 11:00,Z2,32.05,69.62,0,83.1,31.5,62018,Low
07-10-2025 12:00,Z2,33.68,70.24,0,83.37,32.39,62113,Low
07-10-2025 13:00,Z2,32.96,70.29,0,83.39,31.42,59254,Low
07-10-2025 14:00,Z2,32.87,66.59,0,83.22,31.49,52686,Low
07-10-2025 15:00,Z2,32.27,70.06,0,82.9,31.25,45698,Low
07-10-2025 16:00,Z2,30.85,69.01,0,82.74,28.89,32339,Low
07-10-2025 17:00,Z2,29.56,68.66,0,82.28,28.55,17041,Low
07-10-2025 18:00,Z2,28.67,73.54,0,81.95,26.72,0,Low
07-10-2025 19:00,Z2,26.75,75.57,0,82.13,25.3,0,Low
07-10-2025 20:00,Z2,27.25,75.72,0,81.81,25.06,0,Low
07-10-2025 21:00,Z2,25.97,79.17,0,81.31,24.5,0,Low
07-10-2025 22:00,Z2,25.31,79.49,0,81.42,24.22,0,Low
07-10-2025 23:00,Z2,23.5,81.07,0,81.26,22.65,300,Low
08-10-2025 00:00,Z2,22.98,82.18,0,81.22,21.31,0,Low
08-10-2025 01:00,Z2,24.91,76.51,0,81.23,23.74,0,Low
08-10-2025 02:00,Z2,24.5,77.86,0,80.8,23.04,1738,Low
08-10-2025 03:00,Z2,24.49,77.46,0,80.63,23.37,0,Low
08-10-2025 04:00,Z2,26.83,77.37,0,81.08,25.19,2003,Low
08-10-2025 05:00,Z2,27.52,73.51,0,81.22,26.18,0,Low
08-10-2025 06:00,Z2,28.53,71.33,0,81.25,27.21,2426,Low
08-10-2025 07:00,Z2,30.77,71.58,0,81.32,29.66,13624,Low
08-10-2025 08:00,Z2,30.39,70.15,0,81.5,28.66,30469,Low
08-10-2025 09:00,Z2,31.17,71.33,0,81.15,29.27,47359,Low
08-10-2025 10:00,Z2,32.41,69.79,0,81.49,30.65,51268,Low
08-10-2025 11:00,Z2,32.94,69.6,0,81.7,32.03,59573,Low
08-10-2025 12:00,Z2,32.08,67.68,0,81.44,30.53,62990,Low
08-10-2025 13:00,Z2,32.66,70.81,0,81.38,31.39,59518,Low
08-10-2025 14:00,Z2,31.84,68.38,0,81.23,30.43,55125,Low
08-10-2025 15:00,Z2,32.1,70.51,0,81.54,31.12,42480,Low
08-10-2025 16:00,Z2,30.78,85.18,5,87.97,29.28,19181,Low
08-10-2025 17:00,Z2,29.45,72.04,0,88.1,27.8,17383,Low
08-10-2025 18:00,Z2,28.15,76.41,0,88.03,26.31,0,Low
08-10-2025 19:00,Z2,27.07,75.11,0,87.3,25.5,0,Low
08-10-2025 20:00,Z2,26.49,77.81,0,87.31,24.96,0,Low
08-10-2025 21:00,Z2,24.72,77.76,0,87.25,23.24,0,Low
08-10-2025 22:00,Z2,24.71,80.83,0,86.75,23.38,0,Low
08-10-2025 23:00,Z2,24.51,80.27,0,86.82,23.23,2583,Low
09-10-2025 00:00,Z2,24.63,82.04,0,86.5,22.67,1411,Low
09-10-2025 01:00,Z2,25.5,76.51,0,86.36,23.45,1725,Low
09-10-2025 02:00,Z2,24.17,80.23,0,86.54,22.27,0,Low
09-10-2025 03:00,Z2,25,79.97,0,86.55,23.57,1446,Low
09-10-2025 04:00,Z2,26.61,77.9,0,86.8,25.14,0,Low
09-10-2025 05:00,Z2,26.54,77.6,0.2,87.01,24.74,0,Low
09-10-2025 06:00,Z2,28.85,76.53,0,87.06,27.83,0,Low
09-10-2025 07:00,Z2,30.35,75.18,0,86.88,29.07,14563,Low
09-10-2025 08:00,Z2,30.56,70.8,0,87.12,29.42,35232,Low
09-10-2025 09:00,Z2,31.19,72.06,0,86.96,29.82,47705,Low
09-10-2025 10:00,Z2,32.12,70.7,0,86.51,30.68,53674,Low
09-10-2025 11:00,Z2,32.24,70.57,0,86.39,30.73,63512,Low
09-10-2025 12:00,Z2,32.29,71.39,0,85.93,30.53,61869,Low
09-10-2025 13:00,Z2,32.87,71.6,0,86.03,30.03,59310,Low
09-10-2025 14:00,Z2,32.15,70.74,0,86.26,30.76,55025,Low
09-10-2025 15:00,Z2,32.25,69.81,0,85.93,30.46,44629,Low
09-10-2025 16:00,Z2,30.42,69.39,0,85.28,29.4,32784,Low
09-10-2025 17:00,Z2,29.67,72.31,0,84.97,27.7,15798,Low
09-10-2025 18:00,Z2,28.98,74.6,0,84.94,27.92,1809,Low
09-10-2025 19:00,Z2,27.69,77.23,0,84.97,26.5,0,Low
09-10-2025 20:00,Z2,26.99,76.73,0,85,25.7,1352,Low
09-10-2025 21:00,Z2,25.41,80.68,0,84.76,24.22,4532,Low
09-10-2025 22:00,Z2,24.13,81.62,0,84.26,22.78,587,Low
09-10-2025 23:00,Z2,23.93,82.43,0,84.06,21.79,2462,Low
10-10-2025 00:00,Z2,23.45,82.71,0,84.06,21.77,915,Low
10-10-2025 01:00,Z2,24.56,78.99,0,83.89,23.16,1052,Low
10-10-2025 02:00,Z2,23.87,79.73,0,83.67,21.41,129,Low
10-10-2025 03:00,Z2,25.22,77.48,0,83.57,24,0,Low
10-10-2025 04:00,Z2,26.43,75.48,0,83.06,24.93,1681,Low
10-10-2025 05:00,Z2,26.37,74.97,0,83.21,25.2,1505,Low
10-10-2025 06:00,Z2,29.68,70.59,0,82.72,27.95,2047,Low
10-10-2025 07:00,Z2,29.85,73.1,0,82.75,28.05,15863,Low
10-10-2025 08:00,Z2,31.65,67.89,0,82.31,29.94,33523,Low
10-10-2025 09:00,Z2,32.45,67.57,0,82.31,30.61,42264,Low
10-10-2025 10:00,Z2,31.39,73.35,0,82.45,30.03,55412,Low
10-10-2025 11:00,Z2,33.93,66.72,0,82.73,33.04,63703,Low
10-10-2025 12:00,Z2,33.36,67.4,0,82.42,31.95,63800,Low
10-10-2025 13:00,Z2,33.76,65.46,0,82.31,32.66,62354,Low
10-10-2025 14:00,Z2,33.03,66.54,0,82.42,32.03,59336,Low
10-10-2025 15:00,Z2,31.98,70.43,0,82.98,30.32,48435,Low
10-10-2025 16:00,Z2,32.32,70.53,0,83.11,30.88,31090,Low
10-10-2025 17:00,Z2,29.3,70.23,0,83.23,28.03,16777,Low
10-10-2025 18:00,Z2,28.05,76.91,0,83.09,26.8,0,Low
10-10-2025 19:00,Z2,26.94,79.09,0,83.49,26.38,1360,Low
10-10-2025 20:00,Z2,26.03,79.86,0,83.03,24.65,0,Low
10-10-2025 21:00,Z2,25.6,76.28,0,83.23,23.59,4305,Low
10-10-2025 22:00,Z2,24.19,81.91,0,83.18,23.2,0,Low
10-10-2025 23:00,Z2,24.83,80.83,0,83.27,23.2,2226,Low
11-10-2025 00:00,Z2,23.75,79.18,0,83.04,22.09,0,Low
11-10-2025 01:00,Z2,24.47,80.66,0,83.31,22.76,2391,Low
11-10-2025 02:00,Z2,25.7,79.34,0,83.14,24.4,207,Low
11-10-2025 03:00,Z2,24.87,82.37,0,82.9,23.27,0,Low
11-10-2025 04:00,Z2,25.9,79.93,0,83.05,24.11,0,Low
11-10-2025 05:00,Z2,27.81,75.58,0,82.4,25.63,0,Low
11-10-2025 06:00,Z2,27.86,76.72,0,82.21,26.5,0,Low
11-10-2025 07:00,Z2,29.4,75.64,0,82.47,28.55,18361,Low
11-10-2025 08:00,Z2,31.16,71.98,0,82.1,29.5,32558,Low
11-10-2025 09:00,Z2,32.54,71.56,0,81.74,30.66,45934,Low
11-10-2025 10:00,Z2,32.94,68.22,0,81.74,31.04,55983,Low
11-10-2025 11:00,Z2,32.08,70.14,0,81.32,30.74,64700,Low
11-10-2025 12:00,Z2,32.8,70.39,0,81.42,31.62,63974,Low
11-10-2025 13:00,Z2,32.98,67.39,0,81.84,31.56,62992,Low
11-10-2025 14:00,Z2,32.59,67.56,0,81.56,30.64,53872,Low
11-10-2025 15:00,Z2,31.07,67.65,0,81.42,29.1,43030,Low
11-10-2025 16:00,Z2,31.89,66.62,0,81.62,30.52,31302,Low
11-10-2025 17:00,Z2,30.28,70.66,0,81.39,28.1,17194,Low
11-10-2025 18:00,Z2,28.72,71.83,0,81.26,27.85,206,Low
11-10-2025 19:00,Z2,27.68,77.49,0,81.23,26.13,0,Low
11-10-2025 20:00,Z2,26.09,79.97,0,80.8,25,959,Low
11-10-2025 21:00,Z2,26.49,77.37,0,80.79,24.55,287,Low
11-10-2025 22:00,Z2,24.81,78.29,0,81.13,23.37,0,Low
11-10-2025 23:00,Z2,23.11,80.78,0,81.2,21.56,0,Low
12-10-2025 00:00,Z2,23.35,79.25,0,80.92,22.64,3621,Low
12-10-2025 01:00,Z2,24.31,80.82,0,80.55,22.69,1482,Low
12-10-2025 02:00,Z2,24.3,80.81,0,80.12,22.34,0,Low
12-10-2025 03:00,Z2,26.52,75.1,0,79.68,24.66,379,Low
12-10-2025 04:00,Z2,26.52,78.49,0,79.23,25.03,2089,Low
12-10-2025 05:00,Z2,27.7,77.09,0.2,79.64,25.91,0,Low
12-10-2025 06:00,Z2,29.1,74.48,0,79.7,27.84,1280,Low
12-10-2025 07:00,Z2,30.47,72.27,0,79.92,29.08,19904,Low
12-10-2025 08:00,Z2,30.42,73.31,0,79.92,28.64,33227,Low
12-10-2025 09:00,Z2,32.48,68.3,0,79.92,30.85,40746,Low
12-10-2025 10:00,Z2,31.36,69.96,0,79.84,29.57,53580,Low
12-10-2025 11:00,Z2,32.56,68.43,0,79.62,31.31,63679,Low
12-10-2025 12:00,Z2,32.87,65.14,0,79.89,30.64,68134,Low
12-10-2025 13:00,Z2,32.92,65.82,0,79.94,31.41,60810,Low
12-10-2025 14:00,Z2,32.94,67.9,0,79.71,31.53,55858,Low
12-10-2025 15:00,Z2,31.06,70.93,0,79.54,30.49,44475,Low
12-10-2025 16:00,Z2,30.22,71.47,0,79.77,28.77,27440,Low
12-10-2025 17:00,Z2,29.49,70.2,0,79.33,28.17,16567,Low
12-10-2025 18:00,Z2,30.34,72.21,0,79.5,27.85,0,Low
12-10-2025 19:00,Z2,27.26,79.9,1,80.72,26.01,0,Low
12-10-2025 20:00,Z2,25.92,78.21,0,80.76,24.35,1709,Low
12-10-2025 21:00,Z2,25.73,75.94,0,80.95,24.38,0,Low
12-10-2025 22:00,Z2,24.97,77.52,0,80.74,23.11,0,Low
12-10-2025 23:00,Z2,24.95,79.3,0,80.29,22.96,2519,Low
13-10-2025 00:00,Z2,24.84,80.97,0,80.36,23.52,0,Low
13-10-2025 01:00,Z2,24.87,79.64,0,80.14,23.7,786,Low
13-10-2025 02:00,Z2,25.64,77.98,0,80.22,24.89,0,Low
13-10-2025 03:00,Z2,24.92,78.06,0,80.06,22.97,2425,Low
13-10-2025 04:00,Z2,25.34,77.71,0,80.64,23.79,643,Low
13-10-2025 05:00,Z2,26.79,78.45,0,80.26,25.26,0,Low
13-10-2025 06:00,Z2,28.44,73.03,0,80.17,26.98,2051,Low
13-10-2025 07:00,Z2,30.33,73.25,0,80.48,29.3,13408,Low
13-10-2025 08:00,Z2,30.24,70.21,0,80.73,28.43,35361,Low
13-10-2025 09:00,Z2,31.4,69.61,0,80.27,30.12,44871,Low
13-10-2025 10:00,Z2,33.16,71.2,0,80.24,31.49,56043,Low
13-10-2025 11:00,Z2,33.23,68.66,0,80.18,31.61,63370,Low
13-10-2025 12:00,Z2,33.03,68.34,0,80.42,31.98,62560,Low
13-10-2025 13:00,Z2,32.53,71.6,0,80.58,30.16,61659,Low
13-10-2025 14:00,Z2,32.3,73.32,1,82.33,30.74,24567,Low
13-10-2025 15:00,Z2,31.82,69.02,0,82.18,31.32,45883,Low
13-10-2025 16:00,Z2,32.16,68.58,0,82.65,30.45,29057,Low
13-10-2025 17:00,Z2,30.27,73.18,0,82.59,28.8,15528,Low
13-10-2025 18:00,Z2,28.77,71.68,0,82.47,27.13,1623,Low
13-10-2025 19:00,Z2,26.29,76.8,0,82.09,24.19,0,Low
13-10-2025 20:00,Z2,26.42,73.74,0,81.67,24.88,289,Low
13-10-2025 21:00,Z2,25.32,78.89,0,81.61,23.63,0,Low
13-10-2025 22:00,Z2,24.09,79.28,0,81.95,22.08,2885,Low
13-10-2025 23:00,Z2,24.46,80.18,0,81.94,22.93,1319,Low
14-10-2025 00:00,Z2,24.52,80.12,0,82.41,23.72,247,Low
14-10-2025 01:00,Z2,24.69,80.21,0,82.44,23.41,525,Low
14-10-2025 02:00,Z2,24.75,78.84,0,82.48,22.56,1380,Low
14-10-2025 03:00,Z2,26.05,82.44,0,82.7,24.65,0,Low
14-10-2025 04:00,Z2,25.79,79.27,0,82.66,24.46,0,Low
14-10-2025 05:00,Z2,26.41,75.97,0,82.62,25.26,1078,Low
14-10-2025 06:00,Z2,27.55,71.4,0,82.89,25.99,0,Low
14-10-2025 07:00,Z2,29.47,73.91,0,82.78,27.62,16059,Low
14-10-2025 08:00,Z2,30.63,71.25,0,82.63,29.28,34526,Low
14-10-2025 09:00,Z2,31.53,67.36,0,82.49,30.13,40593,Low
14-10-2025 10:00,Z2,32,72.71,0,81.93,30.83,55359,Low
14-10-2025 11:00,Z2,32.84,66.38,0,82.07,31.24,58141,Low
14-10-2025 12:00,Z2,32.46,68.74,0,82.39,31.7,61369,Low
14-10-2025 13:00,Z2,33.87,68.33,0,82.13,33.27,62615,Low
14-10-2025 14:00,Z2,32.29,67.83,0,81.88,30.14,55385,Low
14-10-2025 15:00,Z2,32.35,68.81,0,82.03,30.93,46277,Low
14-10-2025 16:00,Z2,30.87,70.55,0,82.45,28.91,36646,Low
14-10-2025 17:00,Z2,29.53,69.81,0,82.32,27.88,14822,Low
14-10-2025 18:00,Z2,28.9,75.8,0,82.68,26.73,0,Low
14-10-2025 19:00,Z2,27.93,77.75,0,82.63,26.28,802,Low
14-10-2025 20:00,Z2,26.28,78.27,0,82.82,23.96,0,Low
14-10-2025 21:00,Z2,26.63,76.53,0,83.26,25.42,1929,Low
14-10-2025 22:00,Z2,24.7,79.06,0,82.74,23.45,2637,Low
14-10-2025 23:00,Z2,24.15,81.69,0,82.63,22.59,0,Low
15-10-2025 00:00,Z2,24.61,83.88,0,82.12,23.27,246,Low
15-10-2025 01:00,Z2,23.67,80.18,0,82.87,21.97,0,Low
15-10-2025 02:00,Z2,25.63,77.25,0,82.79,24.52,75,Low
15-10-2025 03:00,Z2,25.66,78.96,0,83.02,24.27,506,Low
15-10-2025 04:00,Z2,25.27,80.09,0,82.88,23.59,976,Low
15-10-2025 05:00,Z2,26.42,78.43,0,82.29,23.94,0,Low
15-10-2025 06:00,Z2,29.49,72.88,0,82.56,28.61,0,Low
15-10-2025 07:00,Z2,29.79,73.62,0,82.18,28.02,16586,Low
15-10-2025 08:00,Z2,31.28,71.27,0,81.56,30.71,33889,Low
15-10-2025 09:00,Z2,31.01,68.92,0,81.4,29.89,44679,Low
15-10-2025 10:00,Z2,32.69,67.89,0,81.65,30.55,54637,Low
15-10-2025 11:00,Z2,34.07,68.16,0,81.42,31.99,59355,Low
15-10-2025 12:00,Z2,31.99,69.08,0,81.18,30.43,60038,Low
15-10-2025 13:00,Z2,33.39,66.01,0.2,81.29,32,30166,Low
15-10-2025 14:00,Z2,31.84,68.99,0,80.82,30.06,49239,Low
15-10-2025 15:00,Z2,31.49,72.01,0,80.64,29.55,46741,Low
15-10-2025 16:00,Z2,31.51,65.88,0,80.58,29.72,32196,Low
15-10-2025 17:00,Z2,29.23,72.41,0,80.83,27.76,16373,Low
15-10-2025 18:00,Z2,29,73.55,0,80.53,27.46,0,Low
15-10-2025 19:00,Z2,26.76,74.06,0,80.51,25.13,98,Low
15-10-2025 20:00,Z2,26.79,74.67,0,80.31,24.62,0,Low
15-10-2025 21:00,Z2,25.99,78.17,0,80.35,24.05,1240,Low
15-10-2025 22:00,Z2,26.1,79.47,0,80.43,24.59,0,Low
15-10-2025 23:00,Z2,24.76,77.17,0,80.23,23.5,2562,Low
16-10-2025 00:00,Z2,23.97,79.53,0,79.94,22.97,0,Low
16-10-2025 01:00,Z2,24.68,80.73,0,79.75,23.17,2513,Low
16-10-2025 02:00,Z2,23.44,79.27,0,79.88,21.76,0,Low
16-10-2025 03:00,Z2,25.76,78.54,0,79.8,23.76,1246,Low
16-10-2025 04:00,Z2,25.81,78.92,0,80.37,24.15,0,Low
16-10-2025 05:00,Z2,26.94,73.5,0,80.24,25.28,0,Low
16-10-2025 06:00,Z2,29.47,73.8,0,80,28.08,340,Low
16-10-2025 07:00,Z2,29.94,75.8,0,80.19,28.74,19599,Low
16-10-2025 08:00,Z2,29.94,74.01,0,80.08,28.9,32991,Low
16-10-2025 09:00,Z2,30.86,72.47,0,80.58,29.36,47665,Low
16-10-2025 10:00,Z2,31.64,72.36,0,80.89,29.61,55826,Low
16-10-2025 11:00,Z2,32.85,67.19,0,81.15,30.91,63609,Low
16-10-2025 12:00,Z2,33.94,68.48,0,81.05,32.19,63261,Low
16-10-2025 13:00,Z2,33.26,67.84,0,81.8,32.04,60954,Low
16-10-2025 14:00,Z2,32.13,68.29,0,81.74,30.22,57057,Low
16-10-2025 15:00,Z2,31.71,67.12,0,81.7,30.4,46914,Low
16-10-2025 16:00,Z2,31.09,70.33,0,81.83,29.49,29549,Low
16-10-2025 17:00,Z2,29.77,72.17,0,82,28.1,15327,Low
16-10-2025 18:00,Z2,28.02,74.24,0,82.17,26.73,149,Low
16-10-2025 19:00,Z2,26.91,80.45,0,82.48,25.57,4058,Low
16-10-2025 20:00,Z2,26.27,75.19,0,82.53,24.24,0,Low
16-10-2025 21:00,Z2,26.05,77,0,81.76,24.54,0,Low
16-10-2025 22:00,Z2,25.55,77.56,0,81.28,24.1,1033,Low
16-10-2025 23:00,Z2,24.85,80.71,0,81.56,23.38,0,Low
17-10-2025 00:00,Z2,23.21,82.58,0,81.25,21.71,0,Low
17-10-2025 01:00,Z2,23.85,76.87,0,81.26,22.39,381,Low
17-10-2025 02:00,Z2,25.67,77.36,0,81.16,24.01,0,Low
17-10-2025 03:00,Z2,25.7,77.99,0,81.07,24.15,0,Low
17-10-2025 04:00,Z2,25.99,78.19,0,81.28,24.27,0,Low
17-10-2025 05:00,Z2,26.25,76.08,0,81.23,24.49,0,Low
17-10-2025 06:00,Z2,29.33,72.67,0,81.26,27.31,514,Low
17-10-2025 07:00,Z2,29,73.47,0,81.12,27.9,16536,Low
17-10-2025 08:00,Z2,31.18,70.5,0,80.81,29.81,31559,Low
17-10-2025 09:00,Z2,32.47,69.34,0,81.32,30.53,43124,Low
17-10-2025 10:00,Z2,32.53,71.45,0,81.13,31.13,53218,Low
17-10-2025 11:00,Z2,32.89,67.46,0,81.3,31.79,60828,Low
17-10-2025 12:00,Z2,32.96,70.5,0,81.54,30.94,60381,Low
17-10-2025 13:00,Z2,32.55,72.75,1,82.6,30.43,31206,Low
17-10-2025 14:00,Z2,32.59,69.48,0,82.79,31.52,55538,Low
17-10-2025 15:00,Z2,31.21,75.45,0,82.54,29.38,46525,Low
17-10-2025 16:00,Z2,31.36,69.62,0,82.2,30.23,32611,Low
17-10-2025 17:00,Z2,29.91,73.4,0,81.92,28.16,18146,Low
17-10-2025 18:00,Z2,28.44,74.68,0,81.92,26.76,0,Low
17-10-2025 19:00,Z2,27.18,73.89,0,81.79,26.04,2199,Low
17-10-2025 20:00,Z2,26.08,77.37,0,81.83,24.14,0,Low
17-10-2025 21:00,Z2,25.25,76.14,0,81.8,24.28,2201,Low
17-10-2025 22:00,Z2,24.4,81.86,0,81.9,23.24,580,Low
17-10-2025 23:00,Z2,24.87,80.85,0,82.13,23.6,2186,Low
18-10-2025 00:00,Z2,23.93,80.82,0,82.54,22.87,0,Low
18-10-2025 01:00,Z2,23.53,86.13,0,82.53,21.94,929,Low
18-10-2025 02:00,Z2,24.42,79.81,0,82.6,23.32,0,Low
18-10-2025 03:00,Z2,25.9,75.74,0,82.77,24.2,0,Low
18-10-2025 04:00,Z2,26.02,76.23,0,82.62,23.99,0,Low
18-10-2025 05:00,Z2,27.83,76.69,0,82.9,26.7,0,Low
18-10-2025 06:00,Z2,29.85,74.25,0,82.84,27.95,170,Low
18-10-2025 07:00,Z2,29.71,68.93,0,83.21,27.93,16887,Low
18-10-2025 08:00,Z2,30.64,72.08,0,83.55,29.47,30854,Low
18-10-2025 09:00,Z2,31.63,75.69,0,83.73,29.79,46471,Low
18-10-2025 10:00,Z2,32.75,65.83,0,83.83,31.27,56141,Low
18-10-2025 11:00,Z2,33.54,62.09,0,83.84,32.16,60951,Low
18-10-2025 12:00,Z2,33.25,66.85,0,83.63,31.6,65877,Low
18-10-2025 13:00,Z2,33.49,68.42,0,83.34,31.93,67321,Low
18-10-2025 14:00,Z2,31.96,72.7,0,83.34,30.81,52547,Low
18-10-2025 15:00,Z2,32.29,71.67,0,83.25,30.75,41025,Low
18-10-2025 16:00,Z2,30.11,74.91,0,83.06,28.85,34318,Low
18-10-2025 17:00,Z2,30.01,73.68,0,83.05,28.85,16840,Low
18-10-2025 18:00,Z2,28.53,75.6,0,82.69,27.02,2757,Low
18-10-2025 19:00,Z2,26.89,78.23,0,82.45,25.16,2671,Low
18-10-2025 20:00,Z2,26.8,80.5,0,82.43,25.2,334,Low
18-10-2025 21:00,Z2,25.33,78.09,0,83.41,23.92,0,Low
18-10-2025 22:00,Z2,24.4,77.81,0,82.66,22.26,868,Low
18-10-2025 23:00,Z2,24.33,79.47,0,82.75,22.4,810,Low
19-10-2025 00:00,Z2,25.33,77.31,0,82.49,24.08,0,Low
19-10-2025 01:00,Z2,24.82,81.83,0,82.53,23.32,0,Low
19-10-2025 02:00,Z2,24.17,81.65,0,82.49,22.08,0,Low
19-10-2025 03:00,Z2,25.27,80.12,0,82.12,24.18,0,Low
19-10-2025 04:00,Z2,25.71,76.12,0,82.31,23.8,0,Low
19-10-2025 05:00,Z2,27.05,76.98,0,82.33,25.34,2195,Low
19-10-2025 06:00,Z2,29.13,72.93,0,83,26.99,0,Low
19-10-2025 07:00,Z2,31.1,71.88,0,83.07,29.27,15702,Low
19-10-2025 08:00,Z2,30.39,74.41,0,83.68,28.66,35386,Low
19-10-2025 09:00,Z2,31.26,69.47,0,83.01,29.33,41278,Low
19-10-2025 10:00,Z2,31.31,70.11,0,82.66,30.53,59360,Low
19-10-2025 11:00,Z2,33.3,66.89,0,82.55,32.29,61117,Low
19-10-2025 12:00,Z2,32.28,67.74,0,82.7,29.92,66021,Low
19-10-2025 13:00,Z2,32.99,67.62,0,82.67,31.35,60932,Low
19-10-2025 14:00,Z2,32.57,70.36,0,82.33,31.69,55484,Low
19-10-2025 15:00,Z2,31.39,68.67,0,82.77,30.02,44419,Low
19-10-2025 16:00,Z2,30.92,74.7,0,83.19,28.97,33787,Low
19-10-2025 17:00,Z2,31.19,69.73,0,83.67,29.1,14574,Low
19-10-2025 18:00,Z2,27.22,75.81,0,83.32,26.36,0,Low
19-10-2025 19:00,Z2,27.05,78.95,0,83.43,25.71,0,Low
19-10-2025 20:00,Z2,26.47,75.77,0,83.69,25.33,0,Low
19-10-2025 21:00,Z2,26.35,77.23,0,83.45,25.25,172,Low
19-10-2025 22:00,Z2,24.95,80.71,0,83.75,23.33,1610,Low
19-10-2025 23:00,Z2,22.28,81.62,0,83.74,21.21,0,Low
20-10-2025 00:00,Z2,23.28,79.82,0,84.13,22.01,0,Low
20-10-2025 01:00,Z2,24.31,80.67,0,84.24,22.52,0,Low
20-10-2025 02:00,Z2,24.62,83.42,0.2,84.8,23.32,354,Low
20-10-2025 03:00,Z2,25.94,80.2,0,84.47,24.49,0,Low
20-10-2025 04:00,Z2,26.78,77.11,0,84.64,25.41,1778,Low
20-10-2025 05:00,Z2,27.19,73.76,0,84.15,25.47,1907,Low
20-10-2025 06:00,Z2,27.39,73.46,0,84.35,25.59,0,Low
20-10-2025 07:00,Z2,29.77,75.7,0,84.47,28.43,17964,Low
20-10-2025 08:00,Z2,29.63,72.11,0,84.46,27.73,35519,Low
20-10-2025 09:00,Z2,31.34,70.45,0,84.15,29.47,42984,Low
20-10-2025 10:00,Z2,32.03,69.24,0,83.94,30.49,56156,Low
20-10-2025 11:00,Z2,31.46,71.35,0,83.68,30.1,61052,Low
20-10-2025 12:00,Z2,32.81,71.34,0,83.57,30.83,65247,Low
20-10-2025 13:00,Z2,32.28,67.83,0,83.42,31.08,63088,Low
20-10-2025 14:00,Z2,33.41,67.58,0,83.6,31.95,52897,Low
20-10-2025 15:00,Z2,32.33,68.91,0,83.91,30.96,45341,Low
20-10-2025 16:00,Z2,30.55,72.34,0,83.84,29.3,29742,Low
20-10-2025 17:00,Z2,29.44,75.94,0,83.61,26.98,17951,Low
20-10-2025 18:00,Z2,28.2,76.07,0,84.23,26.31,390,Low
20-10-2025 19:00,Z2,28.91,75.28,0,84.39,27.16,0,Low
20-10-2025 20:00,Z2,26.41,76.57,0,84.76,25.26,2879,Low
20-10-2025 21:00,Z2,25.27,77.97,0,84.53,23.71,1379,Low
20-10-2025 22:00,Z2,24.41,77.42,0,84.51,22.18,0,Low
20-10-2025 23:00,Z2,24,79.18,0,84.82,22.35,2259,Low
21-10-2025 00:00,Z2,24.02,81.44,0,84.4,22.03,0,Low
21-10-2025 01:00,Z2,24.37,79.57,0,84.04,22.85,0,Low
21-10-2025 02:00,Z2,24.11,82.97,0,83.75,23.06,0,Low
21-10-2025 03:00,Z2,25.82,75.67,0,83.48,24.16,574,Low
21-10-2025 04:00,Z2,25.83,79.41,0,83.77,24.67,0,Low
21-10-2025 05:00,Z2,27.74,78.32,0,83.55,25.85,1499,Low
21-10-2025 06:00,Z2,28.77,72.97,0,83.32,27.58,3292,Low
21-10-2025 07:00,Z2,31.49,72.75,0,83.43,29.8,15251,Low
21-10-2025 08:00,Z2,30.57,71.41,0,83.39,28.55,28068,Low
21-10-2025 09:00,Z2,32.3,65.36,0,83.37,30.64,47588,Low
21-10-2025 10:00,Z2,32.46,66.6,0,83.13,31,53646,Low
21-10-2025 11:00,Z2,33.49,65.02,0,83.37,31.99,63651,Low
21-10-2025 12:00,Z2,34.09,66.43,0,82.87,33.6,63276,Low
21-10-2025 13:00,Z2,32.47,70.38,0,82.99,31.14,61911,Low
21-10-2025 14:00,Z2,31.9,66.51,0,82.92,30.47,56231,Low
21-10-2025 15:00,Z2,30.9,75.59,0,83.22,29.53,45157,Low
21-10-2025 16:00,Z2,30.97,74.24,0,83.28,29.15,33659,Low
21-10-2025 17:00,Z2,30.09,74.58,0,83.58,28.73,14849,Low
21-10-2025 18:00,Z2,29.16,74.5,0,83.89,27.69,188,Low
21-10-2025 19:00,Z2,28.42,70.93,0,83.76,27.4,0,Low
21-10-2025 20:00,Z2,27.03,73.28,0,83.7,25.48,259,Low
21-10-2025 21:00,Z2,24.96,82.11,0,83.24,24.07,0,Low
21-10-2025 22:00,Z2,25.41,77.73,0,83.2,23.4,690,Low
21-10-2025 23:00,Z2,23.6,80.75,0,82.71,22.67,3486,Low
22-10-2025 00:00,Z2,24.55,78.25,0,83.12,22.41,1495,Low
22-10-2025 01:00,Z2,24.18,79.71,0,82.98,22.17,0,Low
22-10-2025 02:00,Z2,23.81,82.45,0,82.93,22.39,0,Low
22-10-2025 03:00,Z2,25.86,75.68,0,82.91,25.05,25,Low
22-10-2025 04:00,Z2,26.39,79.81,0.5,83.66,24.38,3692,Low
22-10-2025 05:00,Z2,28.4,76.54,0,83.75,26.02,0,Low
22-10-2025 06:00,Z2,28.29,73.29,0,84.09,26.8,0,Low
22-10-2025 07:00,Z2,29.92,72.62,0,84.03,28.17,15627,Low
22-10-2025 08:00,Z2,31.1,68.41,0,83.94,30.04,36238,Low
22-10-2025 09:00,Z2,31.89,69.33,0,83.79,30.07,48290,Low
22-10-2025 10:00,Z2,33.19,67.58,0,83.93,32,52245,Low
22-10-2025 11:00,Z2,32.93,70.68,0,83.84,30.97,65526,Low
22-10-2025 12:00,Z2,33.08,71.73,0,84.04,31.7,62523,Low
22-10-2025 13:00,Z2,33.54,67.76,0,84.21,32.14,62764,Low
22-10-2025 14:00,Z2,32.54,70.86,0,84.84,30.93,51930,Low
22-10-2025 15:00,Z2,32.29,67.67,0,84.56,30.75,41049,Low
22-10-2025 16:00,Z2,30.97,67.86,0,84.09,30.07,32052,Low
22-10-2025 17:00,Z2,30.24,68.35,0,83.97,29.33,18223,Low
22-10-2025 18:00,Z2,29.1,75.81,0,84.13,27.6,0,Low
22-10-2025 19:00,Z2,27.12,79.6,0,84.17,25.8,356,Low
22-10-2025 20:00,Z2,27.67,74.38,0,83.7,26.76,1827,Low
22-10-2025 21:00,Z2,25.66,79.95,0,83.63,24.15,0,Low
22-10-2025 22:00,Z2,25.78,78.74,0,83.85,23.93,0,Low
22-10-2025 23:00,Z2,23.98,78.25,0,84.03,22.2,1179,Low
23-10-2025 00:00,Z2,24.06,80.95,0,83.99,22.54,0,Low
23-10-2025 01:00,Z2,23.81,82.87,0,83.87,22.69,0,Low
23-10-2025 02:00,Z2,25.9,77.21,0,83.32,23.88,4622,Low
23-10-2025 03:00,Z2,25.53,76.1,0,83.27,24.22,0,Low
23-10-2025 04:00,Z2,26.76,77.26,0,83.1,25.07,902,Low
23-10-2025 05:00,Z2,27.42,76.61,0,82.99,25.87,0,Low
23-10-2025 06:00,Z2,29.02,74.26,0,81.99,27.02,0,Low
23-10-2025 07:00,Z2,28.69,75.79,0,81.48,26.92,18681,Low
23-10-2025 08:00,Z2,30.54,72.33,0,81.33,29.27,31293,Low
23-10-2025 09:00,Z2,31.01,70.63,0,81.35,30.08,45979,Low
23-10-2025 10:00,Z2,33.39,67.74,0,81.23,31.78,53921,Low
23-10-2025 11:00,Z2,32.46,70.68,0,81.26,30.9,62333,Low
23-10-2025 12:00,Z2,33.85,67.14,0,81.33,32.38,63566,Low
23-10-2025 13:00,Z2,33.62,64.67,0,82,31.77,59316,Low
23-10-2025 14:00,Z2,32.27,67.96,0,81.55,30.85,56338,Low
23-10-2025 15:00,Z2,31.4,69.31,0,81.73,29.77,46940,Low
23-10-2025 16:00,Z2,31.13,68.98,0,81.5,29.6,31376,Low
23-10-2025 17:00,Z2,29.26,75.36,0,81.13,28.51,16325,Low
23-10-2025 18:00,Z2,27.8,76.64,0,81.16,26.59,58,Low
23-10-2025 19:00,Z2,27.95,72.82,0,81.3,26.29,0,Low
23-10-2025 20:00,Z2,26.92,79.44,0,80.99,25.44,0,Low
23-10-2025 21:00,Z2,24.39,78.95,0,81.17,22.94,2878,Low
23-10-2025 22:00,Z2,24.66,81.64,0,80.63,23.15,0,Low
23-10-2025 23:00,Z2,24.1,85,0,80.66,22.9,0,Low
24-10-2025 00:00,Z2,23.47,82.79,0,80.5,21.69,0,Low
24-10-2025 01:00,Z2,24.01,79.09,0,80.83,23.15,0,Low
24-10-2025 02:00,Z2,24.33,81.21,0,80.69,23.33,0,Low
24-10-2025 03:00,Z2,25.23,79.91,0,80.42,23.85,0,Low
24-10-2025 04:00,Z2,25.87,80.36,0,80.7,24.07,0,Low
24-10-2025 05:00,Z2,27.75,74.35,0,80.61,26.23,4114,Low
24-10-2025 06:00,Z2,28.49,71.93,0,80.63,26.16,3253,Low
24-10-2025 07:00,Z2,30.19,70.6,0,80.82,28.2,17206,Low
24-10-2025 08:00,Z2,31.73,72.54,0,80.62,30.35,31500,Low
24-10-2025 09:00,Z2,32.28,65.4,0,80.95,31,43860,Low
24-10-2025 10:00,Z2,32.48,70.52,0,80.73,31.38,56176,Low
24-10-2025 11:00,Z2,32.68,68.58,0,80.9,31.46,62453,Low
24-10-2025 12:00,Z2,34.15,63.62,0,81.33,32.73,63094,Low
24-10-2025 13:00,Z2,32.45,69.08,0,81.5,31.12,59518,Low
24-10-2025 14:00,Z2,32.43,66.41,0,81.27,31.01,57762,Low
24-10-2025 15:00,Z2,31.5,68.52,0,81.07,29.91,45580,Low
24-10-2025 16:00,Z2,29.85,76.35,0,80.79,27.99,32208,Low
24-10-2025 17:00,Z2,28.12,73.89,0,80.69,26.88,16001,Low
24-10-2025 18:00,Z2,28.45,71.49,0,80.68,26.6,0,Low
24-10-2025 19:00,Z2,26.75,73.34,0,81.08,25.23,0,Low
24-10-2025 20:00,Z2,25.85,76.56,0,81.41,24.42,0,Low
24-10-2025 21:00,Z2,24.97,76.25,0,80.83,22.75,3576,Low
24-10-2025 22:00,Z2,24.06,81.83,0,80.64,22.21,1546,Low
24-10-2025 23:00,Z2,24.45,82.62,0,80.68,23.67,0,Low
25-10-2025 00:00,Z2,24.76,78.36,0,80.79,23.28,0,Low
25-10-2025 01:00,Z2,24.9,79.95,0,80.18,23.15,1291,Low
25-10-2025 02:00,Z2,24.6,81.45,0,80.68,23.21,0,Low
25-10-2025 03:00,Z2,24.33,81.47,0,80.55,23,0,Low
25-10-2025 04:00,Z2,26.36,79.5,0,80.9,24.51,3040,Low
25-10-2025 05:00,Z2,28.34,72.26,0,80.77,26.56,0,Low
25-10-2025 06:00,Z2,28.93,72.72,0,81.23,27.72,0,Low
25-10-2025 07:00,Z2,29.15,72.18,0,81.32,27.37,14389,Low
25-10-2025 08:00,Z2,31.18,70.83,0,81.31,29.61,31884,Low
25-10-2025 09:00,Z2,32.05,70.66,0,81.41,30.66,43058,Low
25-10-2025 10:00,Z2,32.58,65.15,0,80.82,31.18,57104,Low
25-10-2025 11:00,Z2,33.43,67.42,0,80.9,32.02,59971,Low
25-10-2025 12:00,Z2,32.62,82.07,10,90,31.22,33492,Low
25-10-2025 13:00,Z2,33.12,68.89,0,89.84,31.31,60768,Low
25-10-2025 14:00,Z2,32.27,67.56,0,89.83,30.18,53312,Low
25-10-2025 15:00,Z2,32.18,67.83,0,89.73,30.69,45338,Low
25-10-2025 16:00,Z2,31.17,72.75,0,89.16,29.54,27468,Low
25-10-2025 17:00,Z2,29.77,72.93,0,89.23,28.54,15943,Low
25-10-2025 18:00,Z2,27.96,74.93,0,88.98,26.54,0,Low
25-10-2025 19:00,Z2,27.51,76.26,0,88.96,26.08,0,Low
25-10-2025 20:00,Z2,27.07,73.92,0,88.52,25.34,1234,Low
25-10-2025 21:00,Z2,24.88,79.03,0,88.2,22.92,372,Low
25-10-2025 22:00,Z2,25.53,79.54,0,87.85,23.98,0,Low
25-10-2025 23:00,Z2,24.42,80.08,0.5,88.21,22.82,0,Low
26-10-2025 00:00,Z2,24.73,82.48,0,88.11,23.6,0,Low
26-10-2025 01:00,Z2,24.33,77,0,88.38,22.59,1251,Low
26-10-2025 02:00,Z2,24.52,82.7,0,88.67,23.3,4339,Low
26-10-2025 03:00,Z2,25.22,80.21,0,88.92,23.45,0,Low
26-10-2025 04:00,Z2,26.88,71.4,0,88.32,25.21,881,Low
26-10-2025 05:00,Z2,26.35,75.25,0,88.57,24.4,4128,Low
26-10-2025 06:00,Z2,29.24,69.55,0,88.01,27.96,0,Low
26-10-2025 07:00,Z2,29.82,72.5,0,88.06,28.7,16831,Low
26-10-2025 08:00,Z2,30.86,71.05,0,88.23,29.7,29836,Low
26-10-2025 09:00,Z2,33.02,68.35,0,88.08,30.91,46046,Low
26-10-2025 10:00,Z2,32.48,68.82,0,87.77,31.25,60516,Low
26-10-2025 11:00,Z2,32.12,70.13,0,87.42,30.61,60371,Low
26-10-2025 12:00,Z2,33.68,66.61,0,86.92,32.17,65944,Low
26-10-2025 13:00,Z2,33.45,68.9,0,86.9,31.6,60059,Low
26-10-2025 14:00,Z2,32.89,65.87,0,86.64,30.9,56980,Low
26-10-2025 15:00,Z2,32.47,71.41,0,86.67,31.21,45946,Low
26-10-2025 16:00,Z2,30.53,73.92,0,87.23,28.87,30517,Low
26-10-2025 17:00,Z2,29.22,71.44,0,87.02,26.84,17160,Low
26-10-2025 18:00,Z2,28.77,74.43,0,86.79,27.19,0,Low
26-10-2025 19:00,Z2,27.85,76.66,0,87.22,26.89,0,Low
26-10-2025 20:00,Z2,25.87,79.41,0,87.25,24.2,2634,Low
26-10-2025 21:00,Z2,24.38,81.49,0,87.32,22.59,753,Low
26-10-2025 22:00,Z2,26.03,78.08,0,87.45,24.54,53,Low
26-10-2025 23:00,Z2,24.29,80.03,0,87.34,22.55,0,Low
27-10-2025 00:00,Z2,23.9,83.64,0,87.1,23.21,0,Low
27-10-2025 01:00,Z2,23,81.66,0,86.44,20.9,2937,Low
27-10-2025 02:00,Z2,24.72,81.09,0,86.68,23.92,1046,Low
27-10-2025 03:00,Z2,26.15,76.27,0,86.52,24.79,0,Low
27-10-2025 04:00,Z2,25.75,78.81,0,85.83,23.47,0,Low
27-10-2025 05:00,Z2,27.17,74.63,0,85.41,26.69,21,Low
27-10-2025 06:00,Z2,27.69,75.82,0,85.22,25.49,356,Low
27-10-2025 07:00,Z2,29.52,77.08,0,85.14,28.64,14170,Low
27-10-2025 08:00,Z2,30.99,69.48,0,84.99,29.97,32895,Low
27-10-2025 09:00,Z2,33.12,65.48,0,85.17,31.44,48650,Low
27-10-2025 10:00,Z2,32.97,65.23,0,85.17,32,54072,Low
27-10-2025 11:00,Z2,32.83,64.34,0,84.86,32.25,62336,Low
27-10-2025 12:00,Z2,32.25,68.48,0,85.33,30.63,60416,Low
27-10-2025 13:00,Z2,32.96,67.14,0,85.17,31.37,61634,Low
27-10-2025 14:00,Z2,32.33,67.7,0,85.35,31.29,54375,Low
27-10-2025 15:00,Z2,31.36,71.82,0,85.36,29.39,44312,Low
27-10-2025 16:00,Z2,30.89,72.15,0,85.62,29.52,29933,Low
27-10-2025 17:00,Z2,30.88,68.95,0,85.29,29.08,16876,Low
27-10-2025 18:00,Z2,28.87,69.8,0,84.69,26.62,1006,Low
27-10-2025 19:00,Z2,27.6,77.89,0,84.6,26.37,495,Low
27-10-2025 20:00,Z2,25.63,76.66,0,84.41,24.54,1789,Low
27-10-2025 21:00,Z2,24.44,80.3,0,84.05,22.58,1890,Low
27-10-2025 22:00,Z2,24.06,78.57,0,83.84,22.73,281,Low
27-10-2025 23:00,Z2,23.8,76.6,0,83.57,22.15,173,Low
28-10-2025 00:00,Z2,24.14,82.88,0,83.19,23.12,4476,Low
28-10-2025 01:00,Z2,24.36,83.04,0,82.97,22.88,1254,Low
28-10-2025 02:00,Z2,24.74,77.51,0,83.06,23.08,0,Low
28-10-2025 03:00,Z2,26.04,79.42,0,83.07,24.6,408,Low
28-10-2025 04:00,Z2,27.06,77.11,0,82.86,25.6,0,Low
28-10-2025 05:00,Z2,27.6,78.05,0,82.59,25.57,0,Low
28-10-2025 06:00,Z2,27.97,75.66,0,82.56,26.95,0,Low
28-10-2025 07:00,Z2,29.93,71.18,0,82.73,28.26,19246,Low
28-10-2025 08:00,Z2,29.69,74.85,0,82.64,28.21,30042,Low
28-10-2025 09:00,Z2,31.82,69.51,0,82.36,30.77,47291,Low
28-10-2025 10:00,Z2,32.5,66.55,0,81.54,31.56,55607,Low
28-10-2025 11:00,Z2,32.77,70.34,0,81.43,31.7,58037,Low
28-10-2025 12:00,Z2,33.45,66.56,0,82.03,31.5,61026,Low
28-10-2025 13:00,Z2,33.03,67.16,0,81.81,31.35,62840,Low
28-10-2025 14:00,Z2,32.97,70.35,0,81.17,31.44,54800,Low
28-10-2025 15:00,Z2,31.63,68.6,0,81.51,30.51,47741,Low
28-10-2025 16:00,Z2,31.6,69.96,0,81.45,29.7,30861,Low
28-10-2025 17:00,Z2,30.27,72.75,0,81.27,29.3,14807,Low
28-10-2025 18:00,Z2,29.54,72.87,0,80.95,28.42,0,Low
28-10-2025 19:00,Z2,27.86,75.04,0,80.55,27.32,1663,Low
28-10-2025 20:00,Z2,27.03,76.27,0.2,80.25,25.69,920,Low
28-10-2025 21:00,Z2,24.98,78.67,0,80.54,23.32,783,Low
28-10-2025 22:00,Z2,24.45,80.1,0,79.99,22.77,2676,Low
28-10-2025 23:00,Z2,23.51,81.4,0,80.11,21.74,1945,Low
29-10-2025 00:00,Z2,23.69,79.1,0,80.28,22.57,0,Low
29-10-2025 01:00,Z2,23.64,82.99,0,80.02,22.44,3039,Low
29-10-2025 02:00,Z2,25.38,76.59,0,80.16,23.09,0,Low
29-10-2025 03:00,Z2,25.37,80.86,0,80.36,24.11,241,Low
29-10-2025 04:00,Z2,25.63,75.67,0,80.36,24.82,0,Low
29-10-2025 05:00,Z2,27.58,75.56,0,80.23,25.34,872,Low
29-10-2025 06:00,Z2,29.09,75.49,0,80.24,27.6,1336,Low
29-10-2025 07:00,Z2,29.64,71.47,0,80.22,27.92,17918,Low
29-10-2025 08:00,Z2,30.34,73.06,0,79.87,28.28,31829,Low
29-10-2025 09:00,Z2,32.13,70.72,0,80.19,30.46,43698,Low
29-10-2025 10:00,Z2,32.41,71.02,0,80.15,31.06,57669,Low
29-10-2025 11:00,Z2,32.32,67.43,0,79.88,30.65,58917,Low
29-10-2025 12:00,Z2,34.87,66.26,0,79.69,33.45,60275,Low
29-10-2025 13:00,Z2,33.09,68.28,0,79.67,32.53,60528,Low
29-10-2025 14:00,Z2,33.53,67.93,0,79.59,31.63,54375,Low
29-10-2025 15:00,Z2,32.95,66.56,0,79.28,31.53,44263,Low
29-10-2025 16:00,Z2,32.11,66.96,0,79.32,31.15,31909,Low
29-10-2025 17:00,Z2,29.62,70.29,0,79.35,27.95,12359,Low
29-10-2025 18:00,Z2,29.19,71.38,0,79.69,27.17,0,Low
29-10-2025 19:00,Z2,27.14,77.59,0,79.44,26.07,0,Low
29-10-2025 20:00,Z2,26.95,76.57,0,79.89,25.13,2543,Low
29-10-2025 21:00,Z2,25.38,84.18,0,79.94,24.27,225,Low
29-10-2025 22:00,Z2,25.17,78.7,0,79.71,23.35,0,Low
29-10-2025 23:00,Z2,26.04,77.02,0,79.65,24.13,0,Low
30-10-2025 00:00,Z2,25.31,79.89,0,79.93,23.8,0,Low
30-10-2025 01:00,Z2,23.92,80.68,0,80.11,22.49,0,Low
30-10-2025 02:00,Z2,24.79,79.57,0,79.85,23.34,0,Low
30-10-2025 03:00,Z2,25.94,77.56,0,79.85,24.55,3747,Low
30-10-2025 04:00,Z2,27.02,80.55,1,80.76,25.64,0,Low
30-10-2025 05:00,Z2,26.79,78.85,0,80.75,24.61,0,Low
30-10-2025 06:00,Z2,28.26,72.37,0,81.18,26.86,227,Low
30-10-2025 07:00,Z2,28.96,74.5,0,81.31,27.76,14215,Low
30-10-2025 08:00,Z2,30.71,68.64,0,81.42,29.04,35090,Low
30-10-2025 09:00,Z2,32.03,67.69,0,81.5,31.07,48637,Low
30-10-2025 10:00,Z2,32.92,64.59,0,81.18,31.99,56103,Low
30-10-2025 11:00,Z2,33.65,67.81,0,81.33,31.96,62734,Low
30-10-2025 12:00,Z2,33.67,68.58,0,81.34,32.04,63275,Low
30-10-2025 13:00,Z2,33.09,69.89,0,81.38,31.92,66614,Low
30-10-2025 14:00,Z2,32.45,70.98,0,80.87,31.47,57063,Low
30-10-2025 15:00,Z2,32.68,68.59,0,80.92,31.54,36323,Low
30-10-2025 16:00,Z2,32.02,72.03,0,80.71,30.22,33617,Low
30-10-2025 17:00,Z2,29.83,69.73,0,80.34,28.22,15135,Low
30-10-2025 18:00,Z2,28.91,74.82,0,79.86,27.76,1255,Low
30-10-2025 19:00,Z2,26.74,74.97,0,79.48,24.84,0,Low
30-10-2025 20:00,Z2,25.33,77.9,0,79.73,24.41,1021,Low
30-10-2025 21:00,Z2,25.2,77.99,0,79.69,23.95,0,Low
30-10-2025 22:00,Z2,24.86,78.28,0,79.4,23.03,84,Low
30-10-2025 23:00,Z2,24.75,80.78,0,79.28,22.87,0,Low
31-10-2025 00:00,Z2,24.32,80.86,0,78.78,22.55,1626,Low
31-10-2025 01:00,Z2,23.82,84.6,1,80.67,22.07,0,Low
31-10-2025 02:00,Z2,24.36,77.82,0,80.4,23.43,0,Low
31-10-2025 03:00,Z2,25.22,79.94,0,81.16,23.39,914,Low
31-10-2025 04:00,Z2,26.66,76.87,0,81.26,24.88,0,Low
31-10-2025 05:00,Z2,28.05,75.53,0,81.18,25.89,2391,Low
31-10-2025 06:00,Z2,30.06,70.61,0,81.02,27.39,0,Low
31-10-2025 07:00,Z2,30.31,71.43,0,81.05,28.55,18437,Low
31-10-2025 08:00,Z2,32.53,69.96,0,81.02,31.52,31548,Low
31-10-2025 09:00,Z2,32.07,69.23,0,80.62,30.62,47346,Low
31-10-2025 10:00,Z2,32.85,65.64,0,80.2,31.06,54512,Low
31-10-2025 11:00,Z2,32.29,69.99,0.5,81.26,30.73,30960,Low
31-10-2025 12:00,Z2,32.26,69.31,0,81.26,30.64,68149,Low
31-10-2025 13:00,Z2,32.76,68.68,0,81.49,31.05,62120,Low
31-10-2025 14:00,Z2,31.95,67.96,0,81.43,29.89,55896,Low
31-10-2025 15:00,Z2,31.6,68.79,0,81.3,30.34,46866,Low
31-10-2025 16:00,Z2,30.7,72.72,0,80.88,28.66,34482,Low
31-10-2025 17:00,Z2,29.12,75.29,0,80.77,27.17,17247,Low
31-10-2025 18:00,Z2,29.47,74.73,0,80.69,28.44,3208,Low
31-10-2025 19:00,Z2,26.41,75.66,0,80.59,25.23,851,Low
31-10-2025 20:00,Z2,26.49,77.88,0,81.02,24.53,0,Low
31-10-2025 21:00,Z2,25.4,81.35,0,81.32,23.5,0,Low
31-10-2025 22:00,Z2,24.58,81.07,0,81.17,22.58,2989,Low
31-10-2025 23:00,Z2,25.55,77.84,0,81.17,24.48,0,Low
01-08-2025 00:00,Z3,23.29,79.82,0,65.36,22.15,0,Low
01-08-2025 01:00,Z3,21.03,85.18,0,65.47,19.72,464,Low
01-08-2025 02:00,Z3,22.9,83.14,0,66.01,21.55,0,Low
01-08-2025 03:00,Z3,24.19,81.08,0,65.68,22.52,0,Low
01-08-2025 04:00,Z3,24.49,82.04,0,66.26,22.87,0,Low
01-08-2025 05:00,Z3,26.38,76.51,0,65.83,24.27,1650,Low
01-08-2025 06:00,Z3,26.08,84.23,2,68.06,23.14,0,Low
01-08-2025 07:00,Z3,28.46,77.04,0,67.87,27.31,20313,Low
01-08-2025 08:00,Z3,29.02,72.84,0,67.58,27.62,39098,Low
01-08-2025 09:00,Z3,30.18,85.24,10,80.27,28.98,28236,Low
01-08-2025 10:00,Z3,30.33,70.76,0,80.53,28.87,70092,Low
01-08-2025 11:00,Z3,31.6,70.43,0,80.42,30.58,77394,Low
01-08-2025 12:00,Z3,31.09,69.92,0,80.28,29.56,76925,Low
01-08-2025 13:00,Z3,30.21,71.14,0,80.12,28.99,76530,Low
01-08-2025 14:00,Z3,30.78,69.86,0,80.24,29.38,71923,Low
01-08-2025 15:00,Z3,29.5,70.97,0,79.61,28.2,56598,Low
01-08-2025 16:00,Z3,29.39,76.01,0,79.85,27.64,38731,Low
01-08-2025 17:00,Z3,27.26,78.31,0,80.23,25.95,25725,Low
01-08-2025 18:00,Z3,27.01,74.4,0,80.34,24.62,0,Low
01-08-2025 19:00,Z3,25.58,78.35,0,80.58,24.29,1972,Low
01-08-2025 20:00,Z3,22.58,83.97,0,80.78,21.69,0,Low
01-08-2025 21:00,Z3,23.59,83.97,0,80.74,21.86,0,Low
01-08-2025 22:00,Z3,22.27,80.28,0,80.85,20.14,0,Low
01-08-2025 23:00,Z3,21.4,86.58,0,81.05,19.39,390,Low
02-08-2025 00:00,Z3,23.06,83.1,0,81.2,21.84,0,Low
02-08-2025 01:00,Z3,22.6,83.43,0,81.19,21.13,2881,Low
02-08-2025 02:00,Z3,23.14,84.44,0,81.55,21.87,0,Low
02-08-2025 03:00,Z3,23.31,81.72,1,82.81,22.41,396,Low
02-08-2025 04:00,Z3,24.15,75.86,0,83.13,21.94,0,Low
02-08-2025 05:00,Z3,26.25,90.33,5,89.62,24.47,3243,Low
02-08-2025 06:00,Z3,27.73,75.29,0,89.86,27,0,Low
02-08-2025 07:00,Z3,28.55,74.91,0,89.3,27.31,20742,Low
02-08-2025 08:00,Z3,28.75,75.76,0,89.47,27.4,38091,Low
02-08-2025 09:00,Z3,29.65,74.39,1,90,28.39,28992,Low
02-08-2025 10:00,Z3,31.71,67.44,0,89.89,29.82,73053,Low
02-08-2025 11:00,Z3,32.03,72.89,0,90,29.87,79450,Low
02-08-2025 12:00,Z3,30.51,73.51,0,89.51,28.67,83591,Low
02-08-2025 13:00,Z3,31.11,83.68,5,90,28.99,40600,Low
02-08-2025 14:00,Z3,31.29,70.2,0,89.71,30.26,68920,Low
02-08-2025 15:00,Z3,30.77,70.63,0,89.31,29.01,57708,Low
02-08-2025 16:00,Z3,28.96,74.39,0,89.65,27.15,38079,Low
02-08-2025 17:00,Z3,28.05,77.94,0,89.38,26.9,23267,Low
02-08-2025 18:00,Z3,27.09,76.2,0,89.32,26.08,0,Low
02-08-2025 19:00,Z3,25.83,83.62,0,90,24.53,0,Low
02-08-2025 20:00,Z3,25.73,76.65,0,89.51,23.6,0,Low
02-08-2025 21:00,Z3,23.14,81.18,0,89.24,21.48,1857,Low
02-08-2025 22:00,Z3,22.94,81.85,0,89.7,21.74,2031,Low
02-08-2025 23:00,Z3,21.96,83.21,0,89.7,20.24,5,Low
03-08-2025 00:00,Z3,22.04,84.55,0,89.99,19.82,0,Low
03-08-2025 01:00,Z3,22.4,82.12,0,89.62,20.54,1821,Low
03-08-2025 02:00,Z3,22.44,83.29,0.2,89.92,20.8,1983,Low
03-08-2025 03:00,Z3,23.6,83.08,0.2,90,21.82,0,Low
03-08-2025 04:00,Z3,24.88,81.66,0,90,23.63,0,Low
03-08-2025 05:00,Z3,26.46,75.68,0,89.73,24.61,0,Low
03-08-2025 06:00,Z3,27.07,77,0,89.53,26.07,3327,Low
03-08-2025 07:00,Z3,27.62,75.11,0,89.3,26.14,18585,Low
03-08-2025 08:00,Z3,29.21,74.68,0,88.69,27.67,39514,Low
03-08-2025 09:00,Z3,29.61,73.05,0,88.18,28.25,58280,Low
03-08-2025 10:00,Z3,31.71,68.53,0,88.47,30.32,72038,Low
03-08-2025 11:00,Z3,30.92,70.54,0,87.89,29.21,77007,Low
03-08-2025 12:00,Z3,31.72,82.73,10,90,29.76,40960,Low
03-08-2025 13:00,Z3,32.08,69.2,0,89.54,30.74,76840,Low
03-08-2025 14:00,Z3,30.58,72.06,0,89.83,29.88,66321,Low
03-08-2025 15:00,Z3,29.81,78.94,2,90,28.28,31400,Low
03-08-2025 16:00,Z3,28.96,75.1,0,89.98,27.38,38536,Low
03-08-2025 17:00,Z3,28.01,72.96,0,90,26.64,21959,Low
03-08-2025 18:00,Z3,26.68,78.03,0,89.53,25.67,1780,Low
03-08-2025 19:00,Z3,26.28,81.11,0.5,90,24.3,336,Low
03-08-2025 20:00,Z3,24.12,88.35,2,90,22.47,922,Low
03-08-2025 21:00,Z3,23.03,81.61,0,90,21.14,425,Low
03-08-2025 22:00,Z3,22.92,80.78,0,90,21.53,766,Low
03-08-2025 23:00,Z3,22.86,84.03,0.2,90,21.27,2745,Low
04-08-2025 00:00,Z3,23.07,83.74,0,90,21.91,1578,Low
04-08-2025 01:00,Z3,22.35,86.82,0,89.74,20.4,2502,Low
04-08-2025 02:00,Z3,22,82.87,0,89.71,20.02,3024,Low
04-08-2025 03:00,Z3,25,79.39,0,89.57,23.94,0,Low
04-08-2025 04:00,Z3,25.78,78.38,0,89.4,24.59,5182,Low
04-08-2025 05:00,Z3,26.21,81.71,1,90,25.11,1750,Low
04-08-2025 06:00,Z3,26.92,83.4,0,90,25.66,1544,Low
04-08-2025 07:00,Z3,28.59,74.31,0,89.86,27.63,19192,Low
04-08-2025 08:00,Z3,28.26,72.59,0,90,27.38,37718,Low
04-08-2025 09:00,Z3,29.36,74.63,0,89.6,28.58,57085,Low
04-08-2025 10:00,Z3,31,74.5,0,89.32,29.51,67222,Low
04-08-2025 11:00,Z3,32.1,69.49,0,89.32,30.14,79108,Low
04-08-2025 12:00,Z3,31.45,69.52,0.2,89.27,29.45,38931,Low
04-08-2025 13:00,Z3,30.45,75.47,1,90,28.95,38001,Low
04-08-2025 14:00,Z3,29.83,73.99,0,89.77,28.39,69987,Low
04-08-2025 15:00,Z3,30.62,69.39,0,89.78,28.77,55301,Low
04-08-2025 16:00,Z3,28.7,73.6,0,89.95,27.07,44612,Low
04-08-2025 17:00,Z3,27.47,74.01,0,89.73,26.01,19569,Low
04-08-2025 18:00,Z3,26.48,78.21,0,89.47,24.7,0,Low
04-08-2025 19:00,Z3,26.65,76.67,0,89.68,24.78,0,Low
04-08-2025 20:00,Z3,25,79.27,0,90,24.05,0,Low
04-08-2025 21:00,Z3,23.54,80.53,0.2,90,21.87,0,Low
04-08-2025 22:00,Z3,22.29,84.85,0,89.88,20.59,3336,Low
04-08-2025 23:00,Z3,22.64,80.8,0,89.66,21.16,1588,Low
05-08-2025 00:00,Z3,22.13,85.04,0,89.91,20.52,0,Low
05-08-2025 01:00,Z3,21.97,79.04,0,89.7,20.81,0,Low
05-08-2025 02:00,Z3,23.48,83.45,0,89.68,21.36,1674,Low
05-08-2025 03:00,Z3,24.48,78.32,0,89.71,22.09,587,Low
05-08-2025 04:00,Z3,23.62,81.96,0,89.95,22.13,0,Low
05-08-2025 05:00,Z3,25.77,81.53,0,90,24.64,0,Low
05-08-2025 06:00,Z3,26.75,76.75,0,90,25.04,4874,Low
05-08-2025 07:00,Z3,28.17,75.99,0,89.84,26.56,21103,Low
05-08-2025 08:00,Z3,29.52,69.42,0,89.47,27.86,42717,Low
05-08-2025 09:00,Z3,31.28,71.13,0,89.89,28.81,56487,Low
05-08-2025 10:00,Z3,31.07,71.35,0.2,89.84,30.51,34452,Low
05-08-2025 11:00,Z3,31.92,70.09,0,89.82,30.2,78278,Low
05-08-2025 12:00,Z3,30.18,72.34,0,89.62,28.26,76854,Low
05-08-2025 13:00,Z3,31.48,69.97,0,89.29,29.47,79378,Low
05-08-2025 14:00,Z3,29.46,77.25,0.5,89.91,27.3,36794,Low
05-08-2025 15:00,Z3,30.96,72.29,0,89.47,29.26,56814,Low
05-08-2025 16:00,Z3,28.89,75.04,0,89.16,27.81,39335,Low
05-08-2025 17:00,Z3,28.51,72.98,0.2,89.26,27.58,12452,Low
05-08-2025 18:00,Z3,27.07,76.17,0,89.35,25.72,0,Low
05-08-2025 19:00,Z3,25.45,77.71,0,89.09,24.35,0,Low
05-08-2025 20:00,Z3,24.22,78.55,0,89.06,22.69,1532,Low
05-08-2025 21:00,Z3,24.31,83.48,0,89.14,22.76,0,Low
05-08-2025 22:00,Z3,23.24,83.54,0,88.65,22.08,0,Low
05-08-2025 23:00,Z3,23.85,79.98,0,88.54,22.09,0,Low
06-08-2025 00:00,Z3,21.84,88.04,0,88.79,20.63,0,Low
06-08-2025 01:00,Z3,21.68,85.85,0,88.42,20.48,0,Low
06-08-2025 02:00,Z3,22.46,79.28,0,88.51,20.89,926,Low
06-08-2025 03:00,Z3,23.62,83.13,0,88.89,21.58,0,Low
06-08-2025 04:00,Z3,24.07,78.94,0,88.84,21.63,2656,Low
06-08-2025 05:00,Z3,25.02,81.86,1,90,23.9,10,Low
06-08-2025 06:00,Z3,27.21,75.37,0,89.81,25.23,4847,Low
06-08-2025 07:00,Z3,28.4,75.01,0.2,90,28.27,11193,Low
06-08-2025 08:00,Z3,28.14,74.08,0,89.12,26.56,39851,Low
06-08-2025 09:00,Z3,29.82,74.36,0,88.94,28.83,59577,Low
06-08-2025 10:00,Z3,31.77,70.31,0,88.52,30,70859,Low
06-08-2025 11:00,Z3,31.39,71.32,0,88.86,29.73,74804,Low
06-08-2025 12:00,Z3,32.33,67.42,0,89.13,31.55,80775,Low
06-08-2025 13:00,Z3,31.23,73.26,0,89.24,29.76,78191,Low
06-08-2025 14:00,Z3,31.66,67.72,0,88.93,29.75,71093,Low
06-08-2025 15:00,Z3,30.26,71.14,0,88.91,29.52,51854,Low
06-08-2025 16:00,Z3,28.02,76.48,0,89.17,26.72,42775,Low
06-08-2025 17:00,Z3,28.01,75.5,0,89.01,27.07,22620,Low
06-08-2025 18:00,Z3,26.72,77.49,0,88.77,25.6,1665,Low
06-08-2025 19:00,Z3,25.56,77.68,0,88.74,23.34,1076,Low
06-08-2025 20:00,Z3,24.36,79.96,0,89.02,21.89,0,Low
06-08-2025 21:00,Z3,23.18,81.44,0,88.85,21.27,170,Low
06-08-2025 22:00,Z3,23.72,87.84,2,90,22.66,0,Low
06-08-2025 23:00,Z3,21.79,84.81,0,89.7,21.27,0,Low
07-08-2025 00:00,Z3,23.34,81.77,0,90,22.16,0,Low
07-08-2025 01:00,Z3,22.9,82.44,0.5,90,21.74,2334,Low
07-08-2025 02:00,Z3,23.64,80.58,0,89.65,22.65,0,Low
07-08-2025 03:00,Z3,24.83,82.55,0.5,90,23.18,0,Low
07-08-2025 04:00,Z3,24.32,83.11,0,89.86,22.96,4207,Low
07-08-2025 05:00,Z3,25.47,80.32,0,89.92,23.62,0,Low
07-08-2025 06:00,Z3,26.08,76.7,0,89.36,24.79,0,Low
07-08-2025 07:00,Z3,28.3,74.23,0,89.01,27.47,21645,Low
07-08-2025 08:00,Z3,30.09,76.82,0,89.1,28.47,41870,Low
07-08-2025 09:00,Z3,29.97,73.52,0,88.69,28.28,55527,Low
07-08-2025 10:00,Z3,30.77,72.21,0,88.58,29.07,70453,Low
07-08-2025 11:00,Z3,30.01,73.32,0,88.52,29.16,77871,Low
07-08-2025 12:00,Z3,31.88,85.61,5,90,30.19,39706,Low
07-08-2025 13:00,Z3,31.01,71.04,0,90,29.39,79573,Low
07-08-2025 14:00,Z3,30.38,70.17,0,89.83,28.87,70463,Low
07-08-2025 15:00,Z3,30.43,70.4,0,89.96,29.57,56872,Low
07-08-2025 16:00,Z3,28.51,77.07,0,89.72,26.99,42512,Low
07-08-2025 17:00,Z3,27.44,75.52,0,89.16,26.65,17798,Low
07-08-2025 18:00,Z3,26.11,76.93,0,89.06,23.9,126,Low
07-08-2025 19:00,Z3,26.4,77.92,0,89.04,24.65,4262,Low
07-08-2025 20:00,Z3,24.44,83.82,2,90,23.2,0,Low
07-08-2025 21:00,Z3,23.63,81.99,0,90,21.63,0,Low
07-08-2025 22:00,Z3,23.32,79.67,0,89.96,22.16,0,Low
07-08-2025 23:00,Z3,22.27,80.09,0,90,20.97,2654,Low
08-08-2025 00:00,Z3,23.06,82.27,0,89.84,21.15,3773,Low
08-08-2025 01:00,Z3,22.6,88.75,0,89.51,21.21,0,Low
08-08-2025 02:00,Z3,22.84,85.22,0,89.59,21.19,868,Low
08-08-2025 03:00,Z3,23.33,80.72,0,89.1,22.64,699,Low
08-08-2025 04:00,Z3,25.22,79.17,0,88.55,23.47,0,Low
08-08-2025 05:00,Z3,25.64,79.26,0,88.83,23.82,411,Low
08-08-2025 06:00,Z3,26.71,75.64,0.2,88.92,25.27,0,Low
08-08-2025 07:00,Z3,28.24,76.07,0,88.44,26.94,25046,Low
08-08-2025 08:00,Z3,28.64,71.62,0,88.07,27.05,38496,Low
08-08-2025 09:00,Z3,30.51,71.47,0.2,87.91,29.22,29400,Low
08-08-2025 10:00,Z3,31.82,70.09,0,87.12,29.75,67691,Low
08-08-2025 11:00,Z3,31.26,71.79,0.2,86.78,29.83,36101,Low
08-08-2025 12:00,Z3,31.12,71.44,0,87.27,29.16,81957,Low
08-08-2025 13:00,Z3,31.75,71.68,0,87.08,30.07,77859,Low
08-08-2025 14:00,Z3,29.13,74.39,0,87.12,27.95,70731,Low
08-08-2025 15:00,Z3,29.98,70.71,0,87.15,27.95,58787,Low
08-08-2025 16:00,Z3,29.11,72.74,0,87.24,27.48,39455,Low
08-08-2025 17:00,Z3,28.27,71.51,0,87.71,26.53,25299,Low
08-08-2025 18:00,Z3,26.67,81.74,0,87.52,25.43,1208,Low
08-08-2025 19:00,Z3,25.13,80.43,0,87.78,23.65,0,Low
08-08-2025 20:00,Z3,24.98,76.78,0,87.96,23.19,3463,Low
08-08-2025 21:00,Z3,23.27,83.31,0,87.96,21.28,124,Low
08-08-2025 22:00,Z3,23.81,79.29,0,88.05,22.42,0,Low
08-08-2025 23:00,Z3,22.08,82.64,0,87.33,20.56,0,Low
09-08-2025 00:00,Z3,22.23,84.08,0.5,88.33,20.4,1084,Low
09-08-2025 01:00,Z3,22.33,85.87,0,88.72,21.05,0,Low
09-08-2025 02:00,Z3,22.41,77.82,0,88.84,21.34,2457,Low
09-08-2025 03:00,Z3,24.36,80.72,0,89.27,22.57,0,Low
09-08-2025 04:00,Z3,23.76,82.18,0,89.63,21.91,0,Low
09-08-2025 05:00,Z3,24.94,82.68,0,89.45,23.41,2057,Low
09-08-2025 06:00,Z3,28.18,74.24,0,89.24,26.36,0,Low
09-08-2025 07:00,Z3,27.98,73.46,0,89.19,26.17,20609,Low
09-08-2025 08:00,Z3,28.45,74.11,0,88.69,27.32,38950,Low
09-08-2025 09:00,Z3,29.17,72.36,0,88.66,27.13,59910,Low
09-08-2025 10:00,Z3,31.03,70.08,0,88.43,29.65,68007,Low
09-08-2025 11:00,Z3,31.18,70.08,0,88.22,29.53,75450,Low
09-08-2025 12:00,Z3,31.55,71.55,0,88.44,30.56,81239,Low
09-08-2025 13:00,Z3,31.08,72.74,0,88.91,30.55,73233,Low
09-08-2025 14:00,Z3,30.33,75.38,1,90,29.02,37468,Low
09-08-2025 15:00,Z3,30.5,70.89,0,90,29.64,57763,Low
09-08-2025 16:00,Z3,29.27,72.97,0,89.8,27.85,40158,Low
09-08-2025 17:00,Z3,27.73,72.82,0,89.48,25.51,20938,Low
09-08-2025 18:00,Z3,27.02,75.4,0,89.34,25.52,0,Low
09-08-2025 19:00,Z3,25.38,76.46,0,89.59,23.61,0,Low
09-08-2025 20:00,Z3,23.8,95.55,5,90,22.99,0,Low
09-08-2025 21:00,Z3,22.95,82.82,0,90,21.54,0,Low
09-08-2025 22:00,Z3,22.89,81.23,0,89.94,21.95,1960,Low
09-08-2025 23:00,Z3,22.14,82.53,0,89.31,20.36,0,Low
10-08-2025 00:00,Z3,22.07,80.7,0,89.67,20.38,866,Low
10-08-2025 01:00,Z3,22.59,84.7,0,89.7,21.42,925,Low
10-08-2025 02:00,Z3,22.89,82.38,0,90,21.8,779,Low
10-08-2025 03:00,Z3,23.57,79.09,0,89,21.99,3123,Low
10-08-2025 04:00,Z3,24.35,77.86,0,88.68,23.27,0,Low
10-08-2025 05:00,Z3,26.23,78.5,0,88.88,24.17,0,Low
10-08-2025 06:00,Z3,26.82,77.86,0,88.84,25.66,0,Low
10-08-2025 07:00,Z3,28.76,72.32,0,88.78,27.79,18369,Low
10-08-2025 08:00,Z3,28.61,73.17,0,88.47,26.3,45049,Low
10-08-2025 09:00,Z3,30.47,70.23,0,88.47,29.65,58951,Low
10-08-2025 10:00,Z3,31.79,73.28,1,89.54,30.61,33888,Low
10-08-2025 11:00,Z3,32.06,71.89,0,89.71,30.31,75765,Low
10-08-2025 12:00,Z3,30.79,70.54,0,89.35,29.17,81665,Low
10-08-2025 13:00,Z3,31.69,68.66,0,89.14,30.29,77762,Low
10-08-2025 14:00,Z3,30.74,69.62,0,88.75,29.43,68835,Low
10-08-2025 15:00,Z3,28.79,77.42,0,88.07,27.27,58659,Low
10-08-2025 16:00,Z3,29.68,73.54,0,88.5,27.88,40246,Low
10-08-2025 17:00,Z3,28.74,72.32,0,88.56,27.3,23274,Low
10-08-2025 18:00,Z3,27.42,72.7,0,87.94,26.37,0,Low
10-08-2025 19:00,Z3,25.48,78.24,0,87.81,24.63,0,Low
10-08-2025 20:00,Z3,23.86,82.6,0,88.07,22.41,0,Low
10-08-2025 21:00,Z3,22.41,84.74,0,87.82,21.16,0,Low
10-08-2025 22:00,Z3,23,82.14,0,88.49,21.41,0,Low
10-08-2025 23:00,Z3,22.3,81.59,0,88.85,19.97,302,Low
11-08-2025 00:00,Z3,21.29,83.75,0,88.81,20.65,671,Low
11-08-2025 01:00,Z3,21.38,81.62,0,88.29,20.3,0,Low
11-08-2025 02:00,Z3,22.89,83.12,0,88.22,21.7,0,Low
11-08-2025 03:00,Z3,22.53,83.63,0,88.44,20.86,0,Low
11-08-2025 04:00,Z3,23.93,83.27,0,87.93,22.06,0,Low
11-08-2025 05:00,Z3,24.54,80.84,0,88.01,23.42,733,Low
11-08-2025 06:00,Z3,27.85,73.4,0,87.68,26.92,645,Low
11-08-2025 07:00,Z3,28.25,72.54,0,87.62,27.06,20434,Low
11-08-2025 08:00,Z3,29.06,74.52,0,88.19,27.38,43238,Low
11-08-2025 09:00,Z3,31.41,71.69,0.5,88.63,30.21,26174,Low
11-08-2025 10:00,Z3,30.85,74.37,0.5,89.06,29.51,29343,Low
11-08-2025 11:00,Z3,31.33,71.33,0,89.49,30.82,77176,Low
11-08-2025 12:00,Z3,32.28,70.1,0,90,31.14,78645,Low
11-08-2025 13:00,Z3,31.43,74.06,0,89.94,30.53,76637,Low
11-08-2025 14:00,Z3,31.13,72.81,0.2,90,29.58,36198,Low
11-08-2025 15:00,Z3,29.34,72,0,89.51,28.92,55842,Low
11-08-2025 16:00,Z3,29.76,72.71,0,89.44,27.61,41671,Low
11-08-2025 17:00,Z3,28.58,74.74,0,89.34,27.24,21741,Low
11-08-2025 18:00,Z3,26.07,80.56,0,89.15,24.92,0,Low
11-08-2025 19:00,Z3,25.33,77.78,0,89.34,23.93,0,Low
11-08-2025 20:00,Z3,24.61,80.91,0,89.04,23.02,93,Low
11-08-2025 21:00,Z3,23.53,80.18,0,88.81,22.61,0,Low
11-08-2025 22:00,Z3,23.09,80.7,0.2,88.58,21.98,0,Low
11-08-2025 23:00,Z3,21.7,83.76,0,88.67,20.45,0,Low
12-08-2025 00:00,Z3,23.13,80.35,0,88.3,21.85,3131,Low
12-08-2025 01:00,Z3,23.26,83.26,0,87.7,21.66,127,Low
12-08-2025 02:00,Z3,23.15,79.08,0,88.01,20.88,0,Low
12-08-2025 03:00,Z3,22.88,83.82,0,87.75,20.24,5228,Low
12-08-2025 04:00,Z3,24.13,84.09,0,87.94,22.64,0,Low
12-08-2025 05:00,Z3,25.71,80.4,0,87.82,24.51,0,Low
12-08-2025 06:00,Z3,25.27,77.57,0,87.73,24.33,2580,Low
12-08-2025 07:00,Z3,28.8,75.92,0,88.19,27.78,18768,Low
12-08-2025 08:00,Z3,28.03,74.6,0,88.3,27.02,41170,Low
12-08-2025 09:00,Z3,30.32,73.79,0.2,88.01,29.01,28723,Low
12-08-2025 10:00,Z3,31.52,71.4,0,88.09,30.62,68971,Low
12-08-2025 11:00,Z3,30.68,72.8,0,87.95,29.62,74042,Low
12-08-2025 12:00,Z3,31.15,70.77,0,87.24,30.14,82636,Low
12-08-2025 13:00,Z3,31.28,72.31,0,87.04,29.73,76657,Low
12-08-2025 14:00,Z3,31.9,68.62,0,87.26,30.39,67172,Low
12-08-2025 15:00,Z3,28.89,76.13,0,87.23,27.48,58305,Low
12-08-2025 16:00,Z3,28.48,73.4,0,87.21,26.9,38566,Low
12-08-2025 17:00,Z3,28.91,73.1,0,86.9,27.27,23080,Low
12-08-2025 18:00,Z3,28.07,74.58,0,86.83,26.27,497,Low
12-08-2025 19:00,Z3,25.97,78.4,0,86.97,24.25,0,Low
12-08-2025 20:00,Z3,25.72,77.44,0,86.6,23.99,269,Low
12-08-2025 21:00,Z3,23.02,81.48,0,86.56,21.98,0,Low
12-08-2025 22:00,Z3,23.11,82.73,0,86.29,21.92,882,Low
12-08-2025 23:00,Z3,22.42,85.01,0,86.23,21.52,1123,Low
13-08-2025 00:00,Z3,22.31,84.12,0,85.9,20.87,1325,Low
13-08-2025 01:00,Z3,22.55,82.08,0,85.87,20.42,1723,Low
13-08-2025 02:00,Z3,23.54,82.04,0,85.96,22.47,0,Low
13-08-2025 03:00,Z3,21.93,83.08,0,85.75,20.53,0,Low
13-08-2025 04:00,Z3,24.25,81.73,0,85.72,22.23,0,Low
13-08-2025 05:00,Z3,24.22,80.54,0.2,86.09,22.33,1011,Low
13-08-2025 06:00,Z3,26.91,77.48,0.2,85.99,25.73,0,Low
13-08-2025 07:00,Z3,27.74,74.22,0,85.88,26.3,21603,Low
13-08-2025 08:00,Z3,29.68,73.19,0,85.71,28.6,37615,Low
13-08-2025 09:00,Z3,30.38,73.16,0,85.66,28.75,54586,Low
13-08-2025 10:00,Z3,30.74,72.61,0.5,86.11,28.81,36854,Low
13-08-2025 11:00,Z3,30.74,72.67,0,85.91,29.08,74426,Low
13-08-2025 12:00,Z3,32.06,67.31,0,86.4,30.59,81449,Low
13-08-2025 13:00,Z3,30.71,70.6,0,86.13,29.01,79695,Low
13-08-2025 14:00,Z3,31.06,71.21,0,85.7,29.25,66254,Low
13-08-2025 15:00,Z3,29.76,70.73,0,86.01,27.76,57227,Low
13-08-2025 16:00,Z3,29.27,72.68,0,86.04,27.59,39406,Low
13-08-2025 17:00,Z3,28.03,74.12,0.5,86.21,26.23,9537,Low
13-08-2025 18:00,Z3,26.32,78.25,0,86.1,25.34,3121,Low
13-08-2025 19:00,Z3,24.89,78.98,0,86.48,23.88,0,Low
13-08-2025 20:00,Z3,24.92,81.85,0,86.78,23.92,0,Low
13-08-2025 21:00,Z3,23.92,75.04,0,85.97,22.96,0,Low
13-08-2025 22:00,Z3,22.9,82.87,0,85.56,21.1,898,Low
13-08-2025 23:00,Z3,21.92,87.16,1,86.68,20.68,1614,Low
14-08-2025 00:00,Z3,22.41,85.21,0.5,87.22,21.04,648,Low
14-08-2025 01:00,Z3,22.69,80.96,0,87.03,21.33,0,Low
14-08-2025 02:00,Z3,23.53,82.38,0,86.55,21.94,1416,Low
14-08-2025 03:00,Z3,23.09,82.96,0,86.7,21.6,3317,Low
14-08-2025 04:00,Z3,24.06,80.22,0,86.43,23.36,1817,Low
14-08-2025 05:00,Z3,26.23,81.39,0,86.14,25.06,2620,Low
14-08-2025 06:00,Z3,26.45,79,0,86.03,25.38,3248,Low
14-08-2025 07:00,Z3,28.14,72.36,0,86.24,26.64,22548,Low
14-08-2025 08:00,Z3,28.68,73.61,0,85.87,27.13,41284,Low
14-08-2025 09:00,Z3,30.86,73.26,0,85.75,29.57,56439,Low
14-08-2025 10:00,Z3,31.37,72.69,0,85.56,30.65,68457,Low
14-08-2025 11:00,Z3,31.18,71.42,0,85.36,29.78,78256,Low
14-08-2025 12:00,Z3,31.76,68.16,0.2,85.13,31.02,37701,Low
14-08-2025 13:00,Z3,31.05,72.65,0.2,85.38,29.46,39939,Low
14-08-2025 14:00,Z3,30.63,75.25,0,84.98,28.96,69804,Low
14-08-2025 15:00,Z3,30.7,73.14,0.2,85.15,29.16,28030,Low
14-08-2025 16:00,Z3,29.74,74.1,0,84.96,28.25,44058,Low
14-08-2025 17:00,Z3,27.46,78.85,2,87.74,26.26,9730,Low
14-08-2025 18:00,Z3,27.67,72.92,0,87.7,25.82,0,Low
14-08-2025 19:00,Z3,25.08,83.5,1,89.09,23.29,0,Low
14-08-2025 20:00,Z3,24.91,77.4,0,88.79,23.32,0,Low
14-08-2025 21:00,Z3,23.83,84.16,0,88.27,22.66,0,Low
14-08-2025 22:00,Z3,22.7,83.95,0,87.93,20.92,711,Low
14-08-2025 23:00,Z3,21.59,82.43,0,87.81,20.51,0,Low
15-08-2025 00:00,Z3,23.18,83.78,0,88.14,21.44,0,Low
15-08-2025 01:00,Z3,23.16,83.34,0,87.95,21.2,0,Low
15-08-2025 02:00,Z3,22.5,84.73,0,87.66,21.21,519,Low
15-08-2025 03:00,Z3,22.9,84.7,0,87.08,21.38,0,Low
15-08-2025 04:00,Z3,25.76,76.4,0,86.86,23.98,0,Low
15-08-2025 05:00,Z3,25.21,79.04,0,87.1,23.49,0,Low
15-08-2025 06:00,Z3,25.7,77.58,0,86.89,25.12,0,Low
15-08-2025 07:00,Z3,27.62,71.84,0,86.98,26.56,22642,Low
15-08-2025 08:00,Z3,28.93,73.01,0,87.11,27.63,41056,Low
15-08-2025 09:00,Z3,29.98,70.45,0,86.37,28.04,56186,Low
15-08-2025 10:00,Z3,29.63,69.28,0,86.5,28.71,70965,Low
15-08-2025 11:00,Z3,30.74,71.77,0,86.49,29.08,77777,Low
15-08-2025 12:00,Z3,30.63,67.32,0,86.54,29.07,80065,Low
15-08-2025 13:00,Z3,30.57,73.46,0,87.1,29.15,78223,Low
15-08-2025 14:00,Z3,30.29,84.26,5,90,28.57,37359,Low
15-08-2025 15:00,Z3,29.89,73.3,0,90,29.62,54944,Low
15-08-2025 16:00,Z3,29.2,73.37,0,89.74,28.19,39095,Low
15-08-2025 17:00,Z3,28.64,73.21,0,89.71,26.93,20568,Low
15-08-2025 18:00,Z3,26.66,77.99,0,89.65,25.3,0,Low
15-08-2025 19:00,Z3,25.76,78.38,0,89.13,24.37,0,Low
15-08-2025 20:00,Z3,25.71,93.31,5,90,24.48,0,Low
15-08-2025 21:00,Z3,23.77,82.86,0.2,90,22.31,3717,Low
15-08-2025 22:00,Z3,22.89,85.38,0,89.74,21.02,2669,Low
15-08-2025 23:00,Z3,22.49,80.07,0,89.21,21.5,0,Low
16-08-2025 00:00,Z3,21.89,82.22,0,89.61,20.59,2040,Low
16-08-2025 01:00,Z3,22.79,80.87,0,89.69,21.34,0,Low
16-08-2025 02:00,Z3,23.02,82.76,0,89.66,21.35,3700,Low
16-08-2025 03:00,Z3,22.63,82.14,0,89.07,20.87,2144,Low
16-08-2025 04:00,Z3,24.88,80.28,0,89.56,23.4,0,Low
16-08-2025 05:00,Z3,26.57,75.15,0,89.54,25.06,0,Low
16-08-2025 06:00,Z3,26.67,76.07,0,89.28,25.97,0,Low
16-08-2025 07:00,Z3,26.84,78.16,0,89.13,25.44,19585,Low
16-08-2025 08:00,Z3,28.29,71.86,0,89.19,26.5,40238,Low
16-08-2025 09:00,Z3,30.39,71.49,0.5,89.72,28.9,28433,Low
16-08-2025 10:00,Z3,29.93,75.33,0.5,90,27.91,33735,Low
16-08-2025 11:00,Z3,32.08,69.78,0,90,30.28,78073,Low
16-08-2025 12:00,Z3,30.07,70.28,0,89.81,28.75,77773,Low
16-08-2025 13:00,Z3,32.08,69.56,0,89.74,30.97,77669,Low
16-08-2025 14:00,Z3,30.06,74.24,0.2,90,28.56,33171,Low
16-08-2025 15:00,Z3,30.48,69.13,0,90,28.91,56790,Low
16-08-2025 16:00,Z3,29.1,73.88,0,89.52,27.8,37552,Low
16-08-2025 17:00,Z3,27.62,74.42,0.2,89.59,26.69,10891,Low
16-08-2025 18:00,Z3,27.54,77.92,0,89.72,26.3,747,Low
16-08-2025 19:00,Z3,25.24,86.68,2,90,23.58,1560,Low
16-08-2025 20:00,Z3,24.75,77.46,0,89.96,23.01,0,Low
16-08-2025 21:00,Z3,23.71,81.95,0.2,89.75,23.12,256,Low
16-08-2025 22:00,Z3,22.63,80.57,0,89.93,20.95,0,Low
16-08-2025 23:00,Z3,21.95,82.83,0,89.78,19.7,1229,Low
17-08-2025 00:00,Z3,23.41,78.33,0,89.78,22.73,0,Low
17-08-2025 01:00,Z3,23.99,81.25,0,89.82,22.49,1208,Low
17-08-2025 02:00,Z3,23.61,82.07,0,89.27,22.07,141,Low
17-08-2025 03:00,Z3,24.47,78.53,0,89,23.6,0,Low
17-08-2025 04:00,Z3,24.29,82.75,0,89.39,22.74,1731,Low
17-08-2025 05:00,Z3,26.48,76.84,0,89.63,24.95,1142,Low
17-08-2025 06:00,Z3,27.77,79.5,1,89.9,26.55,0,Low
17-08-2025 07:00,Z3,28.6,73.03,0,90,26.21,21034,Low
17-08-2025 08:00,Z3,28.7,74.06,0,89.77,26.91,42803,Low
17-08-2025 09:00,Z3,30.4,70.73,0,89.82,28.94,57641,Low
17-08-2025 10:00,Z3,30.2,78.06,0.5,90,28.37,34955,Low
17-08-2025 11:00,Z3,30.15,73.62,0.5,90,28.44,42745,Low
17-08-2025 12:00,Z3,31.61,71.64,0.2,89.78,30.14,41852,Low
17-08-2025 13:00,Z3,30.53,75.13,1,90,29.14,36804,Low
17-08-2025 14:00,Z3,29.84,73.52,0,90,28.17,69964,Low
17-08-2025 15:00,Z3,31.53,68.33,0,89.32,29.77,53973,Low
17-08-2025 16:00,Z3,29.32,72.79,0,89.33,28.36,40510,Low
17-08-2025 17:00,Z3,29.13,74.04,0,89.07,27.27,20979,Low
17-08-2025 18:00,Z3,27.5,77.32,0,89.32,26.74,0,Low
17-08-2025 19:00,Z3,26.06,77.35,0,89.03,24.29,269,Low
17-08-2025 20:00,Z3,23.82,82.95,0,89.04,22.74,1031,Low
17-08-2025 21:00,Z3,23.77,79.64,0,89.09,22.11,1484,Low
17-08-2025 22:00,Z3,23.77,95.94,10,90,22.07,0,Low
17-08-2025 23:00,Z3,22.96,88.13,2,90,21.39,1002,Low
18-08-2025 00:00,Z3,21.43,81.86,0,90,20.29,0,Low
18-08-2025 01:00,Z3,22.6,84.04,0,89.99,21.9,1769,Low
18-08-2025 02:00,Z3,22.75,81.86,0.5,90,21.61,665,Low
18-08-2025 03:00,Z3,24.18,82.85,0,89.61,22.77,0,Low
18-08-2025 04:00,Z3,24.9,77.29,0,89.45,24.02,2270,Low
18-08-2025 05:00,Z3,25.59,78.84,0,89.56,23.34,0,Low
18-08-2025 06:00,Z3,27.72,77,0,89.23,25.97,467,Low
18-08-2025 07:00,Z3,27.65,75.35,0,89.04,25.83,20377,Low
18-08-2025 08:00,Z3,28.1,75.58,0,89.14,26.6,34664,Low
18-08-2025 09:00,Z3,29.36,68.58,0,88.92,27.79,53883,Low
18-08-2025 10:00,Z3,30.77,73.15,0,88.13,28.82,68876,Low
18-08-2025 11:00,Z3,30.55,70.94,0.2,88.1,29.44,40804,Low
18-08-2025 12:00,Z3,31.8,72.94,0,88.15,30.78,84799,Low
18-08-2025 13:00,Z3,31.33,70.01,0,87.4,29.6,78049,Low
18-08-2025 14:00,Z3,31.08,70.86,0,87.38,29.61,69308,Low
18-08-2025 15:00,Z3,30.97,71.88,0,87.53,29.09,56778,Low
18-08-2025 16:00,Z3,28.81,72.58,0,87.1,27.16,41533,Low
18-08-2025 17:00,Z3,27.87,75.93,0,87.11,25.87,22166,Low
18-08-2025 18:00,Z3,27.35,76.14,0,86.91,26.21,0,Low
18-08-2025 19:00,Z3,25.73,78.07,0,87.04,24.68,0,Low
18-08-2025 20:00,Z3,23.42,81.31,0,87.05,21.7,301,Low
18-08-2025 21:00,Z3,23.26,94.81,10,90,21.96,0,Low
18-08-2025 22:00,Z3,22.98,83.01,0,89.93,21.28,884,Low
18-08-2025 23:00,Z3,21.91,83.78,0,89.7,20.46,0,Low
19-08-2025 00:00,Z3,22.06,80.29,0,89.63,20.91,2851,Low
19-08-2025 01:00,Z3,22.72,83.96,0,89.08,21.34,1724,Low
19-08-2025 02:00,Z3,22.4,85.22,0,89.25,21.08,3620,Low
19-08-2025 03:00,Z3,22.86,80.97,0,89.1,21.26,0,Low
19-08-2025 04:00,Z3,24.17,80.81,0,89.28,22.31,0,Low
19-08-2025 05:00,Z3,25.93,75.52,0,89.35,24.95,0,Low
19-08-2025 06:00,Z3,27.01,73.09,0,89.52,25.85,0,Low
19-08-2025 07:00,Z3,26.55,79.87,0,89.43,24.93,20787,Low
19-08-2025 08:00,Z3,30.08,73.17,0,89.07,28.74,40004,Low
19-08-2025 09:00,Z3,30.86,70.4,0,89.39,29.09,58693,Low
19-08-2025 10:00,Z3,31.33,72.01,0,89.82,29.65,71409,Low
19-08-2025 11:00,Z3,31.42,66.93,0,90,29.12,78932,Low
19-08-2025 12:00,Z3,31.32,68.62,0,90,29.52,76543,Low
19-08-2025 13:00,Z3,30.2,72.93,0.2,89.86,28.28,35651,Low
19-08-2025 14:00,Z3,30.94,69.51,0,90,28.56,68506,Low
19-08-2025 15:00,Z3,30.47,71.44,0,89.81,29.13,53329,Low
19-08-2025 16:00,Z3,29.13,72.07,0,90,27.73,44335,Low
19-08-2025 17:00,Z3,28.32,75.02,0,90,26.78,18438,Low
19-08-2025 18:00,Z3,27.63,71.22,0,90,25.72,0,Low
19-08-2025 19:00,Z3,27.1,76.81,0,89.95,25.21,763,Low
19-08-2025 20:00,Z3,24.68,79.73,0,90,22.83,0,Low
19-08-2025 21:00,Z3,23.17,81.66,0,90,21.91,2463,Low
19-08-2025 22:00,Z3,22.93,80.27,0,90,20.95,0,Low
19-08-2025 23:00,Z3,23.68,83.68,0,90,23.07,1476,Low
20-08-2025 00:00,Z3,21.24,85.85,0,89.81,19.69,0,Low
20-08-2025 01:00,Z3,22.21,81.05,0,89.95,20.88,0,Low
20-08-2025 02:00,Z3,22.21,91.95,2,90,20.84,3144,Low
20-08-2025 03:00,Z3,23.19,82.4,0,90,21.4,0,Low
20-08-2025 04:00,Z3,24.88,75.54,0,90,23.03,0,Low
20-08-2025 05:00,Z3,26.03,77.66,0,89.81,24.67,809,Low
20-08-2025 06:00,Z3,27.94,77.44,0,89.61,26.4,0,Low
20-08-2025 07:00,Z3,28.76,76.45,0,89.73,26.83,20716,Low
20-08-2025 08:00,Z3,28.84,72.9,0,89.87,27.05,37778,Low
20-08-2025 09:00,Z3,30.92,68.62,0,89.79,29.75,57378,Low
20-08-2025 10:00,Z3,30.39,67.88,0,90,28.7,69322,Low
20-08-2025 11:00,Z3,31.08,70.5,0,89.52,29.68,81708,Low
20-08-2025 12:00,Z3,30.69,68.21,0,89.84,29.18,81191,Low
20-08-2025 13:00,Z3,29.75,74.94,0,89.52,27.61,77861,Low
20-08-2025 14:00,Z3,30.53,72.67,0,89.25,29.07,72183,Low
20-08-2025 15:00,Z3,30.71,68.91,0,89.46,29.04,56798,Low
20-08-2025 16:00,Z3,30.02,72.96,0,89.41,28.67,40450,Low
20-08-2025 17:00,Z3,28.75,73.24,0,89.8,26.8,19652,Low
20-08-2025 18:00,Z3,27.59,75.96,0,90,25.25,0,Low
20-08-2025 19:00,Z3,25.35,81.67,1,90,23.88,0,Low
20-08-2025 20:00,Z3,24.51,79.67,0,89.92,23.08,1520,Low
20-08-2025 21:00,Z3,23.37,82.73,0,90,21.44,0,Low
20-08-2025 22:00,Z3,22.29,81.77,0,90,21.29,1929,Low
20-08-2025 23:00,Z3,21.94,83.04,0,89.99,20.68,374,Low
21-08-2025 00:00,Z3,22.03,85.79,0,89.59,20.87,0,Low
21-08-2025 01:00,Z3,23.42,83.96,0,89.62,21.41,1748,Low
21-08-2025 02:00,Z3,22.96,84.91,0,89.45,21.68,1629,Low
21-08-2025 03:00,Z3,23.94,82.37,0,89.13,22.61,0,Low
21-08-2025 04:00,Z3,24.43,80.64,0,89.54,23.2,835,Low
21-08-2025 05:00,Z3,25.61,80.92,1,90,23.94,0,Low
21-08-2025 06:00,Z3,26.45,78.42,0,90,25.68,315,Low
21-08-2025 07:00,Z3,27.3,76.22,0,89.56,25.35,19257,Low
21-08-2025 08:00,Z3,28.73,76.92,0,89.93,26.57,41135,Low
21-08-2025 09:00,Z3,30.43,69.79,0,89.62,29.38,56470,Low
21-08-2025 10:00,Z3,30.85,71.9,0.5,90,28.48,33665,Low
21-08-2025 11:00,Z3,31.4,68.91,0,89.73,29.1,78809,Low
21-08-2025 12:00,Z3,29.88,73.88,0,90,28.09,79264,Low
21-08-2025 13:00,Z3,30.77,72.1,0,89.93,29.19,73808,Low
21-08-2025 14:00,Z3,30.33,73.58,0,89.73,28.43,65978,Low
21-08-2025 15:00,Z3,30.3,72.57,0,89.15,28.65,52898,Low
21-08-2025 16:00,Z3,29.81,72.32,0,88.84,27.95,38459,Low
21-08-2025 17:00,Z3,27.8,73.06,0,88.57,26.2,23188,Low
21-08-2025 18:00,Z3,26.92,77.13,0,88.5,25.95,2064,Low
21-08-2025 19:00,Z3,25.27,77.32,0,88.63,23.98,0,Low
21-08-2025 20:00,Z3,23.53,83.53,0,88.05,22.19,0,Low
21-08-2025 21:00,Z3,22.69,82.35,0,88.04,20.99,1255,Low
21-08-2025 22:00,Z3,24.11,77.73,0,88.19,22.3,2324,Low
21-08-2025 23:00,Z3,22.02,83.04,0,88.26,20.27,0,Low
22-08-2025 00:00,Z3,21.3,83.56,0,87.98,19.8,0,Low
22-08-2025 01:00,Z3,21.93,81.65,0,88.31,20.47,0,Low
22-08-2025 02:00,Z3,22.21,83.62,0,87.93,20.66,1990,Low
22-08-2025 03:00,Z3,23.13,80.23,0,88.64,21.81,0,Low
22-08-2025 04:00,Z3,24.2,84.52,0,88.44,22.31,678,Low
22-08-2025 05:00,Z3,25.46,76.8,0,88.67,24.05,0,Low
22-08-2025 06:00,Z3,27.24,78.58,0,89.05,25.99,0,Low
22-08-2025 07:00,Z3,28.65,71.81,0,89.01,26.56,19368,Low
22-08-2025 08:00,Z3,29.71,72.75,0.2,89.15,28.51,20194,Low
22-08-2025 09:00,Z3,29.9,71.96,0,89.52,27.68,60783,Low
22-08-2025 10:00,Z3,30.73,71.13,0,89.16,29.12,69752,Low
22-08-2025 11:00,Z3,31.28,68.8,0,88.99,30.44,77111,Low
22-08-2025 12:00,Z3,31.63,69.1,0,88.88,29.99,81121,Low
22-08-2025 13:00,Z3,31.44,69.62,0,88.71,30.06,82346,Low
22-08-2025 14:00,Z3,31.18,69.96,0,88.47,29.73,64522,Low
22-08-2025 15:00,Z3,29.81,71.97,0,88.03,28.75,61497,Low
22-08-2025 16:00,Z3,28.71,74.62,0,87.98,27.11,39051,Low
22-08-2025 17:00,Z3,28.28,73.47,0,88.11,26.72,21329,Low
22-08-2025 18:00,Z3,27.29,77.75,0,88.92,25.44,625,Low
22-08-2025 19:00,Z3,25.73,78.13,0,88.88,24.04,1264,Low
22-08-2025 20:00,Z3,24.73,80.5,0.2,88.47,23.36,1934,Low
22-08-2025 21:00,Z3,24.25,79.19,0,88.67,23.06,1084,Low
22-08-2025 22:00,Z3,23.21,84.81,0,88.23,21.86,28,Low
22-08-2025 23:00,Z3,22.52,80.73,0.2,88.7,21.36,0,Low
23-08-2025 00:00,Z3,22.52,82.04,0,88.67,20.87,4718,Low
23-08-2025 01:00,Z3,23.24,82.77,0,88.85,21.91,0,Low
23-08-2025 02:00,Z3,23.58,82.19,0,89.24,21.77,0,Low
23-08-2025 03:00,Z3,24.02,81.57,0,89.09,23.07,2328,Low
23-08-2025 04:00,Z3,25.33,79.28,0,89.39,24.12,0,Low
23-08-2025 05:00,Z3,24.69,86.64,2,90,23.29,682,Low
23-08-2025 06:00,Z3,28.47,74.68,0,89.71,26.76,1194,Low
23-08-2025 07:00,Z3,28.34,79.4,2,90,26.71,8285,Low
23-08-2025 08:00,Z3,29.57,74.49,0,90,27.73,39237,Low
23-08-2025 09:00,Z3,29.33,70.88,0.2,90,27.84,26973,Low
23-08-2025 10:00,Z3,30.54,71.53,0,89.55,29.33,65646,Low
23-08-2025 11:00,Z3,31.34,73.46,0,89.81,29.38,78714,Low
23-08-2025 12:00,Z3,31.93,69.28,0,89.64,30.6,79793,Low
23-08-2025 13:00,Z3,30.28,70.08,0,89.88,28.64,78623,Low
23-08-2025 14:00,Z3,30.79,72.25,0,89.74,29.51,69750,Low
23-08-2025 15:00,Z3,29.15,74.27,0,89.52,28.18,54825,Low
23-08-2025 16:00,Z3,30.36,71.71,0,89.05,28.28,41291,Low
23-08-2025 17:00,Z3,27.23,75.34,0,88.8,24.68,20293,Low
23-08-2025 18:00,Z3,27.22,72.73,0,88.43,25.12,0,Low
23-08-2025 19:00,Z3,25.5,79.45,0,88.71,23.85,0,Low
23-08-2025 20:00,Z3,23.71,84.42,0.2,89.16,21.81,0,Low
23-08-2025 21:00,Z3,23.12,86.07,0,89.14,21.6,0,Low
23-08-2025 22:00,Z3,23.32,83.36,0,89.11,22.02,0,Low
23-08-2025 23:00,Z3,22.68,84,0,88.91,20.82,0,Low
24-08-2025 00:00,Z3,22.77,81.71,0,88.53,20.69,0,Low
24-08-2025 01:00,Z3,22.89,85.47,0.5,88.95,20.84,1005,Low
24-08-2025 02:00,Z3,23.18,81.41,0,89.43,22.15,0,Low
24-08-2025 03:00,Z3,23.39,80.95,0,89.59,21.58,0,Low
24-08-2025 04:00,Z3,24.3,78.38,0,89.63,22.93,123,Low
24-08-2025 05:00,Z3,25.78,78.92,0,89.76,23.56,2447,Low
24-08-2025 06:00,Z3,27.55,75.3,0.2,89.94,25.62,0,Low
24-08-2025 07:00,Z3,27.96,77.17,0,89.97,26.91,21136,Low
24-08-2025 08:00,Z3,28.15,75.35,0,90,26.07,41837,Low
24-08-2025 09:00,Z3,29.99,81.05,2,90,28.68,26882,Low
24-08-2025 10:00,Z3,30.24,72.72,0,89.59,28.79,68143,Low
24-08-2025 11:00,Z3,31.34,72.18,0,89.74,29.5,77806,Low
24-08-2025 12:00,Z3,31.58,71.33,0,89.8,30.2,76712,Low
24-08-2025 13:00,Z3,31.42,71.11,0,89.31,29.6,78208,Low
24-08-2025 14:00,Z3,30.26,71.9,0.5,89.98,28.48,36943,Low
24-08-2025 15:00,Z3,30.64,69.33,0,90,28.94,54397,Low
24-08-2025 16:00,Z3,28.96,76.12,0,89.75,27.02,38611,Low
24-08-2025 17:00,Z3,27.18,75.87,0,90,26.55,16547,Low
24-08-2025 18:00,Z3,26.95,76.62,0,90,25.1,0,Low
24-08-2025 19:00,Z3,26.47,74.99,0,89.76,24.66,0,Low
24-08-2025 20:00,Z3,25.34,80.35,0,89.34,23.76,570,Low
24-08-2025 21:00,Z3,23.48,83.53,0,89.25,22.16,2737,Low
24-08-2025 22:00,Z3,21.59,81.52,0,89.24,19.83,0,Low
24-08-2025 23:00,Z3,23.27,84.48,0,89.36,20.77,0,Low
25-08-2025 00:00,Z3,22.28,81.33,0,89.39,20.56,0,Low
25-08-2025 01:00,Z3,22.36,82.64,0,89.35,20.78,0,Low
25-08-2025 02:00,Z3,23.32,84.54,0,89.05,21.31,0,Low
25-08-2025 03:00,Z3,24.36,83.49,0.2,89.28,22.99,826,Low
25-08-2025 04:00,Z3,24.51,83.35,0,89.46,23.13,0,Low
25-08-2025 05:00,Z3,24.78,82.07,0,89.17,22.97,2262,Low
25-08-2025 06:00,Z3,26.25,77.54,0,88.94,25.42,3036,Low
25-08-2025 07:00,Z3,28.17,74.82,0,88.21,26.83,24318,Low
25-08-2025 08:00,Z3,29.33,73,0,88.19,27.97,39315,Low
25-08-2025 09:00,Z3,30.33,74.16,0,87.97,29.12,54657,Low
25-08-2025 10:00,Z3,31.61,71.89,0.5,88.16,30.44,38585,Low
25-08-2025 11:00,Z3,30.52,72.66,0,88.53,29.25,76560,Low
25-08-2025 12:00,Z3,31.3,69.64,0,88.29,29.99,84429,Low
25-08-2025 13:00,Z3,31.28,70.75,0.5,88.73,29.1,38813,Low
25-08-2025 14:00,Z3,30.28,71.95,0,88.58,29.26,69153,Low
25-08-2025 15:00,Z3,30.15,73.19,0,88.35,28.92,58080,Low
25-08-2025 16:00,Z3,29.5,71.49,0,88.82,28.57,41783,Low
25-08-2025 17:00,Z3,28.56,75.35,0,88.82,27.79,18470,Low
25-08-2025 18:00,Z3,26.64,79.75,0,88.52,25.06,0,Low
25-08-2025 19:00,Z3,25.49,77.13,0,88.7,24.55,0,Low
25-08-2025 20:00,Z3,23.74,81.52,0,88.89,22.16,0,Low
25-08-2025 21:00,Z3,23.21,80.52,0,89.07,21.9,1422,Low
25-08-2025 22:00,Z3,22.39,84.41,0,88.44,21.75,0,Low
25-08-2025 23:00,Z3,22.98,80.06,0,88.56,20.63,0,Low
26-08-2025 00:00,Z3,21.96,81.7,0,88.56,20.6,47,Low
26-08-2025 01:00,Z3,22.82,82.23,0,88.67,21.63,0,Low
26-08-2025 02:00,Z3,22.67,82.56,0,88.71,21.28,2726,Low
26-08-2025 03:00,Z3,24.59,80.1,0,88.93,23.49,0,Low
26-08-2025 04:00,Z3,24.85,79.54,0,88.72,23.18,0,Low
26-08-2025 05:00,Z3,25.48,75.42,0,88.99,24.19,0,Low
26-08-2025 06:00,Z3,26.07,81.18,1,89.85,24.4,0,Low
26-08-2025 07:00,Z3,28.93,72.39,0,89.86,27.58,21536,Low
26-08-2025 08:00,Z3,27.91,76.06,0,89.35,26.83,37835,Low
26-08-2025 09:00,Z3,30.3,73.15,0,89.12,28.42,54514,Low
26-08-2025 10:00,Z3,30.35,73.76,0,88.56,29.39,70296,Low
26-08-2025 11:00,Z3,30.59,74.94,0,88.77,28.72,75139,Low
26-08-2025 12:00,Z3,31.76,69.08,0.2,88.85,30.22,41666,Low
26-08-2025 13:00,Z3,31.43,66.49,0,88.68,29.89,79056,Low
26-08-2025 14:00,Z3,29.56,87.28,10,90,27.79,33915,Low
26-08-2025 15:00,Z3,30.58,72.68,0,90,29.55,59289,Low
26-08-2025 16:00,Z3,28.67,80.15,0,90,28.22,41228,Low
26-08-2025 17:00,Z3,27.6,75.04,0,89.17,26.2,21424,Low
26-08-2025 18:00,Z3,27.68,76.7,0,88.63,25.91,0,Low
26-08-2025 19:00,Z3,25.2,81.47,0,88.42,23.56,547,Low
26-08-2025 20:00,Z3,24.62,77.75,0,88.33,23.13,0,Low
26-08-2025 21:00,Z3,23.6,84.73,0,88.44,22.07,1698,Low
26-08-2025 22:00,Z3,23.09,83.51,0,88.46,22.31,0,Low
26-08-2025 23:00,Z3,21.72,83.01,0,88.41,20.19,0,Low
27-08-2025 00:00,Z3,22.08,83.97,0,87.88,20.62,0,Low
27-08-2025 01:00,Z3,21.94,83.27,0,87.86,20.33,0,Low
27-08-2025 02:00,Z3,22.66,80.62,0,87.86,20.57,0,Low
27-08-2025 03:00,Z3,24.41,76.55,0,87.96,22.55,3158,Low
27-08-2025 04:00,Z3,23.96,83.45,0,87.86,22.61,0,Low
27-08-2025 05:00,Z3,25.63,80.93,0,87.61,24.28,918,Low
27-08-2025 06:00,Z3,26.54,75.24,0,87.29,24.85,580,Low
27-08-2025 07:00,Z3,27.87,81.58,1,88.36,26.26,14783,Low
27-08-2025 08:00,Z3,28.58,71.35,0,88.5,27.38,38743,Low
27-08-2025 09:00,Z3,30.48,73.82,0,88.55,28.47,55861,Low
27-08-2025 10:00,Z3,31.53,67.25,0,88.67,30.08,67953,Low
27-08-2025 11:00,Z3,31.67,66.48,0,88.47,29.97,78858,Low
27-08-2025 12:00,Z3,31.37,70.39,0,87.84,30.42,81489,Low
27-08-2025 13:00,Z3,31.47,71.33,0,88.17,30.75,80614,Low
27-08-2025 14:00,Z3,30.89,71.57,0,87.75,29.05,68662,Low
27-08-2025 15:00,Z3,30.25,71.53,0,88.17,29.31,55912,Low
27-08-2025 16:00,Z3,29.26,72.82,0,88.31,27.87,40248,Low
27-08-2025 17:00,Z3,27.54,75.54,0,88.29,26.18,18195,Low
27-08-2025 18:00,Z3,25.88,76.43,0,88.95,24.73,0,Low
27-08-2025 19:00,Z3,25.27,79.4,0,89.12,24.26,0,Low
27-08-2025 20:00,Z3,23.52,80.99,0,89,22.22,0,Low
27-08-2025 21:00,Z3,23.81,81.53,0,89.29,21.7,230,Low
27-08-2025 22:00,Z3,23.05,81.27,0,89.28,21.35,1851,Low
27-08-2025 23:00,Z3,23.51,82.39,0,89.21,21.69,1863,Low
28-08-2025 00:00,Z3,21.6,84.37,0,89.29,20.14,947,Low
28-08-2025 01:00,Z3,21.72,85.73,0,89.26,20.55,0,Low
28-08-2025 02:00,Z3,23.15,82.75,0,89.73,21.99,4376,Low
28-08-2025 03:00,Z3,23.78,80.87,0,89.97,22.61,0,Low
28-08-2025 04:00,Z3,25.05,81.8,0,89.75,23.87,1943,Low
28-08-2025 05:00,Z3,24.95,79.46,0,89.55,23.41,0,Low
28-08-2025 06:00,Z3,26.01,79.93,0,89.69,24.81,1390,Low
28-08-2025 07:00,Z3,28.29,77.56,0,89.49,26.35,21477,Low
28-08-2025 08:00,Z3,29.24,72.78,0,89,27.21,41778,Low
28-08-2025 09:00,Z3,29.82,72.41,0,88.95,27.56,59047,Low
28-08-2025 10:00,Z3,30.27,87.75,5,90,28.39,31401,Low
28-08-2025 11:00,Z3,30.19,70.87,0,89.62,28.51,75893,Low
28-08-2025 12:00,Z3,31.7,69.99,0,89.99,30.09,78053,Low
28-08-2025 13:00,Z3,30.56,73.52,0,89.73,28.88,78919,Low
28-08-2025 14:00,Z3,30.37,69.99,0,89.95,29.57,67265,Low
28-08-2025 15:00,Z3,30.19,73.86,0,89.65,28.29,57082,Low
28-08-2025 16:00,Z3,28.8,75.69,0,89.42,27.09,39108,Low
28-08-2025 17:00,Z3,27.84,74.24,0,89.05,26.17,21232,Low
28-08-2025 18:00,Z3,28.17,74.03,0,89.08,27.13,2098,Low
28-08-2025 19:00,Z3,25.72,79.23,0,88.79,24.28,0,Low
28-08-2025 20:00,Z3,24.18,80.78,0,88.73,22.51,726,Low
28-08-2025 21:00,Z3,23.73,81.47,0,88.6,22.09,2366,Low
28-08-2025 22:00,Z3,23.78,81.55,0,88.69,23.18,1913,Low
28-08-2025 23:00,Z3,22.63,82.24,0.5,88.91,20.31,0,Low
29-08-2025 00:00,Z3,23.16,82.01,0,89.18,22.48,1503,Low
29-08-2025 01:00,Z3,22.91,82.04,0,89.24,20.92,0,Low
29-08-2025 02:00,Z3,21.93,88.15,0,89.56,20.06,1343,Low
29-08-2025 03:00,Z3,23.38,82.85,0,89.6,21.76,2179,Low
29-08-2025 04:00,Z3,24.63,88.04,2,90,23.2,0,Low
29-08-2025 05:00,Z3,25.81,78.65,0,89.01,23.83,0,Low
29-08-2025 06:00,Z3,26.05,76.7,0,89.12,24.74,2897,Low
29-08-2025 07:00,Z3,28.05,74.61,0,88.55,26.92,21482,Low
29-08-2025 08:00,Z3,28.14,75.66,0,88.66,26.34,39654,Low
29-08-2025 09:00,Z3,29.44,74.2,0,88.61,27.79,57012,Low
29-08-2025 10:00,Z3,30.78,71.26,0,88.75,29.44,68412,Low
29-08-2025 11:00,Z3,31.63,68.52,0,88.51,30.54,75346,Low
29-08-2025 12:00,Z3,30.77,68.56,0,88.48,28.52,78432,Low
29-08-2025 13:00,Z3,31.34,72.54,0,87.88,29.14,75956,Low
29-08-2025 14:00,Z3,30.34,73.4,0,87.64,28.3,71908,Low
29-08-2025 15:00,Z3,30.29,72.1,0,87.62,29.63,58351,Low
29-08-2025 16:00,Z3,29.54,70.8,0,87.63,28.83,37656,Low
29-08-2025 17:00,Z3,28.2,76.12,0,87.33,26.17,19536,Low
29-08-2025 18:00,Z3,26.45,75.27,0,87.24,25.11,0,Low
29-08-2025 19:00,Z3,25.31,78.76,0,86.83,23.45,69,Low
29-08-2025 20:00,Z3,24.21,79.23,0,87.07,22.99,0,Low
29-08-2025 21:00,Z3,23.05,81.3,0,86.88,21.56,0,Low
29-08-2025 22:00,Z3,23.3,84.75,0,87.05,21.58,2858,Low
29-08-2025 23:00,Z3,22.61,83.96,0,87.24,20.44,1766,Low
30-08-2025 00:00,Z3,23.27,77.15,0,87.52,22.22,1191,Low
30-08-2025 01:00,Z3,23.04,80.21,0,87.43,21.32,484,Low
30-08-2025 02:00,Z3,22.49,82.65,0,87.16,20.67,0,Low
30-08-2025 03:00,Z3,24.09,83.76,2,89.59,22.92,2817,Low
30-08-2025 04:00,Z3,23.68,81.29,0,89.37,22.5,0,Low
30-08-2025 05:00,Z3,26.15,75.1,0,89.62,25.21,0,Low
30-08-2025 06:00,Z3,27.01,73.08,0,89.6,26.04,0,Low
30-08-2025 07:00,Z3,27.64,74.72,0,89.66,25.43,19667,Low
30-08-2025 08:00,Z3,29.89,71.67,0,89.6,28.1,37992,Low
30-08-2025 09:00,Z3,30.42,71.48,0,89.7,28.61,55646,Low
30-08-2025 10:00,Z3,30.95,71.66,0,90,29.64,70758,Low
30-08-2025 11:00,Z3,31.27,68.64,0,90,30.17,75973,Low
30-08-2025 12:00,Z3,31.03,69.39,0,89.83,29.43,76239,Low
30-08-2025 13:00,Z3,30.38,69.43,0,90,28.59,76218,Low
30-08-2025 14:00,Z3,30.96,69.52,0,90,29.27,69430,Low
30-08-2025 15:00,Z3,29.58,72.38,0,89.91,27.89,53439,Low
30-08-2025 16:00,Z3,29.16,70.63,0,90,27.41,37557,Low
30-08-2025 17:00,Z3,29.43,90.99,10,90,27.78,12832,Low
30-08-2025 18:00,Z3,26.22,77.28,0,90,25.56,255,Low
30-08-2025 19:00,Z3,25.72,78.03,0,89.9,24.11,1854,Low
30-08-2025 20:00,Z3,23.4,79.55,0,89.86,22.16,0,Low
30-08-2025 21:00,Z3,23.75,80.83,0,89.22,23.29,1275,Low
30-08-2025 22:00,Z3,23.03,81.72,0,88.63,21.38,0,Low
30-08-2025 23:00,Z3,22.29,80.41,0,88.68,20.85,0,Low
31-08-2025 00:00,Z3,22.01,85.89,0,88.93,20.75,433,Low
31-08-2025 01:00,Z3,21.77,86.19,0.2,89.23,19.83,671,Low
31-08-2025 02:00,Z3,23.55,80.7,0,89.89,21.72,5,Low
31-08-2025 03:00,Z3,23.34,82.59,0.2,90,21.31,0,Low
31-08-2025 04:00,Z3,25.44,77.22,0,90,24.32,1707,Low
31-08-2025 05:00,Z3,26.19,76.63,0,89.69,25.11,1156,Low
31-08-2025 06:00,Z3,26.12,75.88,0,89.15,24.83,1849,Low
31-08-2025 07:00,Z3,28.53,73.63,0,89.29,27.41,17616,Low
31-08-2025 08:00,Z3,28.56,76.64,0,89.23,27.14,39137,Low
31-08-2025 09:00,Z3,30.76,73.52,0,89.62,28.65,55804,Low
31-08-2025 10:00,Z3,31.1,71.6,0,89.25,29.88,71134,Low
31-08-2025 11:00,Z3,31.29,66.57,0,89.45,30.33,73941,Low
31-08-2025 12:00,Z3,31.23,68.82,0,89.21,30.48,78879,Low
31-08-2025 13:00,Z3,31.55,67.79,0,89.35,30.98,77308,Low
31-08-2025 14:00,Z3,29.66,72.49,0,88.84,27.49,67864,Low
31-08-2025 15:00,Z3,29.31,76.58,0,88.76,27.9,57213,Low
31-08-2025 16:00,Z3,28.65,74.23,0,88.68,27.47,42532,Low
31-08-2025 17:00,Z3,28.56,75.83,0,88.96,27.03,20929,Low
31-08-2025 18:00,Z3,27.12,76.82,0,88.35,25.59,0,Low
31-08-2025 19:00,Z3,24.61,80.16,0,88.1,23.55,1336,Low
31-08-2025 20:00,Z3,25.32,75.87,0,87.78,23.83,0,Low
31-08-2025 21:00,Z3,22.95,85,1,88.44,21.7,0,Low
31-08-2025 22:00,Z3,23.33,82.47,0,88.26,21.05,0,Low
31-08-2025 23:00,Z3,21.86,82.39,0,88.37,20.28,0,Low
01-09-2025 00:00,Z3,21.77,83.68,0,88.17,20.93,0,Low
01-09-2025 01:00,Z3,22.19,83.34,0,87.79,20.82,0,Low
01-09-2025 02:00,Z3,22.89,80.85,0,87.99,21.23,2202,Low
01-09-2025 03:00,Z3,22.61,84.36,0,87.8,21.67,0,Low
01-09-2025 04:00,Z3,23.72,80.83,0,87.52,22.41,0,Low
01-09-2025 05:00,Z3,25.3,80.5,0,87.62,23.67,1707,Low
01-09-2025 06:00,Z3,26.89,75.09,0,88,25.51,0,Low
01-09-2025 07:00,Z3,27.35,77.1,0,88.15,26.04,20846,Low
01-09-2025 08:00,Z3,28.5,74.3,0,87.94,26.54,38362,Low
01-09-2025 09:00,Z3,30.07,69.15,0,88.06,28.61,57642,Low
01-09-2025 10:00,Z3,31.06,72.29,0,88.25,30.08,70288,Low
01-09-2025 11:00,Z3,29.76,71.06,0,88.08,28.52,75764,Low
01-09-2025 12:00,Z3,30.97,72.06,0.5,88.63,29.44,38607,Low
01-09-2025 13:00,Z3,29.8,72.62,0,88.19,28.5,78859,Low
01-09-2025 14:00,Z3,28.98,71.37,0,88.58,27.14,73229,Low
01-09-2025 15:00,Z3,29.35,73.98,0,88.58,27.92,59468,Low
01-09-2025 16:00,Z3,28.28,75.69,0,88.23,26.96,38604,Low
01-09-2025 17:00,Z3,28.53,72.83,0,88.2,26.91,21475,Low
01-09-2025 18:00,Z3,25.51,76.95,0,88.24,24.44,0,Low
01-09-2025 19:00,Z3,24.93,79.3,0,88.7,23.12,0,Low
01-09-2025 20:00,Z3,23.26,80.61,0,88.87,22.17,1130,Low
01-09-2025 21:00,Z3,23.37,81.37,0,88.84,22.3,0,Low
01-09-2025 22:00,Z3,22.19,83.19,0,89.1,21.1,2070,Low
01-09-2025 23:00,Z3,22.51,81.38,0,89.13,20.82,0,Low
02-09-2025 00:00,Z3,21.81,86.71,0,89.04,19.46,2107,Low
02-09-2025 01:00,Z3,22.03,83.94,0,89.19,20.25,0,Low
02-09-2025 02:00,Z3,21.57,84.62,0,89.13,19.53,1413,Low
02-09-2025 03:00,Z3,23,84.86,0,89.1,21.17,315,Low
02-09-2025 04:00,Z3,24.46,80.56,0,88.98,23.34,634,Low
02-09-2025 05:00,Z3,25.11,79.03,0.2,89.17,23.6,1052,Low
02-09-2025 06:00,Z3,26.22,78.08,0,89.36,24.69,0,Low
02-09-2025 07:00,Z3,27.64,70.74,0,89.12,26.37,18481,Low
02-09-2025 08:00,Z3,28.31,75.69,0.2,89.54,27.29,20771,Low
02-09-2025 09:00,Z3,29.73,71.07,0,89.33,28.31,54461,Low
02-09-2025 10:00,Z3,30.54,69.99,0,89.53,28.42,69174,Low
02-09-2025 11:00,Z3,30.68,73.69,0.2,89.75,29.6,38685,Low
02-09-2025 12:00,Z3,31.53,70.81,0,89.81,30.29,83247,Low
02-09-2025 13:00,Z3,31.5,69.83,0,89.1,29.46,76570,Low
02-09-2025 14:00,Z3,30.8,72.01,0,89.41,28.93,68848,Low
02-09-2025 15:00,Z3,29.73,73.3,0,89.27,28.4,55516,Low
02-09-2025 16:00,Z3,28.58,74.33,0,89.45,27.65,42829,Low
02-09-2025 17:00,Z3,26.91,75.89,0,89.61,25.1,21056,Low
02-09-2025 18:00,Z3,25.54,82.88,0,88.82,24.15,0,Low
02-09-2025 19:00,Z3,24.67,79.94,0,89.32,23.56,0,Low
02-09-2025 20:00,Z3,23.48,83.59,0,89.38,22.11,318,Low
02-09-2025 21:00,Z3,23.2,81.42,0,89.41,21.97,694,Low
02-09-2025 22:00,Z3,23,81.19,0,89.84,21,2393,Low
02-09-2025 23:00,Z3,21.48,81.63,0,89.69,20.43,1842,Low
03-09-2025 00:00,Z3,21.27,84.65,0,89.48,19.91,431,Low
03-09-2025 01:00,Z3,21.8,86.8,0,88.92,20.61,0,Low
03-09-2025 02:00,Z3,21.79,84.99,0.2,89.69,20.22,0,Low
03-09-2025 03:00,Z3,23.95,82.63,0,89.83,22.84,0,Low
03-09-2025 04:00,Z3,23.63,81.08,0.2,89.98,22.22,0,Low
03-09-2025 05:00,Z3,26.42,78.49,0,90,23.72,20,Low
03-09-2025 06:00,Z3,25.86,78.47,0,90,24.63,0,Low
03-09-2025 07:00,Z3,27.47,75.03,0,89.78,25.42,17680,Low
03-09-2025 08:00,Z3,29.44,74.61,0,90,27.8,40411,Low
03-09-2025 09:00,Z3,28.98,71.53,0,89.58,27.79,52464,Low
03-09-2025 10:00,Z3,30.13,70.91,0,89.08,28.45,72319,Low
03-09-2025 11:00,Z3,30.3,70.02,0,89.07,29.03,77950,Low
03-09-2025 12:00,Z3,30.75,73.07,0,89.16,28.86,83136,Low
03-09-2025 13:00,Z3,30.27,72.95,0,89.4,28.44,77037,Low
03-09-2025 14:00,Z3,30.25,70.37,0,89.39,29.47,67727,Low
03-09-2025 15:00,Z3,30.35,72.85,0,89.44,29.19,56672,Low
03-09-2025 16:00,Z3,29.78,70.73,0,89.32,28.49,37239,Low
03-09-2025 17:00,Z3,26.35,74.88,0,88.7,24.37,23935,Low
03-09-2025 18:00,Z3,27.09,75.7,0,89.08,25.81,0,Low
03-09-2025 19:00,Z3,25.6,80.72,0,89.09,24.2,0,Low
03-09-2025 20:00,Z3,23.41,80.51,0,89.42,21.83,0,Low
03-09-2025 21:00,Z3,23.68,81.76,0,89.73,21.73,989,Low
03-09-2025 22:00,Z3,22.88,84.33,0,89.72,21.82,0,Low
03-09-2025 23:00,Z3,22.62,82.46,0,89.57,20.97,679,Low
04-09-2025 00:00,Z3,21.49,84.91,0,89.57,19.81,482,Low
04-09-2025 01:00,Z3,22.64,83.3,0,89.49,20.94,1009,Low
04-09-2025 02:00,Z3,22.93,84.56,0,90,21.69,0,Low
04-09-2025 03:00,Z3,23.61,84.47,0.2,90,22.03,3612,Low
04-09-2025 04:00,Z3,24.76,79.4,0,90,22.86,0,Low
04-09-2025 05:00,Z3,23.77,78.84,0,89.95,21.84,961,Low
04-09-2025 06:00,Z3,26.47,76.82,0,90,25.1,2375,Low
04-09-2025 07:00,Z3,26.89,75.61,0,89.72,25.04,21446,Low
04-09-2025 08:00,Z3,28.34,72.3,0,89.61,26.96,38262,Low
04-09-2025 09:00,Z3,29.52,76.3,0,90,27.91,57992,Low
04-09-2025 10:00,Z3,30.09,72.75,0,90,27.81,70146,Low
04-09-2025 11:00,Z3,31.19,69.11,0,90,29.41,72088,Low
04-09-2025 12:00,Z3,31.38,69.37,0,90,29.86,80526,Low
04-09-2025 13:00,Z3,30.66,84.31,5,90,29.13,40176,Low
04-09-2025 14:00,Z3,29.35,71.76,0,89.92,27.63,68594,Low
04-09-2025 15:00,Z3,30.18,72.12,0,89.66,27.95,55157,Low
04-09-2025 16:00,Z3,28.73,75.09,0,89.77,27.32,40356,Low
04-09-2025 17:00,Z3,27.1,77.36,0,89.19,25.44,19140,Low
04-09-2025 18:00,Z3,27,77.33,0,89.33,25.77,296,Low
04-09-2025 19:00,Z3,25.44,76.5,0,89.13,24.64,0,Low
04-09-2025 20:00,Z3,23.67,83.31,0,89.4,22.35,0,Low
04-09-2025 21:00,Z3,22.87,86.6,0.2,90,21.52,0,Low
04-09-2025 22:00,Z3,22.91,84.11,0,89.99,21.21,0,Low
04-09-2025 23:00,Z3,22.47,82.93,0,89.72,20.84,0,Low
05-09-2025 00:00,Z3,22.18,87.16,0,90,20.74,95,Low
05-09-2025 01:00,Z3,22.12,85.07,0,89.42,21.29,1450,Low
05-09-2025 02:00,Z3,22.4,78.79,0,89.64,20.7,0,Low
05-09-2025 03:00,Z3,23.42,81.02,0,89.68,22.55,0,Low
05-09-2025 04:00,Z3,23.53,81.72,0,89.15,22.16,642,Low
05-09-2025 05:00,Z3,26.24,77.58,0,89.35,24.19,0,Low
05-09-2025 06:00,Z3,26.66,75.11,0,89.52,25.36,0,Low
05-09-2025 07:00,Z3,27.29,75.69,0,89.86,26.21,20633,Low
05-09-2025 08:00,Z3,27.89,79.33,0.2,89.96,26.05,19350,Low
05-09-2025 09:00,Z3,29.19,72.8,0,90,27.92,53657,Low
05-09-2025 10:00,Z3,29.9,70.55,0,90,28.56,70642,Low
05-09-2025 11:00,Z3,31.84,70.36,0,90,30.16,75742,Low
05-09-2025 12:00,Z3,31.62,70.48,0,89.76,29.72,79917,Low
05-09-2025 13:00,Z3,30.99,74.08,0,89.55,29.52,78379,Low
05-09-2025 14:00,Z3,30.57,67.75,0,89.53,29.28,71218,Low
05-09-2025 15:00,Z3,28.47,76.01,0,89.6,26.88,56240,Low
05-09-2025 16:00,Z3,28.02,74.35,0,89.38,26.63,40265,Low
05-09-2025 17:00,Z3,28.91,73.33,0,89.79,26.78,19350,Low
05-09-2025 18:00,Z3,26.39,78.6,0,89.42,24.7,0,Low
05-09-2025 19:00,Z3,25.32,77.41,0,89.31,23.86,1701,Low
05-09-2025 20:00,Z3,24.33,80.01,0,89.38,22.44,1122,Low
05-09-2025 21:00,Z3,23.46,79.98,0,89.23,21.45,0,Low
05-09-2025 22:00,Z3,22.44,80.87,0,88.95,20.97,0,Low
05-09-2025 23:00,Z3,23.58,82.87,0,88.95,22.25,2169,Low
06-09-2025 00:00,Z3,21.79,83.4,0.2,89.59,19.85,0,Low
06-09-2025 01:00,Z3,21.54,86.48,0,89.92,20.62,4202,Low
06-09-2025 02:00,Z3,21.85,86.04,0.5,90,20.61,0,Low
06-09-2025 03:00,Z3,22.37,85.17,0,90,21.07,2192,Low
06-09-2025 04:00,Z3,24.28,81.75,0,90,22.34,4038,Low
06-09-2025 05:00,Z3,24.81,79.14,0,90,23.29,0,Low
06-09-2025 06:00,Z3,26.5,77.38,0,90,25.23,0,Low
06-09-2025 07:00,Z3,27.47,79.81,0,89.89,25.87,19062,Low
06-09-2025 08:00,Z3,27.57,74.17,0,89.91,25.78,41816,Low
06-09-2025 09:00,Z3,30.17,73.63,0,90,28.9,57045,Low
06-09-2025 10:00,Z3,31.29,71.73,0,90,29.23,68837,Low
06-09-2025 11:00,Z3,31.34,69.53,0,90,29.93,77920,Low
06-09-2025 12:00,Z3,30.91,72.08,0,90,28.9,79946,Low
06-09-2025 13:00,Z3,30.17,71.86,0,90,28.82,76212,Low
06-09-2025 14:00,Z3,29.37,74.09,0,89.42,28.38,68092,Low
06-09-2025 15:00,Z3,29.15,72.99,0,89.65,27.96,60241,Low
06-09-2025 16:00,Z3,28.55,71.73,0,89.57,26.92,38602,Low
06-09-2025 17:00,Z3,26.8,75.17,0,89.75,24.7,16348,Low
06-09-2025 18:00,Z3,27.17,77.03,0,89,25.19,214,Low
06-09-2025 19:00,Z3,26.02,76.25,0,88.76,24.6,4857,Low
06-09-2025 20:00,Z3,24.06,79.77,0,89.05,22.91,0,Low
06-09-2025 21:00,Z3,22.54,82.67,0,88.78,20.63,0,Low
06-09-2025 22:00,Z3,23.78,80.4,0,88.87,22.66,0,Low
06-09-2025 23:00,Z3,22.24,80.02,0,89.27,20.46,0,Low
07-09-2025 00:00,Z3,21.43,85.82,0,89.67,19.81,0,Low
07-09-2025 01:00,Z3,21.28,86.1,0,89.75,19.72,155,Low
07-09-2025 02:00,Z3,21.66,82.21,0,89.83,20.39,1496,Low
07-09-2025 03:00,Z3,22.95,84.6,0,89.76,21.11,0,Low
07-09-2025 04:00,Z3,24.12,79.91,0,89.49,22.57,536,Low
07-09-2025 05:00,Z3,26.6,76.05,0,89.16,25.52,0,Low
07-09-2025 06:00,Z3,25.89,76.79,0,88.42,24.19,0,Low
07-09-2025 07:00,Z3,27.27,77.26,0,88.51,25.15,21449,Low
07-09-2025 08:00,Z3,29.05,71.71,0,88.24,27.09,42350,Low
07-09-2025 09:00,Z3,29.13,73.84,0,88.25,27.77,55148,Low
07-09-2025 10:00,Z3,31.03,69.3,0,88.12,29.82,69569,Low
07-09-2025 11:00,Z3,30.97,72.6,0,88.12,29.98,81016,Low
07-09-2025 12:00,Z3,30.96,70.72,0,88.14,29.85,78763,Low
07-09-2025 13:00,Z3,30.71,71.62,1,89.69,29.54,36534,Low
07-09-2025 14:00,Z3,29.62,71.51,0,89.24,27.76,66400,Low
07-09-2025 15:00,Z3,29.49,74.79,0,88.86,27.39,62774,Low
07-09-2025 16:00,Z3,29.87,71.66,0,89.61,28.48,42563,Low
07-09-2025 17:00,Z3,27.78,77.02,0,89.86,26.4,24106,Low
07-09-2025 18:00,Z3,26.4,81.45,1,90,25.83,1060,Low
07-09-2025 19:00,Z3,26.2,78.04,0,89.74,24.63,0,Low
07-09-2025 20:00,Z3,24.43,82.13,0,89.93,22.96,292,Low
07-09-2025 21:00,Z3,23.44,79.54,0,89.73,22.15,0,Low
07-09-2025 22:00,Z3,23.11,83.86,0,89.57,21.29,2628,Low
07-09-2025 23:00,Z3,22.08,78.9,0,89.54,20.25,1513,Low
08-09-2025 00:00,Z3,21.43,83.98,0,89.8,20.26,0,Low
08-09-2025 01:00,Z3,22.17,82.11,0,90,19.74,248,Low
08-09-2025 02:00,Z3,22.31,84.16,0,89.69,22.18,0,Low
08-09-2025 03:00,Z3,22.19,81.74,0,90,21.29,584,Low
08-09-2025 04:00,Z3,24.93,82.62,0.5,90,23.22,2878,Low
08-09-2025 05:00,Z3,24.87,79.43,0,89.91,23.21,0,Low
08-09-2025 06:00,Z3,26.43,75.79,0,89.58,24.37,0,Low
08-09-2025 07:00,Z3,28.92,74.44,0,89.74,27.5,20844,Low
08-09-2025 08:00,Z3,29.11,74.84,0,89.4,28.44,42479,Low
08-09-2025 09:00,Z3,29.67,76.32,0,89.59,27.96,56336,Low
08-09-2025 10:00,Z3,29.76,70.97,0,89.52,28.52,68720,Low
08-09-2025 11:00,Z3,30.54,69.8,0,89.73,28.96,79895,Low
08-09-2025 12:00,Z3,30.03,74.64,0,89.76,28.13,81757,Low
08-09-2025 13:00,Z3,29.75,72.1,0,90,28.63,77578,Low
08-09-2025 14:00,Z3,29.61,73.7,0,89.67,28.42,66229,Low
08-09-2025 15:00,Z3,30.27,72.22,0,89.56,28.67,53946,Low
08-09-2025 16:00,Z3,27.42,74.84,0,89.13,25.79,39863,Low
08-09-2025 17:00,Z3,28.52,76.26,0,89.39,26.9,20167,Low
08-09-2025 18:00,Z3,27.61,73.95,0,89.16,27.05,4957,Low
08-09-2025 19:00,Z3,24.26,81.07,0,89.35,23.08,3867,Low
08-09-2025 20:00,Z3,24.14,86.55,2,90,21.93,2414,Low
08-09-2025 21:00,Z3,23.33,86.24,2,90,21.69,0,Low
08-09-2025 22:00,Z3,23.34,82.21,0,89.79,22.48,0,Low
08-09-2025 23:00,Z3,22.8,80.99,0,89.89,21.5,3921,Low
09-09-2025 00:00,Z3,20.94,84.46,0,90,19.3,0,Low
09-09-2025 01:00,Z3,21.84,85.59,0,89.78,21.13,154,Low
09-09-2025 02:00,Z3,23.08,87.34,0,89.24,21.2,0,Low
09-09-2025 03:00,Z3,24.1,78.99,0,89.61,22.39,1432,Low
09-09-2025 04:00,Z3,24.02,77.25,0,89.39,22.63,0,Low
09-09-2025 05:00,Z3,25.25,78.98,0,89.38,23.18,664,Low
09-09-2025 06:00,Z3,26.65,77.8,0,89.6,24.94,1724,Low
09-09-2025 07:00,Z3,27.78,73.68,0,90,26.35,18363,Low
09-09-2025 08:00,Z3,27.42,76.34,0,90,26.58,40171,Low
09-09-2025 09:00,Z3,30.13,72.49,0,89.82,28.56,55671,Low
09-09-2025 10:00,Z3,30.92,69.03,0,89.64,29.39,65827,Low
09-09-2025 11:00,Z3,30.27,72.26,0,89.43,28.95,78570,Low
09-09-2025 12:00,Z3,30.98,70.77,0,88.95,30.14,83185,Low
09-09-2025 13:00,Z3,31.01,68.51,0,88.23,29.43,77027,Low
09-09-2025 14:00,Z3,30.67,69.38,0,88.47,28.97,69720,Low
09-09-2025 15:00,Z3,28.63,73.51,0,87.96,26.96,56116,Low
09-09-2025 16:00,Z3,29.53,73.31,0,88.54,27.96,41958,Low
09-09-2025 17:00,Z3,27.29,78.87,0,88.57,25.85,18065,Low
09-09-2025 18:00,Z3,25.55,78.5,0,88.81,24.08,0,Low
09-09-2025 19:00,Z3,24.69,79.75,0.2,89.34,22.52,0,Low
09-09-2025 20:00,Z3,23.9,80.08,0,89.26,22.5,981,Low
09-09-2025 21:00,Z3,22.91,84.73,0,88.99,21.47,364,Low
09-09-2025 22:00,Z3,22.23,84.8,0,88.58,20.5,0,Low
09-09-2025 23:00,Z3,22.95,83.52,0,88.67,21.05,168,Low
10-09-2025 00:00,Z3,22.13,84.31,0,88.29,21.15,0,Low
10-09-2025 01:00,Z3,22.29,80.22,0,88.32,21.04,0,Low
10-09-2025 02:00,Z3,22.39,84.58,0,88.09,21.42,1401,Low
10-09-2025 03:00,Z3,23.3,81.76,0,87.76,21.57,0,Low
10-09-2025 04:00,Z3,24.68,80.45,0,87.74,23.17,1472,Low
10-09-2025 05:00,Z3,24.79,78.57,0,87.99,23.64,0,Low
10-09-2025 06:00,Z3,25.77,77.21,0,88.31,24.4,0,Low
10-09-2025 07:00,Z3,27.07,76.02,0,88.23,25.16,21138,Low
10-09-2025 08:00,Z3,27.91,75.16,0,88.21,25.96,38923,Low
10-09-2025 09:00,Z3,29.42,71.28,0,88.26,27.94,56484,Low
10-09-2025 10:00,Z3,30.72,71.78,0,88.19,29.35,66728,Low
10-09-2025 11:00,Z3,31.67,70.23,0,88.35,29.03,78038,Low
10-09-2025 12:00,Z3,30.59,75.67,0,88.22,29.2,80054,Low
10-09-2025 13:00,Z3,31.17,70.21,0,88.04,29.56,76897,Low
10-09-2025 14:00,Z3,30.49,71.42,0,87.73,28.91,69035,Low
10-09-2025 15:00,Z3,29.59,72.2,0,87.36,28.41,55994,Low
10-09-2025 16:00,Z3,28.62,75.87,0,87.1,27.02,42662,Low
10-09-2025 17:00,Z3,28.5,76.82,0,86.03,27.58,21041,Low
10-09-2025 18:00,Z3,25.48,82.09,0,85.72,22.94,0,Low
10-09-2025 19:00,Z3,25.78,78.6,0,85.81,24.33,0,Low
10-09-2025 20:00,Z3,23.89,80.67,0,86.02,22.28,0,Low
10-09-2025 21:00,Z3,22.95,80.37,0,86.47,20.93,2320,Low
10-09-2025 22:00,Z3,22.2,97.02,10,90,20.88,860,Low
10-09-2025 23:00,Z3,22.71,82.25,0,90,20.72,0,Low
11-09-2025 00:00,Z3,22.18,83.92,0,89.79,20.76,2715,Low
11-09-2025 01:00,Z3,22.21,84.89,0,89.62,20.92,0,Low
11-09-2025 02:00,Z3,22.08,80.95,0,89.95,20.25,1487,Low
11-09-2025 03:00,Z3,23.96,84.26,0,89.85,22.65,2067,Low
11-09-2025 04:00,Z3,24.65,81.48,0,89.37,22.89,0,Low
11-09-2025 05:00,Z3,25.01,82.49,0,89.59,22.94,1196,Low
11-09-2025 06:00,Z3,26.01,77.55,0,89.09,24.14,0,Low
11-09-2025 07:00,Z3,27.64,75.79,0,89.18,26.25,21820,Low
11-09-2025 08:00,Z3,27.89,76.08,0,88.93,26.66,42597,Low
11-09-2025 09:00,Z3,29.87,73.2,0,88.86,28.53,56493,Low
11-09-2025 10:00,Z3,30.43,74.1,0,88.98,29.32,71515,Low
11-09-2025 11:00,Z3,30.9,68.27,0,88.67,29.61,78132,Low
11-09-2025 12:00,Z3,30.05,73.85,0,88.71,28.33,80354,Low
11-09-2025 13:00,Z3,29.99,73.51,0,89.17,28.11,75087,Low
11-09-2025 14:00,Z3,30.41,71.12,0,88.72,28.9,69052,Low
11-09-2025 15:00,Z3,28.76,76.64,0,88.8,27.33,59002,Low
11-09-2025 16:00,Z3,28.32,74.79,0,88.92,26.91,40279,Low
11-09-2025 17:00,Z3,27.09,75.47,0,88.7,25.82,22526,Low
11-09-2025 18:00,Z3,27.03,76.8,0,88.73,25.83,0,Low
11-09-2025 19:00,Z3,25.99,79.78,0,89.27,24.7,755,Low
11-09-2025 20:00,Z3,24.5,77.45,0,89.44,23.19,75,Low
11-09-2025 21:00,Z3,22.72,83.85,0,89.11,21.23,0,Low
11-09-2025 22:00,Z3,22.52,84.98,0,89.13,20.78,0,Low
11-09-2025 23:00,Z3,22.32,81.45,0,89.5,20.73,0,Low
12-09-2025 00:00,Z3,21.45,83.6,0,89.62,19.55,392,Low
12-09-2025 01:00,Z3,22.54,82.34,0,89.79,20.34,6591,Low
12-09-2025 02:00,Z3,22.07,85.84,0,90,20.6,2730,Low
12-09-2025 03:00,Z3,24.08,80.85,0,89.86,22.9,913,Low
12-09-2025 04:00,Z3,24.28,79.48,0,89.36,22.5,188,Low
12-09-2025 05:00,Z3,26.18,77.34,0,89.37,24.57,2754,Low
12-09-2025 06:00,Z3,25.61,79.43,0,89.51,23.66,84,Low
12-09-2025 07:00,Z3,28.26,74.37,0,90,26.83,20608,Low
12-09-2025 08:00,Z3,28.96,75.83,0,89.86,26.89,38615,Low
12-09-2025 09:00,Z3,29.97,72.5,0,89.59,28.08,54315,Low
12-09-2025 10:00,Z3,30.45,72.2,0,89.3,28.93,65917,Low
12-09-2025 11:00,Z3,31.34,69.86,0,89.13,30.2,75615,Low
12-09-2025 12:00,Z3,30.85,70.34,0,88.92,28.78,79090,Low
12-09-2025 13:00,Z3,31.02,72.78,0,89.04,29.43,79121,Low
12-09-2025 14:00,Z3,29.75,74.32,0,88.36,27.39,69059,Low
12-09-2025 15:00,Z3,29.12,75.83,0,88.86,26.78,54151,Low
12-09-2025 16:00,Z3,28.59,73.64,0,88.4,26.83,39964,Low
12-09-2025 17:00,Z3,28.34,77.08,0,88.62,26.44,19891,Low
12-09-2025 18:00,Z3,26.88,79.71,0,88.97,25.3,511,Low
12-09-2025 19:00,Z3,25.19,79.02,0,89.51,24.05,0,Low
12-09-2025 20:00,Z3,24.29,83.03,0,89.3,23,3325,Low
12-09-2025 21:00,Z3,22.93,82.91,0,89.04,21.23,0,Low
12-09-2025 22:00,Z3,22.31,81.64,0,88.92,19.72,0,Low
12-09-2025 23:00,Z3,23.1,83.83,0,88.6,21.15,317,Low
13-09-2025 00:00,Z3,22.22,84.74,0,88.87,20.8,711,Low
13-09-2025 01:00,Z3,22.43,82.87,0,89.22,21.67,0,Low
13-09-2025 02:00,Z3,23.67,81.67,0,88.88,22.25,7,Low
13-09-2025 03:00,Z3,23.16,83.06,0,88.94,21.26,3531,Low
13-09-2025 04:00,Z3,24.21,83.86,0,88.87,21.99,0,Low
13-09-2025 05:00,Z3,25.22,76.41,0,88.76,24.2,0,Low
13-09-2025 06:00,Z3,26.63,74.35,0,88.82,25.85,0,Low
13-09-2025 07:00,Z3,27.65,75.85,0,89.57,26.26,19530,Low
13-09-2025 08:00,Z3,29.15,81.47,2,90,27.49,18719,Low
13-09-2025 09:00,Z3,29.45,73.66,0,89.89,28.3,54196,Low
13-09-2025 10:00,Z3,30.51,71.7,0,89.4,29.1,72245,Low
13-09-2025 11:00,Z3,29.57,72.82,0,89.71,28.01,78424,Low
13-09-2025 12:00,Z3,29.71,70.9,0,89.74,28.2,81301,Low
13-09-2025 13:00,Z3,30.76,69.42,0,89.5,28.78,76816,Low
13-09-2025 14:00,Z3,30.61,71.74,0,89.33,29.03,68512,Low
13-09-2025 15:00,Z3,29.61,74.1,0,88.94,27.71,53528,Low
13-09-2025 16:00,Z3,27.48,77.84,0.2,88.94,25.91,21990,Low
13-09-2025 17:00,Z3,27.96,75.98,0,89.19,26.52,19852,Low
13-09-2025 18:00,Z3,25.91,80.56,0,89.1,25.12,1901,Low
13-09-2025 19:00,Z3,24.47,80.41,0,89.14,22.57,2370,Low
13-09-2025 20:00,Z3,23.79,81.1,0,89.11,21.82,1914,Low
13-09-2025 21:00,Z3,22.45,84.09,0,88.4,21.36,1899,Low
13-09-2025 22:00,Z3,23.06,80.5,0,88.43,21.72,1110,Low
13-09-2025 23:00,Z3,20.87,85.14,0,87.89,18.45,0,Low
14-09-2025 00:00,Z3,21.72,83.89,0,88.05,19.86,0,Low
14-09-2025 01:00,Z3,22.69,84.46,0,88.1,21.82,0,Low
14-09-2025 02:00,Z3,22.16,83.51,0,87.94,20.99,2042,Low
14-09-2025 03:00,Z3,22.67,82.76,0,87.96,20.93,1046,Low
14-09-2025 04:00,Z3,24.18,82.37,0,88.1,23.02,1928,Low
14-09-2025 05:00,Z3,25.34,80.38,0,88.07,23.5,0,Low
14-09-2025 06:00,Z3,26.42,77.81,0,87.43,24.71,1343,Low
14-09-2025 07:00,Z3,27.41,71.76,0,87.14,25.89,21865,Low
14-09-2025 08:00,Z3,27.56,75.97,0,87.18,26.01,41160,Low
14-09-2025 09:00,Z3,29.47,74.57,0,87,28.24,55941,Low
14-09-2025 10:00,Z3,29.81,70.4,0,86.73,28.85,70737,Low
14-09-2025 11:00,Z3,29.38,74.23,0,86.74,27.68,78586,Low
14-09-2025 12:00,Z3,29.97,69.53,0,86.53,28.22,83005,Low
14-09-2025 13:00,Z3,30.54,73.24,0,86.14,29.35,74431,Low
14-09-2025 14:00,Z3,31.09,71.32,0,85.88,29.5,70346,Low
14-09-2025 15:00,Z3,28.96,73.69,0,85.62,27,54446,Low
14-09-2025 16:00,Z3,28.58,75.42,0,85.31,27.2,38873,Low
14-09-2025 17:00,Z3,27.45,81.44,2,87.33,25.63,9203,Low
14-09-2025 18:00,Z3,27.59,75.19,0,87.15,25.85,0,Low
14-09-2025 19:00,Z3,25.78,79.13,0,87.48,24.02,62,Low
14-09-2025 20:00,Z3,24.35,78.21,0,87.63,22.87,5143,Low
14-09-2025 21:00,Z3,23.01,82.31,0,87.5,21.2,0,Low
14-09-2025 22:00,Z3,22.56,81.78,0,87.54,20.88,0,Low
14-09-2025 23:00,Z3,22.32,84.54,0.2,87.45,20.19,0,Low
15-09-2025 00:00,Z3,22.64,79.57,0,87.95,21.13,0,Low
15-09-2025 01:00,Z3,21.44,85.3,0,87.81,19.65,0,Low
15-09-2025 02:00,Z3,21.92,82.57,0,88.06,20.34,0,Low
15-09-2025 03:00,Z3,23.62,78.88,0,88,21.78,0,Low
15-09-2025 04:00,Z3,23.52,80.89,0,88,21.49,1954,Low
15-09-2025 05:00,Z3,25.66,76.34,0,87.85,24.43,1566,Low
15-09-2025 06:00,Z3,25.98,78.32,0,87.98,24.59,0,Low
15-09-2025 07:00,Z3,26.31,78.94,0,88.29,25.33,20863,Low
15-09-2025 08:00,Z3,28.02,76.33,0,88.48,26.89,35547,Low
15-09-2025 09:00,Z3,28.99,74.57,0,88.04,27.05,58209,Low
15-09-2025 10:00,Z3,30.54,72.65,0,88.1,29.12,68617,Low
15-09-2025 11:00,Z3,30.8,71.81,0,88.41,29.24,76950,Low
15-09-2025 12:00,Z3,30.96,70.38,0,88.67,28.96,77184,Low
15-09-2025 13:00,Z3,31.56,73.73,0,88.86,30.4,79363,Low
15-09-2025 14:00,Z3,29.64,71.82,0,88.94,28.85,69914,Low
15-09-2025 15:00,Z3,29.86,73.92,0,88.78,28.16,58196,Low
15-09-2025 16:00,Z3,29.14,74.36,0,89.07,27.42,39876,Low
15-09-2025 17:00,Z3,27.83,76.52,0,88.93,26,17774,Low
15-09-2025 18:00,Z3,26.94,80.5,0,89.1,24.65,0,Low
15-09-2025 19:00,Z3,25.55,80.15,0,88.83,24.2,1842,Low
15-09-2025 20:00,Z3,22.93,82.14,0,89.27,21.23,299,Low
15-09-2025 21:00,Z3,22.79,82.99,0,89.2,21.57,2331,Low
15-09-2025 22:00,Z3,22.64,81.38,0,89.18,21.02,2052,Low
15-09-2025 23:00,Z3,22.45,83.79,0,89.71,20.79,0,Low
16-09-2025 00:00,Z3,22.36,83.49,0,88.9,21.59,117,Low
16-09-2025 01:00,Z3,21.93,82.92,0,88.96,19.85,0,Low
16-09-2025 02:00,Z3,22.27,83.93,0,89.12,20.66,2218,Low
16-09-2025 03:00,Z3,22.55,80.67,0,89.41,20.82,787,Low
16-09-2025 04:00,Z3,24.02,82.14,0,88.84,22.51,0,Low
16-09-2025 05:00,Z3,25.23,80.36,0,88.75,23.26,546,Low
16-09-2025 06:00,Z3,25.98,78.51,1,89.8,25.06,413,Low
16-09-2025 07:00,Z3,27.46,76.04,0,89.8,26.2,19039,Low
16-09-2025 08:00,Z3,29.43,70.03,0,90,28,40369,Low
16-09-2025 09:00,Z3,29.4,73.85,0,89.59,27.38,62119,Low
16-09-2025 10:00,Z3,30.25,71.16,0,89.44,28.33,68001,Low
16-09-2025 11:00,Z3,30.95,70.62,0,89.68,29.3,77791,Low
16-09-2025 12:00,Z3,30.48,73.76,0,89.7,28.86,81408,Low
16-09-2025 13:00,Z3,30.61,68.79,0,89.47,29.45,75895,Low
16-09-2025 14:00,Z3,30.19,76.02,0,89.36,28.95,69727,Low
16-09-2025 15:00,Z3,30.31,71.79,0,89.28,28.83,57462,Low
16-09-2025 16:00,Z3,28.59,75.53,0,89.45,27.02,40591,Low
16-09-2025 17:00,Z3,27.96,75.49,0,89.4,26.57,20232,Low
16-09-2025 18:00,Z3,26.45,75.37,0,89.07,25.15,666,Low
16-09-2025 19:00,Z3,24.69,97.13,5,90,23.02,0,Low
16-09-2025 20:00,Z3,24.21,79.76,0,89.34,21.85,0,Low
16-09-2025 21:00,Z3,22.35,85.5,0,88.77,21.2,0,Low
16-09-2025 22:00,Z3,22.94,84.36,0,88.19,21.33,0,Low
16-09-2025 23:00,Z3,20.94,83.25,0,87.87,18.85,1454,Low
17-09-2025 00:00,Z3,22.85,83.23,0,88.04,21.07,2542,Low
17-09-2025 01:00,Z3,21.98,81.99,0,87.83,19.82,0,Low
17-09-2025 02:00,Z3,22.8,84.4,0,87.17,21.7,1235,Low
17-09-2025 03:00,Z3,22.34,83.31,0,87.41,21.05,319,Low
17-09-2025 04:00,Z3,23,82.43,0,87.32,21.78,177,Low
17-09-2025 05:00,Z3,25.59,80.42,0,87.09,24.25,1019,Low
17-09-2025 06:00,Z3,25.83,80.12,0,86.64,24.6,0,Low
17-09-2025 07:00,Z3,28.04,72.96,0,86.38,26.4,21311,Low
17-09-2025 08:00,Z3,28.04,76.2,0,86.29,26.33,40059,Low
17-09-2025 09:00,Z3,30.01,72.6,0,85.92,28.67,55791,Low
17-09-2025 10:00,Z3,31.21,68.81,0,85.8,29.55,71356,Low
17-09-2025 11:00,Z3,30.22,70.45,0.2,86.37,28.95,37876,Low
17-09-2025 12:00,Z3,30.65,72.93,0,86.16,29.16,83260,Low
17-09-2025 13:00,Z3,30.02,71.92,0,86.07,28.89,77174,Low
17-09-2025 14:00,Z3,30.22,71.99,0,85.73,28.07,67116,Low
17-09-2025 15:00,Z3,29.99,68.96,0,85,28.2,52051,Low
17-09-2025 16:00,Z3,29.44,72.87,0,84.69,28.1,40486,Low
17-09-2025 17:00,Z3,27.75,74.98,0,84.53,26.12,20505,Low
17-09-2025 18:00,Z3,27.05,76.95,0,84.24,25.62,0,Low
17-09-2025 19:00,Z3,24.69,82.69,0.5,85.15,23.23,0,Low
17-09-2025 20:00,Z3,23.87,80.95,0,85.28,22.23,1776,Low
17-09-2025 21:00,Z3,23.05,82.41,0,85.56,21.15,56,Low
17-09-2025 22:00,Z3,22,84.22,0,85.07,20.5,2184,Low
17-09-2025 23:00,Z3,22.96,78.27,0,84.9,21.98,0,Low
18-09-2025 00:00,Z3,20.99,86.84,0,84.93,19.83,0,Low
18-09-2025 01:00,Z3,23.09,81.79,0,85.19,22.53,3255,Low
18-09-2025 02:00,Z3,22.74,81.9,0,84.68,20.93,3791,Low
18-09-2025 03:00,Z3,23.21,84.3,0,84.54,21.21,996,Low
18-09-2025 04:00,Z3,24.57,84.54,0.2,84.7,23.26,1086,Low
18-09-2025 05:00,Z3,25.26,80.25,0,83.94,23.1,3221,Low
18-09-2025 06:00,Z3,26.42,78.3,0,84.05,25.1,0,Low
18-09-2025 07:00,Z3,27.43,74.58,0,83.66,25.77,24084,Low
18-09-2025 08:00,Z3,29.24,72.68,0.2,83.39,27.59,17781,Low
18-09-2025 09:00,Z3,30.32,70.04,0,83.58,28.28,54975,Low
18-09-2025 10:00,Z3,30.46,73.63,0,83.14,30.03,66540,Low
18-09-2025 11:00,Z3,31.56,71.21,0,83.1,29.38,78034,Low
18-09-2025 12:00,Z3,30.5,73.68,0,83.17,28.86,82458,Low
18-09-2025 13:00,Z3,29.75,74.14,0,82.49,28.45,75073,Low
18-09-2025 14:00,Z3,30.52,73.19,0,82.69,28.84,68499,Low
18-09-2025 15:00,Z3,29.71,69.22,0,83.1,28.6,56568,Low
18-09-2025 16:00,Z3,28.34,73.7,0,83.61,27.63,40754,Low
18-09-2025 17:00,Z3,27.46,75.84,0,83.65,25.56,21309,Low
18-09-2025 18:00,Z3,25.73,78.2,0,83.29,23.98,2305,Low
18-09-2025 19:00,Z3,24.72,94.35,5,89.46,23.39,0,Low
18-09-2025 20:00,Z3,23.78,85.59,0.5,89.62,21.89,3375,Low
18-09-2025 21:00,Z3,23.5,80.31,0,89.68,22.5,0,Low
18-09-2025 22:00,Z3,21.7,83.08,0,89.83,19.9,0,Low
18-09-2025 23:00,Z3,22.76,81.36,0,89.7,21.12,0,Low
19-09-2025 00:00,Z3,21.39,84.1,0,89.53,20.1,0,Low
19-09-2025 01:00,Z3,21.46,81.91,0,89.7,19.45,0,Low
19-09-2025 02:00,Z3,21.28,85.15,0,89.7,20.41,3707,Low
19-09-2025 03:00,Z3,23.09,78.29,0,89.2,21.88,0,Low
19-09-2025 04:00,Z3,23.72,83.24,0,89.32,21.61,0,Low
19-09-2025 05:00,Z3,25.45,77.05,0,89.4,23.33,3444,Low
19-09-2025 06:00,Z3,26.71,75.21,0,88.91,25.66,4656,Low
19-09-2025 07:00,Z3,27.83,78.66,0,88.87,26.57,23015,Low
19-09-2025 08:00,Z3,28.48,74.86,0,88.84,26.97,38518,Low
19-09-2025 09:00,Z3,29.07,74.69,0,89.2,28.05,57478,Low
19-09-2025 10:00,Z3,29.43,69.87,0,88.97,27.43,73673,Low
19-09-2025 11:00,Z3,29.54,74.55,0,89.82,27.41,76290,Low
19-09-2025 12:00,Z3,31.7,66.54,0,89.97,30.41,81007,Low
19-09-2025 13:00,Z3,31.21,66.51,0,90,29.16,76641,Low
19-09-2025 14:00,Z3,29.59,73.16,0,89.85,27.86,66975,Low
19-09-2025 15:00,Z3,29.63,75.85,0,89.71,28.44,57108,Low
19-09-2025 16:00,Z3,27.77,77.55,0,89.58,26.28,38563,Low
19-09-2025 17:00,Z3,27.62,74.05,0,89.69,25.75,19577,Low
19-09-2025 18:00,Z3,25.51,79.58,0,89.24,24.27,505,Low
19-09-2025 19:00,Z3,25.43,79.57,0,89.66,23.78,0,Low
19-09-2025 20:00,Z3,23.78,79.79,0,89.83,21.59,2019,Low
19-09-2025 21:00,Z3,23.12,79.6,0,89.75,21.21,326,Low
19-09-2025 22:00,Z3,22.63,82.13,0,89.59,20.9,0,Low
19-09-2025 23:00,Z3,22.65,83.18,0,89.38,21.09,0,Low
20-09-2025 00:00,Z3,21.2,86.51,0,89.1,20.12,304,Low
20-09-2025 01:00,Z3,20.79,86.69,0,89.2,19.38,0,Low
20-09-2025 02:00,Z3,23.36,78.93,0,88.73,21.36,0,Low
20-09-2025 03:00,Z3,23.34,80.69,0,88.44,21.36,0,Low
20-09-2025 04:00,Z3,24.4,82.03,0,88.14,22.97,0,Low
20-09-2025 05:00,Z3,24.77,79.99,0,87.79,23.78,0,Low
20-09-2025 06:00,Z3,26.13,78.45,0,88.05,24.74,169,Low
20-09-2025 07:00,Z3,28.84,76.33,0,87.6,26.87,21126,Low
20-09-2025 08:00,Z3,28.5,73.02,0.2,88.28,27.18,20891,Low
20-09-2025 09:00,Z3,29.48,74.7,0,88.62,27.94,56560,Low
20-09-2025 10:00,Z3,30.35,70.56,0,88.33,27.9,70112,Low
20-09-2025 11:00,Z3,30.91,71.21,0,87.88,28.58,75222,Low
20-09-2025 12:00,Z3,30.74,74.85,0,88,30.03,78352,Low
20-09-2025 13:00,Z3,30.96,71.11,0,87.73,29.58,77350,Low
20-09-2025 14:00,Z3,29.7,71.93,0,87.81,28.72,69339,Low
20-09-2025 15:00,Z3,28.85,71.04,0,88.04,27.02,59105,Low
20-09-2025 16:00,Z3,28.58,76.19,0,88.75,27.61,43276,Low
20-09-2025 17:00,Z3,27.56,82.1,2,90,25.65,14280,Low
20-09-2025 18:00,Z3,25.95,78.93,0,90,24.47,135,Low
20-09-2025 19:00,Z3,24.61,80.9,0,90,23.43,2098,Low
20-09-2025 20:00,Z3,23.9,80.57,0,90,22.81,0,Low
20-09-2025 21:00,Z3,22.7,84.2,0,90,21.22,678,Low
20-09-2025 22:00,Z3,22.31,80.75,0,89.86,20.95,346,Low
20-09-2025 23:00,Z3,22.03,84.82,0,89.99,20.03,0,Low
21-09-2025 00:00,Z3,21.35,85.41,0,89.63,20.28,3223,Low
21-09-2025 01:00,Z3,22.22,82.88,0,89.5,20.51,0,Low
21-09-2025 02:00,Z3,23.17,80.71,0,89.04,21.58,2689,Low
21-09-2025 03:00,Z3,22.81,85.44,0,89.06,21.36,771,Low
21-09-2025 04:00,Z3,24.53,79.61,0,89.06,22.56,847,Low
21-09-2025 05:00,Z3,24.66,78.12,0,88.6,23.64,147,Low
21-09-2025 06:00,Z3,26.27,77.72,0,88.38,24.88,0,Low
21-09-2025 07:00,Z3,28.17,74.92,0,88.59,26.9,21109,Low
21-09-2025 08:00,Z3,28.96,74.41,0,88.76,26.91,42122,Low
21-09-2025 09:00,Z3,29.57,74.46,0,88.54,28.98,56211,Low
21-09-2025 10:00,Z3,29.32,72.08,0,88.85,28.63,70922,Low
21-09-2025 11:00,Z3,30.54,73.4,0,88.8,28.71,80226,Low
21-09-2025 12:00,Z3,31.9,69,0,88.79,31.61,79399,Low
21-09-2025 13:00,Z3,31.46,67.83,0,89.11,30.5,74037,Low
21-09-2025 14:00,Z3,30.51,73.56,0,88.97,29.13,67698,Low
21-09-2025 15:00,Z3,29.3,70.63,0,88.69,27.3,56832,Low
21-09-2025 16:00,Z3,28.05,75.47,0,88.8,26.18,39203,Low
21-09-2025 17:00,Z3,27.59,75.42,0,88.5,26.38,23743,Low
21-09-2025 18:00,Z3,27.05,79.17,0,88.51,25.71,4303,Low
21-09-2025 19:00,Z3,25.74,78.26,0,88.7,24.42,2631,Low
21-09-2025 20:00,Z3,23.49,81.72,0,88.62,21.79,3842,Low
21-09-2025 21:00,Z3,22.88,82.48,0,88.39,21.13,0,Low
21-09-2025 22:00,Z3,23.26,84.09,0,88.15,21.82,0,Low
21-09-2025 23:00,Z3,21.9,82.16,0,87.82,20.19,1568,Low
22-09-2025 00:00,Z3,21.72,85.55,0,88.01,19.53,1593,Low
22-09-2025 01:00,Z3,22.84,84.96,0,87.83,21.18,0,Low
22-09-2025 02:00,Z3,22.18,85.49,0,87.4,19.82,1333,Low
22-09-2025 03:00,Z3,22.82,79.76,0,87.96,20.55,0,Low
22-09-2025 04:00,Z3,23.92,79.35,0,87.77,22.77,273,Low
22-09-2025 05:00,Z3,24.88,78.89,0,88.37,23.19,1021,Low
22-09-2025 06:00,Z3,27.14,78.49,0,88.7,25.5,1763,Low
22-09-2025 07:00,Z3,27.11,77.47,0,88.47,25.91,15682,Low
22-09-2025 08:00,Z3,27.71,77.48,0,88.17,25.42,35744,Low
22-09-2025 09:00,Z3,28.26,75.81,0,88.31,26.17,54383,Low
22-09-2025 10:00,Z3,30.74,71.43,0,87.89,29.25,68102,Low
22-09-2025 11:00,Z3,31.2,69,0,88.28,29.92,76456,Low
22-09-2025 12:00,Z3,30.04,70.56,0,88.24,27.85,80825,Low
22-09-2025 13:00,Z3,32.09,71.58,0,87.98,30.46,76622,Low
22-09-2025 14:00,Z3,29.86,72.16,0,87.8,28.8,67768,Low
22-09-2025 15:00,Z3,29.57,72.27,0,87.74,27.31,51970,Low
22-09-2025 16:00,Z3,29.16,72.79,0,87.85,27.33,42596,Low
22-09-2025 17:00,Z3,28.81,72.99,0,87.82,26.58,23533,Low
22-09-2025 18:00,Z3,26.36,77.46,0,87.97,24.91,0,Low
22-09-2025 19:00,Z3,24.92,76.38,0,88.12,23.56,3804,Low
22-09-2025 20:00,Z3,23.34,81.3,0,88.37,22.26,0,Low
22-09-2025 21:00,Z3,23.29,86.01,1,89.4,22.46,0,Low
22-09-2025 22:00,Z3,22.15,80.47,0,89.65,20.34,3100,Low
22-09-2025 23:00,Z3,24.13,85.88,0,90,23.33,2783,Low
23-09-2025 00:00,Z3,20.32,85.37,0,89.53,18.75,2418,Low
23-09-2025 01:00,Z3,22.13,82.67,0,89.45,20.02,1710,Low
23-09-2025 02:00,Z3,22.16,85.8,0,89.19,19.95,2640,Low
23-09-2025 03:00,Z3,23.17,81.49,0,89.18,20.7,2643,Low
23-09-2025 04:00,Z3,23.93,82.09,0,89,23.05,0,Low
23-09-2025 05:00,Z3,24.99,80.15,0,89.02,23.56,0,Low
23-09-2025 06:00,Z3,26.49,77.04,0,89.02,25.5,1963,Low
23-09-2025 07:00,Z3,26.86,76.63,0.5,89.99,24.89,10345,Low
23-09-2025 08:00,Z3,29.07,73.92,0,90,27.95,42609,Low
23-09-2025 09:00,Z3,28.7,72.61,0.2,90,27.18,25025,Low
23-09-2025 10:00,Z3,29.97,73.95,0,89.49,28.63,68598,Low
23-09-2025 11:00,Z3,30.65,72.34,0,89.58,29.64,76709,Low
23-09-2025 12:00,Z3,30.41,72.75,0,89.57,28.24,77728,Low
23-09-2025 13:00,Z3,31.48,70.84,0,89.66,31.05,80978,Low
23-09-2025 14:00,Z3,30.86,74.38,0.2,90,28.35,36118,Low
23-09-2025 15:00,Z3,30.11,71.46,0,89.77,28.3,58709,Low
23-09-2025 16:00,Z3,29.04,73.65,0,89.72,27.5,42458,Low
23-09-2025 17:00,Z3,26.94,92.11,5,90,25.95,9368,Low
23-09-2025 18:00,Z3,26.61,75.59,0,90,25.49,0,Low
23-09-2025 19:00,Z3,25.56,79.94,0,90,24.19,725,Low
23-09-2025 20:00,Z3,25.05,80.19,0,89.98,23.69,0,Low
23-09-2025 21:00,Z3,22.61,84.3,0,89.88,21.36,0,Low
23-09-2025 22:00,Z3,22.36,84.95,0,89.85,21.04,0,Low
23-09-2025 23:00,Z3,21.23,86.32,0,89.21,19.55,1461,Low
24-09-2025 00:00,Z3,21.94,80.9,0,88.46,19.79,183,Low
24-09-2025 01:00,Z3,21.85,85.36,0.2,88.34,20.41,0,Low
24-09-2025 02:00,Z3,22.31,85.75,0,87.67,20.81,0,Low
24-09-2025 03:00,Z3,23.4,80.54,0,88.02,21.55,0,Low
24-09-2025 04:00,Z3,24.2,78.66,0,88.12,23.23,2581,Low
24-09-2025 05:00,Z3,25.93,76.37,0,87.81,24.44,1498,Low
24-09-2025 06:00,Z3,26.17,78.86,0,87.32,24.81,2288,Low
24-09-2025 07:00,Z3,27.03,78.37,0,87.96,25.12,20180,Low
24-09-2025 08:00,Z3,27.16,76.47,0,87.7,26.25,41813,Low
24-09-2025 09:00,Z3,30.65,70.27,0,87.59,29.22,58218,Low
24-09-2025 10:00,Z3,30.08,74.69,0,87.11,28.67,68474,Low
24-09-2025 11:00,Z3,30.9,68.12,0,87.59,28.86,79233,Low
24-09-2025 12:00,Z3,29.93,71.35,0,88.01,28.49,78207,Low
24-09-2025 13:00,Z3,30.25,71.08,0,87.98,28.58,78339,Low
24-09-2025 14:00,Z3,29.4,73.14,0,87.75,27.33,72163,Low
24-09-2025 15:00,Z3,29.34,73.48,0,87.58,28.33,58247,Low
24-09-2025 16:00,Z3,29.16,75.35,0,87.91,27.57,37266,Low
24-09-2025 17:00,Z3,27.52,76.83,0,88.14,26.5,21277,Low
24-09-2025 18:00,Z3,25.81,79.23,0,88.51,24.02,0,Low
24-09-2025 19:00,Z3,26.23,94.42,5,90,24.18,0,Low
24-09-2025 20:00,Z3,25.04,78.24,0,90,23.24,0,Low
24-09-2025 21:00,Z3,24.27,83.4,0,90,22.51,1338,Low
24-09-2025 22:00,Z3,21.91,82.88,0,89.98,20.44,1736,Low
24-09-2025 23:00,Z3,21.9,82.9,0,89.92,20.15,0,Low
25-09-2025 00:00,Z3,21.01,87.86,0,89.77,20.27,585,Low
25-09-2025 01:00,Z3,23.04,80.87,0,89.74,21.39,1073,Low
25-09-2025 02:00,Z3,23.24,81.66,0,89.49,21.66,0,Low
25-09-2025 03:00,Z3,23.6,80.97,0,89.38,22.82,0,Low
25-09-2025 04:00,Z3,23.78,81.72,0,89.71,21.94,0,Low
25-09-2025 05:00,Z3,25.45,95.21,10,90,23.55,0,Low
25-09-2025 06:00,Z3,26.39,78.46,0,90,25.4,0,Low
25-09-2025 07:00,Z3,28.86,74.93,0,89.81,27.44,22673,Low
25-09-2025 08:00,Z3,27.81,75.13,0,89.82,26.25,41672,Low
25-09-2025 09:00,Z3,29.83,73.35,0,89.94,27.7,55823,Low
25-09-2025 10:00,Z3,30.05,71.93,0,89.86,27.77,71638,Low
25-09-2025 11:00,Z3,30.91,71,0,89.6,29.57,76772,Low
25-09-2025 12:00,Z3,31.36,67.28,0,89.74,30.45,77596,Low
25-09-2025 13:00,Z3,30.69,72.76,0,89.59,29.29,75570,Low
25-09-2025 14:00,Z3,30.01,75.41,0,89.41,28.5,65882,Low
25-09-2025 15:00,Z3,30.05,74.25,0,88.86,28.09,57531,Low
25-09-2025 16:00,Z3,28.98,72.33,0,88.51,27.38,39354,Low
25-09-2025 17:00,Z3,27.22,78.61,0,88.77,25.81,18934,Low
25-09-2025 18:00,Z3,27.23,75.76,0,88.46,25.3,2686,Low
25-09-2025 19:00,Z3,25.18,81.37,0,88.73,24.13,2633,Low
25-09-2025 20:00,Z3,24.24,81.13,0,88.14,22.72,0,Low
25-09-2025 21:00,Z3,22.12,85.8,0,88.21,21.2,0,Low
25-09-2025 22:00,Z3,23.39,82.12,0.2,88.4,21.8,0,Low
25-09-2025 23:00,Z3,21.99,82.1,0,88.49,19.92,442,Low
26-09-2025 00:00,Z3,21.17,84.06,0,87.65,19.75,1486,Low
26-09-2025 01:00,Z3,21.17,85.15,0,87.69,19.89,0,Low
26-09-2025 02:00,Z3,21.55,86.02,0,87.37,19.17,0,Low
26-09-2025 03:00,Z3,24.41,84.15,0,87.95,22.97,0,Low
26-09-2025 04:00,Z3,23.73,80.08,0,88.15,22.02,1659,Low
26-09-2025 05:00,Z3,25.2,79.43,0,87.88,22.62,474,Low
26-09-2025 06:00,Z3,26.27,81.1,0,87.87,24.98,0,Low
26-09-2025 07:00,Z3,26.75,76.31,0,87.92,25.46,21261,Low
26-09-2025 08:00,Z3,30.2,74.79,0,88.04,28.06,39281,Low
26-09-2025 09:00,Z3,28.95,75.89,0,88.2,26.72,57381,Low
26-09-2025 10:00,Z3,29.71,72.84,0,88.49,28.11,70642,Low
26-09-2025 11:00,Z3,30.26,69.8,0,88.56,29.57,76593,Low
26-09-2025 12:00,Z3,30.68,69.55,0,88.89,29.6,79387,Low
26-09-2025 13:00,Z3,31.03,70.9,0,89.4,29.5,76277,Low
26-09-2025 14:00,Z3,31.52,70.66,0,89.27,30.57,74369,Low
26-09-2025 15:00,Z3,29.46,72.32,0,89.19,28.26,56676,Low
26-09-2025 16:00,Z3,27.94,76.26,0.2,89.16,26.49,17614,Low
26-09-2025 17:00,Z3,26.85,76.05,0,89.46,25.91,18723,Low
26-09-2025 18:00,Z3,27.37,78.24,0,89.64,25.72,850,Low
26-09-2025 19:00,Z3,25.11,81.04,0,89.56,24.25,0,Low
26-09-2025 20:00,Z3,24.56,82.93,0,89.68,22.87,0,Low
26-09-2025 21:00,Z3,22.97,81.71,0,89.52,21.42,1646,Low
26-09-2025 22:00,Z3,23.59,83.03,0,89.18,21.86,0,Low
26-09-2025 23:00,Z3,21.85,80.74,0,89.09,20.28,1082,Low
27-09-2025 00:00,Z3,21.95,85.06,0,89.12,19.97,0,Low
27-09-2025 01:00,Z3,21.95,82.66,0,89.24,20.45,2982,Low
27-09-2025 02:00,Z3,22.26,83.73,0.2,89.48,20.62,957,Low
27-09-2025 03:00,Z3,23.47,85.17,1,90,21.92,0,Low
27-09-2025 04:00,Z3,24.94,78.81,0,89.68,23.75,0,Low
27-09-2025 05:00,Z3,23.39,82.66,0,90,21.28,1879,Low
27-09-2025 06:00,Z3,27.02,76.39,0,89.88,25.38,0,Low
27-09-2025 07:00,Z3,27.95,73.86,0,90,25.96,18617,Low
27-09-2025 08:00,Z3,28.88,75.49,0,90,27.18,37297,Low
27-09-2025 09:00,Z3,31.1,74.32,0,90,29.62,56587,Low
27-09-2025 10:00,Z3,29.49,72.67,0,89.51,28.37,70652,Low
27-09-2025 11:00,Z3,30.17,69.84,0,89.41,28.66,78352,Low
27-09-2025 12:00,Z3,30.23,68.59,0,89.05,28.5,81421,Low
27-09-2025 13:00,Z3,30.18,67.83,0,88.82,29,77792,Low
27-09-2025 14:00,Z3,30.62,75.79,0,89.2,29.18,69603,Low
27-09-2025 15:00,Z3,28.08,78.2,0,89.43,27.05,57350,Low
27-09-2025 16:00,Z3,28.93,73.96,0,89.57,27.96,40893,Low
27-09-2025 17:00,Z3,27.22,76.37,0,89.6,25.43,19503,Low
27-09-2025 18:00,Z3,26.61,76.06,0,89.59,24.9,738,Low
27-09-2025 19:00,Z3,23.97,82.97,0,89.3,21.96,0,Low
27-09-2025 20:00,Z3,23.99,81.31,0,89.71,22.37,0,Low
27-09-2025 21:00,Z3,22.98,84.16,0,89.79,21.39,2462,Low
27-09-2025 22:00,Z3,21.99,85.66,0,89.43,20.91,1130,Low
27-09-2025 23:00,Z3,22.69,81.15,0,88.89,22.03,1736,Low
28-09-2025 00:00,Z3,22.79,85.22,0,88.95,20.83,2520,Low
28-09-2025 01:00,Z3,22.6,80.73,0,89.2,21.34,0,Low
28-09-2025 02:00,Z3,22.79,81.92,0,89.08,21.39,307,Low
28-09-2025 03:00,Z3,23.06,83.52,0,88.8,20.77,2938,Low
28-09-2025 04:00,Z3,23.08,85.43,0,89.2,20.52,2252,Low
28-09-2025 05:00,Z3,24.71,78.91,0,89.02,23.68,0,Low
28-09-2025 06:00,Z3,26.17,79.8,0,88.59,25.95,0,Low
28-09-2025 07:00,Z3,27.15,74.79,0,88.26,26.01,18707,Low
28-09-2025 08:00,Z3,27.32,72.15,0,88.67,25.89,44922,Low
28-09-2025 09:00,Z3,29.72,73.93,0,88.71,28.99,54075,Low
28-09-2025 10:00,Z3,30.89,67.36,0,88.91,28.77,67524,Low
28-09-2025 11:00,Z3,32.1,72.36,1,90,30.5,38188,Low
28-09-2025 12:00,Z3,31,69.21,0,90,30.12,78320,Low
28-09-2025 13:00,Z3,30.71,72.5,0,89.61,28.55,75917,Low
28-09-2025 14:00,Z3,30.85,73.29,0,89.5,29.18,68030,Low
28-09-2025 15:00,Z3,30.65,72.93,0,89.39,28.68,58211,Low
28-09-2025 16:00,Z3,28.97,73.44,0,89.45,27.7,37211,Low
28-09-2025 17:00,Z3,26.99,75.03,0,89.24,25.2,19743,Low
28-09-2025 18:00,Z3,27.6,75.03,0,89.13,25.93,2400,Low
28-09-2025 19:00,Z3,24.89,78.6,0,89.46,23.69,0,Low
28-09-2025 20:00,Z3,24.29,80.8,0,89.24,22.86,0,Low
28-09-2025 21:00,Z3,22.99,79.82,0,88.94,21.52,0,Low
28-09-2025 22:00,Z3,22.2,82.71,0,88.88,20.59,0,Low
28-09-2025 23:00,Z3,21.74,85.34,0,89.21,20.21,1205,Low
29-09-2025 00:00,Z3,21.81,84.15,0,89.26,19.98,0,Low
29-09-2025 01:00,Z3,22.65,79.71,0,89.34,21.27,0,Low
29-09-2025 02:00,Z3,23.17,79.34,0,89.52,21.92,2635,Low
29-09-2025 03:00,Z3,23.15,79.58,0,89.85,21.61,940,Low
29-09-2025 04:00,Z3,23.85,82.06,0,89.51,22.26,725,Low
29-09-2025 05:00,Z3,25.17,79.31,0,88.78,22.89,2415,Low
29-09-2025 06:00,Z3,26.93,73.87,0,88.86,26.22,2846,Low
29-09-2025 07:00,Z3,27.77,76.62,0,88.76,26.59,22604,Low
29-09-2025 08:00,Z3,29.32,71.82,0,88.9,27.95,36313,Low
29-09-2025 09:00,Z3,28.33,69.35,0,88.34,26.62,57096,Low
29-09-2025 10:00,Z3,30.25,73.66,0,88.53,27.98,69662,Low
29-09-2025 11:00,Z3,30.64,69.7,0,88.82,28.58,77584,Low
29-09-2025 12:00,Z3,31.48,69.05,0,88.77,29.18,78090,Low
29-09-2025 13:00,Z3,31.07,71.97,0,88.62,30.23,75750,Low
29-09-2025 14:00,Z3,31.87,72.15,1,89.3,30.6,33362,Low
29-09-2025 15:00,Z3,31.45,69.06,0,89.38,29.81,54764,Low
29-09-2025 16:00,Z3,28.33,77.16,0,89.45,26.91,41528,Low
29-09-2025 17:00,Z3,27.83,76.19,0,89.51,26.45,21839,Low
29-09-2025 18:00,Z3,26.79,77.2,0,89.39,25.33,4708,Low
29-09-2025 19:00,Z3,25.92,78.66,0,89.59,24.8,664,Low
29-09-2025 20:00,Z3,24.18,79.49,0,89.86,22.32,0,Low
29-09-2025 21:00,Z3,23.46,80.68,0,89.96,21.62,2241,Low
29-09-2025 22:00,Z3,22.02,83.49,0,90,20.34,0,Low
29-09-2025 23:00,Z3,22.46,84.52,0,90,20.59,0,Low
30-09-2025 00:00,Z3,21.89,85.77,0,90,20.46,0,Low
30-09-2025 01:00,Z3,21.79,84.11,0,89.29,20.3,0,Low
30-09-2025 02:00,Z3,21.26,84.29,0,89.64,20.11,0,Low
30-09-2025 03:00,Z3,22.85,81.19,0,89.25,21.38,0,Low
30-09-2025 04:00,Z3,23.46,83.15,0,89.4,21.84,0,Low
30-09-2025 05:00,Z3,24.69,77.81,0,89.6,23.24,315,Low
30-09-2025 06:00,Z3,25.76,76.27,0,89.85,24.82,3357,Low
30-09-2025 07:00,Z3,28.3,71.95,0,89.56,26.66,25256,Low
30-09-2025 08:00,Z3,28.11,73.81,0,89.45,26.44,40498,Low
30-09-2025 09:00,Z3,29.64,71.65,0,89.51,27.64,56526,Low
30-09-2025 10:00,Z3,30.41,73.25,0,89.12,28.44,72277,Low
30-09-2025 11:00,Z3,30.35,70.28,0,88.96,29.33,77225,Low
30-09-2025 12:00,Z3,30.33,71,0,88.44,29.01,80218,Low
30-09-2025 13:00,Z3,30.81,67.54,0,88.44,29.24,80053,Low
30-09-2025 14:00,Z3,31.64,71.67,0,88.44,29.83,69874,Low
30-09-2025 15:00,Z3,29.22,74.47,0,88.26,28.57,54592,Low
30-09-2025 16:00,Z3,28.57,75.39,0,88.25,27.28,40874,Low
30-09-2025 17:00,Z3,26.92,76.61,0,87.91,25.39,26970,Low
30-09-2025 18:00,Z3,26.44,79.02,0,88.22,25.43,0,Low
30-09-2025 19:00,Z3,24.29,78.53,0,87.63,23.08,1489,Low
30-09-2025 20:00,Z3,23.34,82.69,0,87.64,21.98,0,Low
30-09-2025 21:00,Z3,22.73,80.36,0,87.48,21.17,0,Low
30-09-2025 22:00,Z3,22.81,80.15,0,87.28,21.95,895,Low
30-09-2025 23:00,Z3,22.12,84.49,0,86.86,20.47,0,Low
01-10-2025 00:00,Z3,21.34,86.87,0,86.13,19.69,0,Low
01-10-2025 01:00,Z3,21.86,82.87,0,85.41,20.13,4043,Low
01-10-2025 02:00,Z3,22.34,80.69,0,84.96,20.91,2882,Low
01-10-2025 03:00,Z3,23.1,82.02,0,85.11,22.15,1572,Low
01-10-2025 04:00,Z3,24.29,82.92,0,85.49,22.83,346,Low
01-10-2025 05:00,Z3,24.62,79.99,0,85.75,22.43,0,Low
01-10-2025 06:00,Z3,25.75,80.17,0,86.02,24.79,674,Low
01-10-2025 07:00,Z3,26.75,75.78,0,85.99,24.69,20799,Low
01-10-2025 08:00,Z3,29.02,73.66,0,86.28,27.09,39043,Low
01-10-2025 09:00,Z3,29.22,69.22,0,85.98,27.38,56530,Low
01-10-2025 10:00,Z3,29.74,71.07,0,85.67,27.99,69429,Low
01-10-2025 11:00,Z3,30.23,71.44,0,85.58,28.64,78820,Low
01-10-2025 12:00,Z3,30.68,70.89,0,86.15,29.8,82331,Low
01-10-2025 13:00,Z3,30.89,72.95,0,86.56,29.58,76768,Low
01-10-2025 14:00,Z3,30.99,68.71,0,86.27,29.42,70919,Low
01-10-2025 15:00,Z3,29.6,74.89,0,86.12,27.96,55155,Low
01-10-2025 16:00,Z3,25.92,74.8,0,85.81,24.13,39519,Low
01-10-2025 17:00,Z3,27.17,76.82,0,85.31,25.38,21643,Low
01-10-2025 18:00,Z3,25.39,81.35,0,85.47,23.65,339,Low
01-10-2025 19:00,Z3,24.15,85.41,0,85.57,22.86,0,Low
01-10-2025 20:00,Z3,24.49,78.76,0,85.48,23.03,824,Low
01-10-2025 21:00,Z3,22.59,79.02,0,85.51,21.61,3007,Low
01-10-2025 22:00,Z3,21.69,84.33,0,85.49,19.84,0,Low
01-10-2025 23:00,Z3,22.1,79.66,0,85.3,20.39,0,Low
02-10-2025 00:00,Z3,21.31,84.47,0,84.6,19.5,4881,Low
02-10-2025 01:00,Z3,22.2,84.38,0,84.6,20.28,0,Low
02-10-2025 02:00,Z3,21.88,85.33,0,85.16,19.96,2067,Low
02-10-2025 03:00,Z3,22.82,83.98,0,85.21,20.82,3840,Low
02-10-2025 04:00,Z3,23.01,83.44,0,85.26,21.22,0,Low
02-10-2025 05:00,Z3,25.44,78.71,0,84.84,24.04,0,Low
02-10-2025 06:00,Z3,24.92,81.33,0,84.14,23.33,0,Low
02-10-2025 07:00,Z3,26.8,74.04,0,84.02,24.95,18941,Low
02-10-2025 08:00,Z3,28.07,74.91,0,84.31,25.75,39084,Low
02-10-2025 09:00,Z3,28.48,72.71,0,84.42,27.04,56005,Low
02-10-2025 10:00,Z3,29.56,74.33,0,83.71,28.05,71002,Low
02-10-2025 11:00,Z3,30.79,71.71,0,83.94,28.8,78387,Low
02-10-2025 12:00,Z3,29.57,74.35,0,83.96,27.8,79655,Low
02-10-2025 13:00,Z3,30.4,72.44,0,83.34,28.82,75896,Low
02-10-2025 14:00,Z3,29.13,75.37,0,83.47,28.08,67082,Low
02-10-2025 15:00,Z3,29.42,71.8,0,83.56,28.42,58529,Low
02-10-2025 16:00,Z3,27.83,77.73,0,83.38,26.72,38997,Low
02-10-2025 17:00,Z3,27.2,76.26,0,83.28,25.39,22230,Low
02-10-2025 18:00,Z3,24.99,80.93,0,83.07,23.88,0,Low
02-10-2025 19:00,Z3,24.89,73.43,0,82.76,22.75,2596,Low
02-10-2025 20:00,Z3,23.44,82.31,0,82.31,22.03,272,Low
02-10-2025 21:00,Z3,23.16,81.89,0,82.32,21.38,2784,Low
02-10-2025 22:00,Z3,21.98,82.19,0,82.51,19.72,5866,Low
02-10-2025 23:00,Z3,21.87,83.81,0,82.25,20.39,3589,Low
03-10-2025 00:00,Z3,21.07,88.53,0,82.1,19.41,254,Low
03-10-2025 01:00,Z3,21.16,81.83,0,81.88,19.15,0,Low
03-10-2025 02:00,Z3,22.03,82.89,0,81.7,20.72,3466,Low
03-10-2025 03:00,Z3,23.07,79.69,0,81.47,21.73,0,Low
03-10-2025 04:00,Z3,23.01,82.67,0,81.87,21.22,1225,Low
03-10-2025 05:00,Z3,24.49,83.25,0,81.72,22.83,0,Low
03-10-2025 06:00,Z3,26,77.41,0,81.63,23.82,377,Low
03-10-2025 07:00,Z3,27.75,77.35,0,81.05,26.12,19287,Low
03-10-2025 08:00,Z3,27.07,78.17,0,80.36,25.61,38617,Low
03-10-2025 09:00,Z3,28.84,76.8,0,79.84,27.82,60152,Low
03-10-2025 10:00,Z3,29.26,74.6,0,79.52,28.24,72633,Low
03-10-2025 11:00,Z3,30.23,72.1,0,79.45,28.71,79069,Low
03-10-2025 12:00,Z3,30.32,70.72,0,79.24,28.61,77593,Low
03-10-2025 13:00,Z3,30.21,73.87,0,78.54,28.13,74464,Low
03-10-2025 14:00,Z3,29.43,70.53,0,78.54,27.36,68083,Low
03-10-2025 15:00,Z3,29.22,74.1,0,78.46,27.47,55913,Low
03-10-2025 16:00,Z3,27.8,76.11,0,78.26,26.09,37847,Low
03-10-2025 17:00,Z3,26.69,78.38,0,78.22,24.67,21106,Low
03-10-2025 18:00,Z3,26.64,76.88,0,77.74,25.26,0,Low
03-10-2025 19:00,Z3,25.78,81.19,0,77.59,24.85,170,Low
03-10-2025 20:00,Z3,23.82,79.35,0,77.05,22.09,0,Low
03-10-2025 21:00,Z3,23,83.96,0,77.46,21.53,0,Low
03-10-2025 22:00,Z3,22.5,81.15,0,77.88,20.42,1803,Low
03-10-2025 23:00,Z3,21.96,83.73,0,77.78,21.17,290,Low
04-10-2025 00:00,Z3,22.14,84.78,0,77.59,21.01,224,Low
04-10-2025 01:00,Z3,20.58,82.76,0,77.57,19,1808,Low
04-10-2025 02:00,Z3,21.99,84.13,0,78.06,21.33,4116,Low
04-10-2025 03:00,Z3,22.27,84.26,0,78.32,19.87,3547,Low
04-10-2025 04:00,Z3,23.36,83.25,0,78.42,22.05,678,Low
04-10-2025 05:00,Z3,23.86,77.81,0,78.05,22.15,0,Low
04-10-2025 06:00,Z3,26.24,79.35,0,77.93,24.67,2687,Low
04-10-2025 07:00,Z3,27.61,75.86,0,77.53,25.42,20404,Low
04-10-2025 08:00,Z3,27.34,75.88,0,77.25,25.7,42540,Low
04-10-2025 09:00,Z3,28.77,73.03,0,77.04,27.31,57489,Low
04-10-2025 10:00,Z3,29.49,74.11,0,77.95,27.42,71614,Low
04-10-2025 11:00,Z3,30.09,71.26,0,77.47,29.27,80596,Low
04-10-2025 12:00,Z3,30.43,70.13,0,77.19,29.08,76971,Low
04-10-2025 13:00,Z3,30.12,74.73,0.2,77.68,29.17,39847,Low
04-10-2025 14:00,Z3,31.19,67.29,0,77.07,29.99,68686,Low
04-10-2025 15:00,Z3,29.13,72.56,0,77.53,28.03,56989,Low
04-10-2025 16:00,Z3,27.21,75.76,0,77.19,25.51,39650,Low
04-10-2025 17:00,Z3,25.88,76.85,0,77.32,24.32,19175,Low
04-10-2025 18:00,Z3,24.71,81.11,0,77.29,23.22,1564,Low
04-10-2025 19:00,Z3,24.46,81.6,0,76.9,23.28,2212,Low
04-10-2025 20:00,Z3,23.81,82.46,0,76.94,21.65,1942,Low
04-10-2025 21:00,Z3,23.02,82.73,0,77.31,21.56,0,Low
04-10-2025 22:00,Z3,21.51,85.03,0,77.33,20.18,0,Low
04-10-2025 23:00,Z3,20.89,83.57,0,77.94,19.59,0,Low
05-10-2025 00:00,Z3,21,86.53,0,77.55,19.89,852,Low
05-10-2025 01:00,Z3,21.64,84.06,0,77.61,20.04,1329,Low
05-10-2025 02:00,Z3,21.59,85.4,0,77.75,20.11,0,Low
05-10-2025 03:00,Z3,23.14,81.25,0,77.57,21.59,0,Low
05-10-2025 04:00,Z3,23.76,82.17,0,77.11,22.36,3365,Low
05-10-2025 05:00,Z3,24.68,80.78,0,76.42,23.27,4530,Low
05-10-2025 06:00,Z3,25.27,79.43,0,76.62,23.8,274,Low
05-10-2025 07:00,Z3,25.94,76.34,0,76.59,24.57,20022,Low
05-10-2025 08:00,Z3,28.63,74.45,0,76.77,27.05,37832,Low
05-10-2025 09:00,Z3,29.54,72.33,0,76.19,28.03,59439,Low
05-10-2025 10:00,Z3,29.59,71.49,0,75.79,28.05,67399,Low
05-10-2025 11:00,Z3,30.96,71.1,0,75.66,29.43,78764,Low
05-10-2025 12:00,Z3,29.81,68.06,0,75.89,28.38,78426,Low
05-10-2025 13:00,Z3,30.22,72.1,0,75.9,28.27,77601,Low
05-10-2025 14:00,Z3,29.65,72.74,0,75.56,28.44,68526,Low
05-10-2025 15:00,Z3,28.34,73.64,0,75.39,26.52,58840,Low
05-10-2025 16:00,Z3,28.29,77.34,0,75.41,26.58,41703,Low
05-10-2025 17:00,Z3,25.45,77.25,0,74.86,23.6,16389,Low
05-10-2025 18:00,Z3,26.18,79.12,0,75.17,24.51,1403,Low
05-10-2025 19:00,Z3,25.78,79.72,0,74.68,24.31,0,Low
05-10-2025 20:00,Z3,23.61,78.62,0,74.59,22.28,0,Low
05-10-2025 21:00,Z3,22.92,83.01,0,74.55,20.7,0,Low
05-10-2025 22:00,Z3,22.62,84.94,0,74.23,21.2,1119,Low
05-10-2025 23:00,Z3,21.7,81.46,0,73.99,20.57,0,Low
06-10-2025 00:00,Z3,21.19,80.44,0,74.05,19.52,0,Low
06-10-2025 01:00,Z3,21.26,84.42,0,74.31,19.99,928,Low
06-10-2025 02:00,Z3,22.8,81.81,0,74.69,21.66,0,Low
06-10-2025 03:00,Z3,22.15,85.09,0,75.12,21.26,575,Low
06-10-2025 04:00,Z3,23.34,81.83,0,74.89,21.46,1011,Low
06-10-2025 05:00,Z3,24.88,75.7,0,74.81,23.7,2413,Low
06-10-2025 06:00,Z3,25.32,75.35,0,74.76,24.28,0,Low
06-10-2025 07:00,Z3,26.02,80.11,0,74.7,24.86,22378,Low
06-10-2025 08:00,Z3,29.18,75.66,0,75.11,27.47,38624,Low
06-10-2025 09:00,Z3,29.42,73.33,0,74.83,28.28,56429,Low
06-10-2025 10:00,Z3,29.81,72.46,0,74.65,28.01,69713,Low
06-10-2025 11:00,Z3,30.45,72.28,0.5,75.41,28.33,40530,Low
06-10-2025 12:00,Z3,31.3,70.3,0,75.06,29.04,79137,Low
06-10-2025 13:00,Z3,30.25,74.8,0.2,74.98,28.64,39961,Low
06-10-2025 14:00,Z3,30.53,72.18,0,75.15,29.76,66744,Low
06-10-2025 15:00,Z3,28.81,75.72,0,75.1,27.37,56135,Low
06-10-2025 16:00,Z3,28.6,72.08,0,74.83,27.73,39532,Low
06-10-2025 17:00,Z3,27.42,77.32,0,74.75,25.44,20017,Low
06-10-2025 18:00,Z3,26.49,74.85,0.2,75.24,24.4,0,Low
06-10-2025 19:00,Z3,25.62,78.85,0,75.62,23.74,0,Low
06-10-2025 20:00,Z3,24.44,80.79,0,75.73,22.58,0,Low
06-10-2025 21:00,Z3,23.21,83.43,0,76.07,22.2,426,Low
06-10-2025 22:00,Z3,22.05,78.99,0,76.5,19.83,3085,Low
06-10-2025 23:00,Z3,22.31,81.24,0,76.68,20.46,866,Low
07-10-2025 00:00,Z3,21.68,85.74,0,76.61,19.52,375,Low
07-10-2025 01:00,Z3,20.39,88.53,0,76.69,18.69,2147,Low
07-10-2025 02:00,Z3,21.71,86.85,0,76.84,19.7,0,Low
07-10-2025 03:00,Z3,21.31,81.87,0,77.2,19.78,872,Low
07-10-2025 04:00,Z3,23.79,82.91,0,77.19,21.97,2702,Low
07-10-2025 05:00,Z3,25.13,78.79,0,77.19,22.86,0,Low
07-10-2025 06:00,Z3,25.6,81.15,0,76.85,24,889,Low
07-10-2025 07:00,Z3,26.61,78.26,0,77.12,24.66,20296,Low
07-10-2025 08:00,Z3,28.37,77.05,0,76.96,27.28,39209,Low
07-10-2025 09:00,Z3,28.36,75.45,0,77.14,26.59,55024,Low
07-10-2025 10:00,Z3,30.17,70.7,0,77.4,28.82,68537,Low
07-10-2025 11:00,Z3,30.79,72.39,0,77.93,29.14,77571,Low
07-10-2025 12:00,Z3,30.65,70,0,77.81,29.48,82484,Low
07-10-2025 13:00,Z3,30.33,73.26,0,77.59,28.94,77513,Low
07-10-2025 14:00,Z3,30.58,71.4,0,76.96,29.26,72563,Low
07-10-2025 15:00,Z3,29.07,74.9,0,76.64,27.73,56916,Low
07-10-2025 16:00,Z3,28.62,73.11,0,76.33,27.02,42013,Low
07-10-2025 17:00,Z3,26.38,75.01,0,76.75,24.19,21653,Low
07-10-2025 18:00,Z3,26.42,75.55,0,76.33,24.8,0,Low
07-10-2025 19:00,Z3,24.8,79.35,0,76.18,23.85,1274,Low
07-10-2025 20:00,Z3,22.56,85.05,0,75.86,20.91,1057,Low
07-10-2025 21:00,Z3,22.76,80.73,0,75.78,21.92,0,Low
07-10-2025 22:00,Z3,22.05,83.52,0,75.51,20.34,1352,Low
07-10-2025 23:00,Z3,21.07,86.05,0,75.6,19.84,605,Low
08-10-2025 00:00,Z3,20.24,85.13,0,75.72,19.04,0,Low
08-10-2025 01:00,Z3,22.29,82.65,0,75.67,20.85,228,Low
08-10-2025 02:00,Z3,21.65,84.33,0,75.8,19.98,0,Low
08-10-2025 03:00,Z3,23.17,82.68,0,75.92,21.54,57,Low
08-10-2025 04:00,Z3,23.08,81.98,0,75.9,21.41,2312,Low
08-10-2025 05:00,Z3,24.84,79.54,0,75.74,22.71,0,Low
08-10-2025 06:00,Z3,25.88,79.52,0,75.75,24.22,0,Low
08-10-2025 07:00,Z3,26.6,73.85,0,75.51,25.15,19791,Low
08-10-2025 08:00,Z3,28.4,75.64,0,75.55,26.88,41300,Low
08-10-2025 09:00,Z3,29.45,70.49,0,74.95,28.15,56222,Low
08-10-2025 10:00,Z3,29.49,69.9,0,75.05,28.26,70832,Low
08-10-2025 11:00,Z3,30.46,71.12,0,74.57,28.77,77615,Low
08-10-2025 12:00,Z3,29.68,71.52,0,74.71,28.05,81628,Low
08-10-2025 13:00,Z3,30.35,71.38,0,74.17,28.88,78638,Low
08-10-2025 14:00,Z3,30.04,75.59,0,74.05,28.85,68775,Low
08-10-2025 15:00,Z3,28.41,70.48,0,74.19,27.14,55408,Low
08-10-2025 16:00,Z3,28.72,86.78,5,80.41,27.83,19673,Low
08-10-2025 17:00,Z3,27.49,77.39,0,79.63,26.17,20526,Low
08-10-2025 18:00,Z3,25.01,78.77,0,79.6,23.36,639,Low
08-10-2025 19:00,Z3,24.45,78.67,0,79.66,22.9,792,Low
08-10-2025 20:00,Z3,24.13,81.16,0,80.04,23.08,195,Low
08-10-2025 21:00,Z3,22.36,79.79,0,80.02,20.93,707,Low
08-10-2025 22:00,Z3,22.48,80.93,0,80.17,20.91,3530,Low
08-10-2025 23:00,Z3,21.84,86.18,0,80.11,20.56,1554,Low
09-10-2025 00:00,Z3,21.7,83.38,0,80.63,20.52,2653,Low
09-10-2025 01:00,Z3,21.39,89.13,0,80.91,19.92,19,Low
09-10-2025 02:00,Z3,22.27,85.47,0,81.16,21.23,0,Low
09-10-2025 03:00,Z3,23.3,82.53,0,81.49,21.87,0,Low
09-10-2025 04:00,Z3,24.28,81.83,0,81.29,22.47,0,Low
09-10-2025 05:00,Z3,25.22,80.14,0.2,81.8,24.28,0,Low
09-10-2025 06:00,Z3,25.89,77.64,0,82.01,24.59,0,Low
09-10-2025 07:00,Z3,29.04,74.58,0,81.56,26.96,22637,Low
09-10-2025 08:00,Z3,29.13,73.46,0,81.68,27.22,42508,Low
09-10-2025 09:00,Z3,29.67,72.53,0,82.1,28.35,56409,Low
09-10-2025 10:00,Z3,29.23,72.79,0,81.83,27.58,69672,Low
09-10-2025 11:00,Z3,29.64,73,0,81.62,28.19,77104,Low
09-10-2025 12:00,Z3,31.47,70.41,0,81.16,30.09,82676,Low
09-10-2025 13:00,Z3,30.31,71.75,0,81.1,28.92,78774,Low
09-10-2025 14:00,Z3,29.78,72.01,0,80.93,28.21,67268,Low
09-10-2025 15:00,Z3,29.3,73.68,0,81.41,27.37,59115,Low
09-10-2025 16:00,Z3,28.25,74.32,0,81.7,27.16,38924,Low
09-10-2025 17:00,Z3,26.52,77.84,0,81.73,25.07,22357,Low
09-10-2025 18:00,Z3,26.49,78.72,0,80.97,24.9,0,Low
09-10-2025 19:00,Z3,24.37,79.86,0,81.15,22.67,4152,Low
09-10-2025 20:00,Z3,23.36,79.48,0,81,21.97,3454,Low
09-10-2025 21:00,Z3,22.73,82.49,0,81.04,21.08,326,Low
09-10-2025 22:00,Z3,20.96,86.29,0,81.04,19.3,0,Low
09-10-2025 23:00,Z3,20.94,88.01,0,80.63,19.99,0,Low
10-10-2025 00:00,Z3,21.54,85.32,0,80.54,20,0,Low
10-10-2025 01:00,Z3,20.93,84.79,0,80.5,19.23,3134,Low
10-10-2025 02:00,Z3,22.32,80.72,0,80.04,20.55,1269,Low
10-10-2025 03:00,Z3,22.58,83.91,0,80.35,21.9,0,Low
10-10-2025 04:00,Z3,22.72,81.31,0,80.41,21.2,564,Low
10-10-2025 05:00,Z3,25.62,79.9,0,79.68,23.71,2351,Low
10-10-2025 06:00,Z3,25.96,77.02,0,79.66,24.91,0,Low
10-10-2025 07:00,Z3,28.24,73.78,0,79.71,26.56,17519,Low
10-10-2025 08:00,Z3,28.59,71.1,0,79.53,26.48,37528,Low
10-10-2025 09:00,Z3,29.61,71.76,0,79.65,27.68,57092,Low
10-10-2025 10:00,Z3,30.89,69.84,0,79.31,29.37,69477,Low
10-10-2025 11:00,Z3,30.75,73.38,0,78.86,29.54,75535,Low
10-10-2025 12:00,Z3,31.04,71.88,0,78.96,29.39,80080,Low
10-10-2025 13:00,Z3,29.62,72.51,0,79.37,27.9,75686,Low
10-10-2025 14:00,Z3,29.37,73.3,0,79.46,27.3,66412,Low
10-10-2025 15:00,Z3,28.32,74.53,0,79.45,26.85,56360,Low
10-10-2025 16:00,Z3,28.91,74.14,0,80.02,27.05,39019,Low
10-10-2025 17:00,Z3,26.92,79.6,0,80.06,25.91,20386,Low
10-10-2025 18:00,Z3,26.66,74.05,0,79.87,24.99,0,Low
10-10-2025 19:00,Z3,25.22,77.91,0,79.37,23.35,0,Low
10-10-2025 20:00,Z3,23.42,82.83,0,79.48,21.82,0,Low
10-10-2025 21:00,Z3,22.38,85.83,0,79.85,20.58,1825,Low
10-10-2025 22:00,Z3,22.27,81.14,0,79.89,20.67,3010,Low
10-10-2025 23:00,Z3,21.16,85.72,0,79.89,19.51,0,Low
11-10-2025 00:00,Z3,21.59,85.4,0,79.89,19.94,0,Low
11-10-2025 01:00,Z3,22.19,83.76,0,80.13,20.73,0,Low
11-10-2025 02:00,Z3,21.83,85.64,0,79.8,20.33,964,Low
11-10-2025 03:00,Z3,21.37,83.12,0,79.99,20.77,0,Low
11-10-2025 04:00,Z3,24.08,79.47,0,80.09,22.68,0,Low
11-10-2025 05:00,Z3,24.97,80.09,0,79.67,23.01,0,Low
11-10-2025 06:00,Z3,25.68,80.35,0,79.47,24.19,0,Low
11-10-2025 07:00,Z3,27.01,76.4,0,78.82,24.75,20960,Low
11-10-2025 08:00,Z3,28.05,77.5,0,79.16,26.62,41213,Low
11-10-2025 09:00,Z3,28.28,75.55,0,79.32,26.69,57692,Low
11-10-2025 10:00,Z3,29.55,72.44,0,79.57,27.95,66686,Low
11-10-2025 11:00,Z3,30.65,69.69,0,79.31,29.76,78547,Low
11-10-2025 12:00,Z3,30.29,69.78,0,79.26,29,79655,Low
11-10-2025 13:00,Z3,30.56,69.88,0,79.21,29.09,77836,Low
11-10-2025 14:00,Z3,29.86,74.81,0,79.43,28.23,69229,Low
11-10-2025 15:00,Z3,28.96,71.48,0,79.04,27.17,61056,Low
11-10-2025 16:00,Z3,27.87,75.6,0,79.47,26.41,39713,Low
11-10-2025 17:00,Z3,27.6,74.44,0,79.5,26.09,20487,Low
11-10-2025 18:00,Z3,25.94,79.54,0,79.26,24.07,1406,Low
11-10-2025 19:00,Z3,24.98,80.92,0,79.47,23.54,0,Low
11-10-2025 20:00,Z3,24.1,82.63,0,78.91,23.2,0,Low
11-10-2025 21:00,Z3,22.47,82.41,0,78.81,21.2,0,Low
11-10-2025 22:00,Z3,21.97,83.23,0,78.64,20.98,0,Low
11-10-2025 23:00,Z3,21.36,85.34,0,78.83,20.22,1759,Low
12-10-2025 00:00,Z3,20.05,85.75,0,79.43,18.7,0,Low
12-10-2025 01:00,Z3,21.34,87.48,0,79.43,19.35,3814,Low
12-10-2025 02:00,Z3,22.23,84.77,0,79.14,20.98,0,Low
12-10-2025 03:00,Z3,23.23,83.08,0,79.43,21.73,0,Low
12-10-2025 04:00,Z3,23.24,83.49,0,79.31,21.77,0,Low
12-10-2025 05:00,Z3,23.81,82.27,0.2,79.53,23.17,2302,Low
12-10-2025 06:00,Z3,26.33,77.49,0,79.42,25.94,0,Low
12-10-2025 07:00,Z3,27.71,78,0,79.25,26.01,18151,Low
12-10-2025 08:00,Z3,27.15,77.68,0,79.22,25.71,39309,Low
12-10-2025 09:00,Z3,28.82,73.21,0,79.55,27.52,54365,Low
12-10-2025 10:00,Z3,29.97,72.89,0,79.36,28.25,70592,Low
12-10-2025 11:00,Z3,29.97,72.44,0,79.2,28.83,75739,Low
12-10-2025 12:00,Z3,30.55,72.39,0,79.4,29.29,78383,Low
12-10-2025 13:00,Z3,29.76,73.4,0,79.61,27.74,78778,Low
12-10-2025 14:00,Z3,29.96,70.94,0,78.9,28.66,70008,Low
12-10-2025 15:00,Z3,29.79,70.19,0,78.66,28.34,55292,Low
12-10-2025 16:00,Z3,27.95,73.57,0,78.56,26.86,39862,Low
12-10-2025 17:00,Z3,26.82,76.86,0,78.53,25,20413,Low
12-10-2025 18:00,Z3,25.42,78.87,0,78.18,23.5,0,Low
12-10-2025 19:00,Z3,25.41,81.71,1,78.68,24.57,1712,Low
12-10-2025 20:00,Z3,23.24,83.82,0,78.76,20.61,0,Low
12-10-2025 21:00,Z3,22.24,83.88,0,78.71,21.04,0,Low
12-10-2025 22:00,Z3,22.02,84.93,0,78.56,21.06,3304,Low
12-10-2025 23:00,Z3,21.12,85.44,0,78.38,19.21,2330,Low
13-10-2025 00:00,Z3,21.71,83.28,0,78.05,19.98,0,Low
13-10-2025 01:00,Z3,21.14,84.01,0,77.85,18.85,951,Low
13-10-2025 02:00,Z3,22.35,83.79,0,78.06,20.91,0,Low
13-10-2025 03:00,Z3,22.91,81.27,0,78.15,21.16,871,Low
13-10-2025 04:00,Z3,22.93,84.13,0,78.65,21.56,0,Low
13-10-2025 05:00,Z3,24.92,78.5,0,78.9,22.92,682,Low
13-10-2025 06:00,Z3,26.66,77.35,0,79.6,25.23,1829,Low
13-10-2025 07:00,Z3,26.38,78.89,0,79.92,24.99,21483,Low
13-10-2025 08:00,Z3,28.34,73.87,0,79.7,26.57,39936,Low
13-10-2025 09:00,Z3,28.45,74.41,0,79.79,27.16,61937,Low
13-10-2025 10:00,Z3,28.86,77.21,0,79.8,26.52,69819,Low
13-10-2025 11:00,Z3,30.08,75.51,0,79.29,28.66,77014,Low
13-10-2025 12:00,Z3,30.84,69.55,0,79.57,28.83,79549,Low
13-10-2025 13:00,Z3,30.41,75.17,0,79.2,28.68,75888,Low
13-10-2025 14:00,Z3,28.28,79.8,1,80.38,27.37,36351,Low
13-10-2025 15:00,Z3,30.03,70.26,0,80.43,28.31,56587,Low
13-10-2025 16:00,Z3,28.38,77.22,0,80.21,27.42,38891,Low
13-10-2025 17:00,Z3,26.93,77.54,0,80.54,25.2,17473,Low
13-10-2025 18:00,Z3,25.84,76.88,0,81.03,24.31,25,Low
13-10-2025 19:00,Z3,24.66,80.71,0,80.88,22.61,0,Low
13-10-2025 20:00,Z3,23.51,82.99,0,80.88,22.11,986,Low
13-10-2025 21:00,Z3,22.37,84.83,0,81.27,20.42,2938,Low
13-10-2025 22:00,Z3,22.45,80.64,0,81.21,21.53,372,Low
13-10-2025 23:00,Z3,21.27,86.24,0,81.04,19.98,0,Low
14-10-2025 00:00,Z3,22.26,86.24,0,80.78,20.56,0,Low
14-10-2025 01:00,Z3,20.56,84.7,0,80.77,19.21,2623,Low
14-10-2025 02:00,Z3,22.28,83.45,0,80.74,20.63,1542,Low
14-10-2025 03:00,Z3,22.64,85.1,0,80.78,21.61,21,Low
14-10-2025 04:00,Z3,24.62,78.46,0,80.73,23.15,534,Low
14-10-2025 05:00,Z3,24.03,81.99,0,80.81,22.48,138,Low
14-10-2025 06:00,Z3,25.95,75.69,0,80.28,24.91,0,Low
14-10-2025 07:00,Z3,27.06,77.29,0,80.28,25.52,18919,Low
14-10-2025 08:00,Z3,29.2,73.84,0,80.54,27.48,39659,Low
14-10-2025 09:00,Z3,28.62,73.52,0,80.17,27.15,56544,Low
14-10-2025 10:00,Z3,29.77,71.46,0,79.79,28.42,66613,Low
14-10-2025 11:00,Z3,30.22,71.21,0,79.64,28.68,73692,Low
14-10-2025 12:00,Z3,30.11,71.19,0,79.58,28.49,77332,Low
14-10-2025 13:00,Z3,29.48,72.48,0,79.53,28.24,78833,Low
14-10-2025 14:00,Z3,29.44,74.35,0,79.08,28.5,71312,Low
14-10-2025 15:00,Z3,29.63,71.79,0,78.57,28.46,50094,Low
14-10-2025 16:00,Z3,28.29,77.62,0,78.8,26.64,39254,Low
14-10-2025 17:00,Z3,27.03,75.86,0,78.55,25.37,22089,Low
14-10-2025 18:00,Z3,25.21,80.11,0,78.52,23.36,0,Low
14-10-2025 19:00,Z3,25.73,79.39,0,79.01,23.85,1185,Low
14-10-2025 20:00,Z3,24.05,79.39,0,79.1,22.29,0,Low
14-10-2025 21:00,Z3,23,80.73,0,79.24,21.48,3322,Low
14-10-2025 22:00,Z3,23.1,81.36,0,78.61,22.16,2130,Low
14-10-2025 23:00,Z3,22.11,84.53,0,78.74,20.72,1538,Low
15-10-2025 00:00,Z3,22.33,80.84,0,78.46,21.41,2475,Low
15-10-2025 01:00,Z3,20.99,85.11,0,78.46,20.03,0,Low
15-10-2025 02:00,Z3,22.79,80.72,0,78.54,21.78,0,Low
15-10-2025 03:00,Z3,22.58,82.87,0,78.48,21.13,1893,Low
15-10-2025 04:00,Z3,23.17,78.05,0,78.32,21.88,0,Low
15-10-2025 05:00,Z3,24.67,77.51,0,78.45,23.05,1322,Low
15-10-2025 06:00,Z3,24.69,80.34,0,78.53,23.66,0,Low
15-10-2025 07:00,Z3,26.65,78.54,0,78.52,25.28,23010,Low
15-10-2025 08:00,Z3,28.83,73.4,0,78.78,27.1,41317,Low
15-10-2025 09:00,Z3,30.16,67.51,0,78.86,28.57,58076,Low
15-10-2025 10:00,Z3,29.95,74.09,0,78.75,28.44,70934,Low
15-10-2025 11:00,Z3,31.27,68.33,0,78.54,29.65,78773,Low
15-10-2025 12:00,Z3,30.15,74.53,0,78.15,28.59,82236,Low
15-10-2025 13:00,Z3,28.45,74.27,0.2,78.45,26.67,42985,Low
15-10-2025 14:00,Z3,29.55,75.23,0,78.64,28.46,69361,Low
15-10-2025 15:00,Z3,28.06,76.13,0,78.61,27.11,56241,Low
15-10-2025 16:00,Z3,28.64,73.82,0,78.78,27.85,42373,Low
15-10-2025 17:00,Z3,26.78,74.37,0,78.52,24.76,22929,Low
15-10-2025 18:00,Z3,26.32,74.47,0,78.75,25.25,0,Low
15-10-2025 19:00,Z3,24.09,83.17,0,78.79,23.03,0,Low
15-10-2025 20:00,Z3,23.83,77.83,0,78.51,22.51,0,Low
15-10-2025 21:00,Z3,22.12,83.36,0,78.11,20.87,595,Low
15-10-2025 22:00,Z3,21.06,85.09,0,77.93,19.43,56,Low
15-10-2025 23:00,Z3,21.22,84.96,0,77.68,20.3,1977,Low
16-10-2025 00:00,Z3,20.64,84.53,0,78.03,19.12,401,Low
16-10-2025 01:00,Z3,20.78,88.81,0,78.06,19.48,0,Low
16-10-2025 02:00,Z3,21.12,86.83,0,77.9,19.74,0,Low
16-10-2025 03:00,Z3,22.48,80.68,0,78.31,21.56,805,Low
16-10-2025 04:00,Z3,23.01,82.78,0,77.52,21.78,0,Low
16-10-2025 05:00,Z3,25.74,74.52,0,76.92,24.69,0,Low
16-10-2025 06:00,Z3,26.13,77.96,0,77.01,24.71,0,Low
16-10-2025 07:00,Z3,26.8,78.92,0,77.1,25.12,21793,Low
16-10-2025 08:00,Z3,27.96,74.05,0,76.97,26.14,42541,Low
16-10-2025 09:00,Z3,29.13,75.59,0,76.54,27.44,57088,Low
16-10-2025 10:00,Z3,29.6,74.88,0,76.4,28.2,68839,Low
16-10-2025 11:00,Z3,31.2,69.71,0,76.51,29.64,78842,Low
16-10-2025 12:00,Z3,30.46,72.49,0,76.63,29.41,79546,Low
16-10-2025 13:00,Z3,30.3,68.34,0,77.04,29.03,73908,Low
16-10-2025 14:00,Z3,30.37,72.72,0,77.23,28.61,69124,Low
16-10-2025 15:00,Z3,30.25,76.36,0,77.79,28.35,52750,Low
16-10-2025 16:00,Z3,27.24,77.68,0,77.44,26.17,40478,Low
16-10-2025 17:00,Z3,26.79,76.6,0,77.21,25.31,19746,Low
16-10-2025 18:00,Z3,26.16,78.23,0,76.92,24.18,0,Low
16-10-2025 19:00,Z3,25.29,79.3,0,77.47,23.36,1133,Low
16-10-2025 20:00,Z3,22.79,78.13,0,77.23,21.32,0,Low
16-10-2025 21:00,Z3,22.3,84.78,0,77.76,20.72,66,Low
16-10-2025 22:00,Z3,22.27,86.44,0,77.7,20.81,0,Low
16-10-2025 23:00,Z3,21.17,87.8,0,77.71,19.26,0,Low
17-10-2025 00:00,Z3,20.63,87.5,0,77.63,19.63,4117,Low
17-10-2025 01:00,Z3,20.61,84.81,0,77.3,19.13,1569,Low
17-10-2025 02:00,Z3,21.8,83.49,0,77.54,20.54,0,Low
17-10-2025 03:00,Z3,22.31,79.74,0,77.15,20.74,914,Low
17-10-2025 04:00,Z3,23.54,78.86,0,76.96,21.95,89,Low
17-10-2025 05:00,Z3,24.63,80.6,0,77.07,22.86,251,Low
17-10-2025 06:00,Z3,25.67,77.32,0,76.96,24.77,3926,Low
17-10-2025 07:00,Z3,26.63,77.89,0,76.49,24.57,19993,Low
17-10-2025 08:00,Z3,28.24,73.89,0,76.54,27.13,39363,Low
17-10-2025 09:00,Z3,28.96,74.97,0,76.6,27.64,58025,Low
17-10-2025 10:00,Z3,29.53,72.68,0,77.16,27.84,68344,Low
17-10-2025 11:00,Z3,29.91,74.51,0,77.77,28.79,76182,Low
17-10-2025 12:00,Z3,30.52,72.6,0,77.78,29.21,79430,Low
17-10-2025 13:00,Z3,29.7,75.23,1,78.72,28.22,36481,Low
17-10-2025 14:00,Z3,30.48,72.77,0,78.65,29.41,72900,Low
17-10-2025 15:00,Z3,30.21,73.73,0,79.3,28.75,59415,Low
17-10-2025 16:00,Z3,29.14,74.98,0,78.68,27.27,39313,Low
17-10-2025 17:00,Z3,26.84,79.59,0,78.24,25.58,22146,Low
17-10-2025 18:00,Z3,26.38,78.54,0,78.43,24.68,0,Low
17-10-2025 19:00,Z3,25.12,80.96,0,78.23,23.12,3751,Low
17-10-2025 20:00,Z3,23.01,80.55,0,78.52,21.26,2462,Low
17-10-2025 21:00,Z3,22.86,83.44,0,78.34,21.14,0,Low
17-10-2025 22:00,Z3,23.23,82.65,0,78.59,22.22,238,Low
17-10-2025 23:00,Z3,21.24,84.86,0,78.06,20.12,972,Low
18-10-2025 00:00,Z3,21.57,83.45,0,78.34,20.36,3936,Low
18-10-2025 01:00,Z3,21.71,82.69,0,78.09,20.67,0,Low
18-10-2025 02:00,Z3,21.91,82.01,0,78.38,20.36,1034,Low
18-10-2025 03:00,Z3,22.37,80.98,0,77.89,20.92,1126,Low
18-10-2025 04:00,Z3,22.67,81.87,0,78.02,20.87,0,Low
18-10-2025 05:00,Z3,24.46,83.1,0,77.45,23.01,0,Low
18-10-2025 06:00,Z3,25.53,78.91,0,77.61,24.46,2400,Low
18-10-2025 07:00,Z3,27.44,76.17,0,77.62,25.3,21659,Low
18-10-2025 08:00,Z3,27.61,72.55,0,77.96,26.01,41497,Low
18-10-2025 09:00,Z3,28.4,76.15,0,78.1,26.79,56460,Low
18-10-2025 10:00,Z3,30.06,73.78,0,78.26,28.72,70002,Low
18-10-2025 11:00,Z3,31.53,72.62,0,77.92,30.27,77177,Low
18-10-2025 12:00,Z3,30.52,72.19,0,78.19,28.76,82167,Low
18-10-2025 13:00,Z3,31.2,73.39,0,78.22,28.8,78945,Low
18-10-2025 14:00,Z3,29.25,74.03,0,78.3,27.46,67302,Low
18-10-2025 15:00,Z3,28.7,71.64,0,78.16,27.16,56309,Low
18-10-2025 16:00,Z3,27.5,75.78,0,78.21,26.66,39606,Low
18-10-2025 17:00,Z3,26.82,75.76,0,78.32,25.27,16975,Low
18-10-2025 18:00,Z3,25.65,78.37,0,78.14,24.6,0,Low
18-10-2025 19:00,Z3,23.74,82.09,0,78.42,22.46,1174,Low
18-10-2025 20:00,Z3,22.88,82.34,0,78.37,21.39,0,Low
18-10-2025 21:00,Z3,23.23,82.86,0,78.33,21.95,0,Low
18-10-2025 22:00,Z3,21.91,82.13,0,77.89,20.82,0,Low
18-10-2025 23:00,Z3,21.27,87.08,0,78.09,20.13,0,Low
19-10-2025 00:00,Z3,21.12,85.74,0,78.15,18.78,0,Low
19-10-2025 01:00,Z3,22.01,81.86,0,78.13,20.45,167,Low
19-10-2025 02:00,Z3,21.86,83.61,0,78.17,20.03,0,Low
19-10-2025 03:00,Z3,21.64,82.59,0,77.65,19.95,3306,Low
19-10-2025 04:00,Z3,22.34,86.09,0,77.24,21.3,150,Low
19-10-2025 05:00,Z3,25.54,75.68,0,76.84,24.06,3233,Low
19-10-2025 06:00,Z3,25.91,76.53,0,77.07,24.2,0,Low
19-10-2025 07:00,Z3,27.65,76.15,0,76.81,26.43,21063,Low
19-10-2025 08:00,Z3,28.71,75.21,0,76.93,27.37,41129,Low
19-10-2025 09:00,Z3,29.36,71.19,0,77.18,28.07,56883,Low
19-10-2025 10:00,Z3,29.85,71.66,0,77.09,27.65,68211,Low
19-10-2025 11:00,Z3,30.49,71.76,0,77.27,29.01,76659,Low
19-10-2025 12:00,Z3,30.21,70.3,0,77.65,28.61,82080,Low
19-10-2025 13:00,Z3,30.08,70.96,0,77.99,28.35,79360,Low
19-10-2025 14:00,Z3,29.16,75.28,0,78.21,27.66,67796,Low
19-10-2025 15:00,Z3,29.09,73.7,0,78.02,27.62,59563,Low
19-10-2025 16:00,Z3,26.39,78.32,0,77.85,24.74,42717,Low
19-10-2025 17:00,Z3,27.3,76.55,0,77.82,25.78,19924,Low
19-10-2025 18:00,Z3,25.41,80.89,0,78.27,24.27,0,Low
19-10-2025 19:00,Z3,25.32,77.6,0,78.48,24.01,0,Low
19-10-2025 20:00,Z3,22.89,80.54,0,78.48,20.98,0,Low
19-10-2025 21:00,Z3,23.2,79.04,0,78.41,22.35,0,Low
19-10-2025 22:00,Z3,20.59,85.06,0,78.73,19.62,0,Low
19-10-2025 23:00,Z3,20.82,87.17,0,78.8,19.8,2262,Low
20-10-2025 00:00,Z3,20.68,85.51,0,78.77,18.91,0,Low
20-10-2025 01:00,Z3,21.83,87.92,0,78.88,20.24,401,Low
20-10-2025 02:00,Z3,22.13,84.77,0.2,78.65,20.35,0,Low
20-10-2025 03:00,Z3,23.52,79.9,0,78.3,22.49,0,Low
20-10-2025 04:00,Z3,23.57,81.66,0,78.25,22.05,1075,Low
20-10-2025 05:00,Z3,24.71,77.3,0,78.41,22.98,1512,Low
20-10-2025 06:00,Z3,25,80.88,0,78.44,23.4,57,Low
20-10-2025 07:00,Z3,26.96,73.21,0,78.02,25.92,22082,Low
20-10-2025 08:00,Z3,28.77,69.31,0,77.99,27.22,40881,Low
20-10-2025 09:00,Z3,29.42,71.95,0,77.68,28.26,58062,Low
20-10-2025 10:00,Z3,30.65,70.41,0,77.83,28.94,68475,Low
20-10-2025 11:00,Z3,30.01,72.96,0,77.72,28.44,70872,Low
20-10-2025 12:00,Z3,29.91,76.71,0,77.86,28.74,81479,Low
20-10-2025 13:00,Z3,29.49,75.06,0,77.79,27.76,75402,Low
20-10-2025 14:00,Z3,30.11,74.31,0,77.57,28.3,70424,Low
20-10-2025 15:00,Z3,28.52,76.81,0,77.41,26.56,57092,Low
20-10-2025 16:00,Z3,29.11,70.15,0,77.2,27.74,37246,Low
20-10-2025 17:00,Z3,26.55,77.79,0,77.19,25.21,20608,Low
20-10-2025 18:00,Z3,24.75,75.09,0,77.28,24.32,0,Low
20-10-2025 19:00,Z3,24.47,80.37,0,77.26,23.46,0,Low
20-10-2025 20:00,Z3,24.5,77.77,0,77.22,22.71,0,Low
20-10-2025 21:00,Z3,23.14,79.49,0,77.42,21.39,0,Low
20-10-2025 22:00,Z3,22.29,82.05,0,77.58,21.04,0,Low
20-10-2025 23:00,Z3,21.86,87.26,0,77.49,20.52,839,Low
21-10-2025 00:00,Z3,21.95,81.23,0,77.58,20.63,126,Low
21-10-2025 01:00,Z3,21.06,84.44,0,78.01,19.75,1264,Low
21-10-2025 02:00,Z3,22.7,81.95,0,77.93,21.32,0,Low
21-10-2025 03:00,Z3,23.49,81.23,0,78.01,21.4,0,Low
21-10-2025 04:00,Z3,23.08,85.52,0,78,22.08,271,Low
21-10-2025 05:00,Z3,25.14,81.38,0,78.34,23.63,0,Low
21-10-2025 06:00,Z3,26.11,76.64,0,77.5,24.87,0,Low
21-10-2025 07:00,Z3,27.65,78.13,0,77.88,26.07,19256,Low
21-10-2025 08:00,Z3,27.72,75.08,0,77.45,26.59,40926,Low
21-10-2025 09:00,Z3,29.31,72.74,0,77.78,28.08,53288,Low
21-10-2025 10:00,Z3,30.27,70.11,0,77.68,29.74,67986,Low
21-10-2025 11:00,Z3,29.87,75.98,0,77.49,28.2,77727,Low
21-10-2025 12:00,Z3,30,71.39,0,77.11,28.87,80959,Low
21-10-2025 13:00,Z3,29.7,74.41,0,77.13,28.47,79346,Low
21-10-2025 14:00,Z3,29.83,73.15,0,76.69,28.27,67934,Low
21-10-2025 15:00,Z3,29.75,71.29,0,76.48,27.91,55992,Low
21-10-2025 16:00,Z3,27.44,75.15,0,76.47,25.8,42649,Low
21-10-2025 17:00,Z3,27.25,76.62,0,76.35,25.75,20724,Low
21-10-2025 18:00,Z3,26.05,77.8,0,76.1,24.45,1261,Low
21-10-2025 19:00,Z3,25.78,78.72,0,76.3,24.72,0,Low
21-10-2025 20:00,Z3,22.73,84.23,0,76.43,21.41,0,Low
21-10-2025 21:00,Z3,21.83,84.84,0,76.55,21.02,0,Low
21-10-2025 22:00,Z3,22.61,83.57,0,76.67,20.36,0,Low
21-10-2025 23:00,Z3,22.2,84.99,0,76.9,21.33,0,Low
22-10-2025 00:00,Z3,22.11,83.34,0,76.89,20.72,1628,Low
22-10-2025 01:00,Z3,21.44,81.35,0,77.03,20.78,0,Low
22-10-2025 02:00,Z3,21.26,86.23,0,76.7,20.05,2584,Low
22-10-2025 03:00,Z3,21.99,82.55,0,77.09,20.9,1025,Low
22-10-2025 04:00,Z3,23.13,84.06,0.5,77.56,21.65,1726,Low
22-10-2025 05:00,Z3,24.91,78.62,0,76.91,23.97,4103,Low
22-10-2025 06:00,Z3,24.78,80.58,0,76.93,23.94,0,Low
22-10-2025 07:00,Z3,27.83,73.12,0,77.09,25.39,19099,Low
22-10-2025 08:00,Z3,29.54,73.06,0,76.89,27.98,40767,Low
22-10-2025 09:00,Z3,27.49,74.69,0,76.87,26.3,58721,Low
22-10-2025 10:00,Z3,30.74,73.87,0,77.34,28.82,70013,Low
22-10-2025 11:00,Z3,29.14,71.02,0,77.56,27.51,76286,Low
22-10-2025 12:00,Z3,31.77,69.96,0,78.16,29.98,79826,Low
22-10-2025 13:00,Z3,29.51,70.05,0,77.76,27.58,77080,Low
22-10-2025 14:00,Z3,30.64,68.84,0,78.2,29.12,67277,Low
22-10-2025 15:00,Z3,29.41,73.01,0,77.53,27.81,57716,Low
22-10-2025 16:00,Z3,29.26,70.94,0,77.59,27.32,40744,Low
22-10-2025 17:00,Z3,27.51,76.87,0,77.2,26.27,23037,Low
22-10-2025 18:00,Z3,25.51,78.07,0,76.81,24.04,0,Low
22-10-2025 19:00,Z3,24.61,80.63,0,76.58,22.7,0,Low
22-10-2025 20:00,Z3,23.29,81.5,0,76.12,21.99,0,Low
22-10-2025 21:00,Z3,21.77,82.29,0,76.35,20.16,0,Low
22-10-2025 22:00,Z3,21.36,81.3,0,76.18,19.27,1882,Low
22-10-2025 23:00,Z3,22.05,82.4,0,76.35,20.53,0,Low
23-10-2025 00:00,Z3,19.79,83.29,0,75.9,17.61,0,Low
23-10-2025 01:00,Z3,21.63,82.13,0,76.4,19.97,0,Low
23-10-2025 02:00,Z3,21.7,84.57,0,76.93,20.53,0,Low
23-10-2025 03:00,Z3,22.65,84.81,0,76.45,22.03,1026,Low
23-10-2025 04:00,Z3,23.32,82.67,0,76.62,22.11,0,Low
23-10-2025 05:00,Z3,25.48,76.98,0,76.48,23.66,0,Low
23-10-2025 06:00,Z3,26.09,78.5,0,76.06,23.6,0,Low
23-10-2025 07:00,Z3,27.59,76.49,0,75.65,26.54,21523,Low
23-10-2025 08:00,Z3,27.93,76.74,0,75.36,26.6,38068,Low
23-10-2025 09:00,Z3,29.34,71.06,0,74.67,28.17,58696,Low
23-10-2025 10:00,Z3,29.05,76.14,0,74.68,27.26,68532,Low
23-10-2025 11:00,Z3,30.6,74.68,0,74.72,30.15,78678,Low
23-10-2025 12:00,Z3,30.26,72.8,0,74.27,29.4,79948,Low
23-10-2025 13:00,Z3,31.14,68.51,0,73.74,29.99,75696,Low
23-10-2025 14:00,Z3,29.48,76.14,0,73.56,27.99,65884,Low
23-10-2025 15:00,Z3,28.68,75.65,0,74.14,27.16,56029,Low
23-10-2025 16:00,Z3,28.56,74.27,0,73.88,26.91,38420,Low
23-10-2025 17:00,Z3,27.63,73.64,0,73.77,25.84,22142,Low
23-10-2025 18:00,Z3,26.25,78.72,0,73.55,24.84,100,Low
23-10-2025 19:00,Z3,25.07,81.1,0,74.11,23.61,2212,Low
23-10-2025 20:00,Z3,23.8,81.93,0,73.95,22.24,0,Low
23-10-2025 21:00,Z3,22.51,83.9,0,73.78,21.2,0,Low
23-10-2025 22:00,Z3,22.23,83.07,0,73.78,20.53,0,Low
23-10-2025 23:00,Z3,21.12,85.29,0,72.97,19.74,0,Low
24-10-2025 00:00,Z3,20.98,85.89,0,73.06,19.5,0,Low
24-10-2025 01:00,Z3,22.01,83.01,0,72.75,20.33,0,Low
24-10-2025 02:00,Z3,22.64,77.38,0,72.69,21.66,1845,Low
24-10-2025 03:00,Z3,23.12,82.45,0,72.91,21.85,446,Low
24-10-2025 04:00,Z3,23.49,81.11,0,72.3,22.58,2673,Low
24-10-2025 05:00,Z3,24.63,77.03,0,72.43,22.81,199,Low
24-10-2025 06:00,Z3,25.14,75.83,0,72.02,24.15,1178,Low
24-10-2025 07:00,Z3,28.04,73.54,0,71.92,26.59,20879,Low
24-10-2025 08:00,Z3,27.68,76.87,0,72.5,25.46,38456,Low
24-10-2025 09:00,Z3,29.27,73.03,0,72.57,28.06,57138,Low
24-10-2025 10:00,Z3,29.39,75.16,0,72.65,28.21,71640,Low
24-10-2025 11:00,Z3,30.1,74.95,0,72.58,29.19,78739,Low
24-10-2025 12:00,Z3,29.93,71.39,0,72.89,28.7,76242,Low
24-10-2025 13:00,Z3,29.91,72.12,0,73.25,29.47,75634,Low
24-10-2025 14:00,Z3,29.92,75.48,0,72.95,28.28,68809,Low
24-10-2025 15:00,Z3,28.36,73.36,0,72.93,26.93,54674,Low
24-10-2025 16:00,Z3,28.19,72.75,0,73.12,26.39,35754,Low
24-10-2025 17:00,Z3,27.52,77.82,0,73.17,25.22,21518,Low
24-10-2025 18:00,Z3,25.46,78.39,0,73.3,24,0,Low
24-10-2025 19:00,Z3,24.45,82.35,0,73.72,22.77,634,Low
24-10-2025 20:00,Z3,24.16,82.33,0,74.41,22.94,0,Low
24-10-2025 21:00,Z3,23.65,80.48,0,74.45,21.95,0,Low
24-10-2025 22:00,Z3,21.64,83.49,0,74.54,20.53,2387,Low
24-10-2025 23:00,Z3,21.7,84.62,0,74.87,20.8,1852,Low
25-10-2025 00:00,Z3,20.87,81.78,0,74.51,19.86,0,Low
25-10-2025 01:00,Z3,21.46,83.87,0,74.29,19.92,0,Low
25-10-2025 02:00,Z3,21.93,81.32,0,74.48,20.59,0,Low
25-10-2025 03:00,Z3,22.4,85,0,74.74,21.21,0,Low
25-10-2025 04:00,Z3,22.97,83.42,0,74.28,21.36,1630,Low
25-10-2025 05:00,Z3,25.22,78.7,0,74.47,23.35,0,Low
25-10-2025 06:00,Z3,25.7,78.48,0,74.14,24.67,3625,Low
25-10-2025 07:00,Z3,27.77,76.42,0,73.84,26.14,20014,Low
25-10-2025 08:00,Z3,28.31,72.33,0,73.8,27.11,40354,Low
25-10-2025 09:00,Z3,29.24,73.2,0,73.33,27.31,59329,Low
25-10-2025 10:00,Z3,29.56,71.85,0,73.05,27.83,70303,Low
25-10-2025 11:00,Z3,29.7,72.81,0,72.8,27.6,76180,Low
25-10-2025 12:00,Z3,29.3,84.45,10,86.46,27.74,39582,Low
25-10-2025 13:00,Z3,29.95,72.83,0,86.7,28.19,79448,Low
25-10-2025 14:00,Z3,28.39,73.03,0,86.65,27.47,67072,Low
25-10-2025 15:00,Z3,28.97,70.93,0,86.24,27.15,55596,Low
25-10-2025 16:00,Z3,28.26,72.82,0,86.33,26.98,40906,Low
25-10-2025 17:00,Z3,27.52,76.07,0,85.91,25.94,19746,Low
25-10-2025 18:00,Z3,26.79,79.23,0,85.84,24.8,0,Low
25-10-2025 19:00,Z3,25.21,77.31,0,85.22,24.07,0,Low
25-10-2025 20:00,Z3,24.46,78.19,0,85.53,23.14,0,Low
25-10-2025 21:00,Z3,22.46,79.43,0,85.69,21.96,0,Low
25-10-2025 22:00,Z3,22.16,80.09,0,85.34,20.88,0,Low
25-10-2025 23:00,Z3,21.7,85.04,0.5,86.13,21.06,0,Low
26-10-2025 00:00,Z3,20.75,85.05,0,86.04,19.28,151,Low
26-10-2025 01:00,Z3,21.18,83.42,0,85.67,19.3,928,Low
26-10-2025 02:00,Z3,20.93,84.65,0,85.28,19.07,0,Low
26-10-2025 03:00,Z3,22.66,83.23,0,85.04,21.5,0,Low
26-10-2025 04:00,Z3,23.27,79.19,0,85.25,21.63,0,Low
26-10-2025 05:00,Z3,25.27,77.52,0,84.95,24.58,539,Low
26-10-2025 06:00,Z3,26.42,75.67,0,84.86,25.34,0,Low
26-10-2025 07:00,Z3,26.75,76.45,0,84.47,25.54,22938,Low
26-10-2025 08:00,Z3,27.85,73.43,0,84.57,26.2,40164,Low
26-10-2025 09:00,Z3,30.1,72.02,0,83.74,28.19,51240,Low
26-10-2025 10:00,Z3,29.66,72.71,0,83.66,28.15,70285,Low
26-10-2025 11:00,Z3,30.5,72.9,0,84.06,29.05,78008,Low
26-10-2025 12:00,Z3,29.91,68.91,0,83.41,28.47,80745,Low
26-10-2025 13:00,Z3,30.01,72.46,0,83.46,28.05,73982,Low
26-10-2025 14:00,Z3,29.95,68.93,0,83.46,28.93,67445,Low
26-10-2025 15:00,Z3,28.98,72.93,0,83.42,26.85,53766,Low
26-10-2025 16:00,Z3,27.82,75.43,0,83.23,26.65,42894,Low
26-10-2025 17:00,Z3,27.68,75.72,0,83.47,25.79,21172,Low
26-10-2025 18:00,Z3,26.66,74.87,0,83.39,24.72,4498,Low
26-10-2025 19:00,Z3,24.97,80.49,0,83.62,23.65,1724,Low
26-10-2025 20:00,Z3,23.59,78.08,0,83.5,21.6,0,Low
26-10-2025 21:00,Z3,23.09,81.98,0,83.53,21.99,0,Low
26-10-2025 22:00,Z3,21.87,83.11,0,83.45,20.51,2055,Low
26-10-2025 23:00,Z3,21.18,86.58,0,83.69,19.66,0,Low
27-10-2025 00:00,Z3,21.09,84.63,0,83.64,18.79,0,Low
27-10-2025 01:00,Z3,21.6,87.19,0,83.48,20.6,1175,Low
27-10-2025 02:00,Z3,23.05,84.84,0,82.99,21.88,1315,Low
27-10-2025 03:00,Z3,22.39,84.85,0,82.73,20.49,0,Low
27-10-2025 04:00,Z3,23.1,83.58,0,82.43,22.4,0,Low
27-10-2025 05:00,Z3,24.64,79.16,0,82.01,23.46,1077,Low
27-10-2025 06:00,Z3,25.48,79.78,0,82.27,23.55,0,Low
27-10-2025 07:00,Z3,28.34,72.81,0,82.36,25.72,20248,Low
27-10-2025 08:00,Z3,28.61,73.24,0,82.54,27.08,39664,Low
27-10-2025 09:00,Z3,29.67,75.2,0,82.66,28.38,53567,Low
27-10-2025 10:00,Z3,29.57,75.33,0,82.68,27.41,68545,Low
27-10-2025 11:00,Z3,29.92,72,0,82.35,28.46,76721,Low
27-10-2025 12:00,Z3,31.14,67.96,0,81.76,30.15,76553,Low
27-10-2025 13:00,Z3,30.17,69.04,0,81.55,28.27,79614,Low
27-10-2025 14:00,Z3,29.72,71.88,0,81.43,28.69,70421,Low
27-10-2025 15:00,Z3,29.96,72.82,0,81.56,28.64,55596,Low
27-10-2025 16:00,Z3,27.85,73.08,0,81.55,26.81,39868,Low
27-10-2025 17:00,Z3,27.73,76.05,0,81.83,25.83,20667,Low
27-10-2025 18:00,Z3,26.41,78.33,0,82.14,24.73,3185,Low
27-10-2025 19:00,Z3,25.3,80.42,0,82.74,23.99,0,Low
27-10-2025 20:00,Z3,22.94,81.24,0,82.65,20.76,1621,Low
27-10-2025 21:00,Z3,22.58,83.66,0,82.94,21.13,0,Low
27-10-2025 22:00,Z3,21.77,79.09,0,82.86,20.93,2012,Low
27-10-2025 23:00,Z3,21.24,85.66,0,83.21,19.31,0,Low
28-10-2025 00:00,Z3,21.54,82.07,0,83.21,19.99,1737,Low
28-10-2025 01:00,Z3,20.26,85.37,0,83.16,18.59,2963,Low
28-10-2025 02:00,Z3,22.02,82.61,0,83.04,20.12,109,Low
28-10-2025 03:00,Z3,22.57,85.34,0,82.62,21.19,0,Low
28-10-2025 04:00,Z3,24.27,79,0,82.92,22.67,916,Low
28-10-2025 05:00,Z3,24.27,78.89,0,83.09,22.68,0,Low
28-10-2025 06:00,Z3,24.75,79.79,0,82.68,23.33,0,Low
28-10-2025 07:00,Z3,26.43,80.85,0,82.47,24.07,24603,Low
28-10-2025 08:00,Z3,27.88,76.13,0,82.45,26.14,37226,Low
28-10-2025 09:00,Z3,28.35,75.5,0,82.11,26.73,60401,Low
28-10-2025 10:00,Z3,29.36,72.82,0,81.97,27.43,70956,Low
28-10-2025 11:00,Z3,30.21,73.72,0,82.36,28.57,78803,Low
28-10-2025 12:00,Z3,30.38,72.3,0,82.77,28.7,80797,Low
28-10-2025 13:00,Z3,30.8,72.03,0,83.08,28.95,83185,Low
28-10-2025 14:00,Z3,29.31,72.57,0,82.62,28.25,66282,Low
28-10-2025 15:00,Z3,30.18,69.67,0,82.53,29.3,54137,Low
28-10-2025 16:00,Z3,27.63,76.28,0,82.37,26.41,40851,Low
28-10-2025 17:00,Z3,26.43,80.17,0,82.6,25.09,17709,Low
28-10-2025 18:00,Z3,26.88,78.25,0,82.51,25.2,0,Low
28-10-2025 19:00,Z3,24.21,79.61,0,82.93,22.76,0,Low
28-10-2025 20:00,Z3,24.15,84.04,0.2,83.71,22.69,0,Low
28-10-2025 21:00,Z3,23.98,82.83,0,83.37,22.04,24,Low
28-10-2025 22:00,Z3,22.6,81.45,0,83.19,20.81,0,Low
28-10-2025 23:00,Z3,20.76,84.43,0,83.2,18.87,1615,Low
29-10-2025 00:00,Z3,21.1,86.48,0,82.82,19.54,0,Low
29-10-2025 01:00,Z3,21.63,84.08,0,83.43,19.87,452,Low
29-10-2025 02:00,Z3,21.83,82.2,0,83.27,20.89,0,Low
29-10-2025 03:00,Z3,22.36,81.12,0,82.71,20.58,0,Low
29-10-2025 04:00,Z3,23.46,84.14,0,82.89,22.17,19,Low
29-10-2025 05:00,Z3,24.71,77.37,0,82.8,22.38,3570,Low
29-10-2025 06:00,Z3,26.77,78.37,0,82.78,25.41,2234,Low
29-10-2025 07:00,Z3,27.25,75.23,0,82.64,25.17,19680,Low
29-10-2025 08:00,Z3,28.58,74.79,0,81.97,27.01,38346,Low
29-10-2025 09:00,Z3,28.5,73.65,0,82.16,27.07,56400,Low
29-10-2025 10:00,Z3,28.91,71.63,0,82.03,27.04,69856,Low
29-10-2025 11:00,Z3,30.44,70.24,0,81.95,28.76,75412,Low
29-10-2025 12:00,Z3,30.18,73.28,0,81.93,28.92,83373,Low
29-10-2025 13:00,Z3,30.95,73.32,0,82.15,29.62,76871,Low
29-10-2025 14:00,Z3,30.16,73.77,0,82.55,28.55,70780,Low
29-10-2025 15:00,Z3,28.07,74.54,0,83.11,26.41,57018,Low
29-10-2025 16:00,Z3,26.74,77.37,0,83.01,24.55,41977,Low
29-10-2025 17:00,Z3,26.81,75.03,0,83.09,25.81,22289,Low
29-10-2025 18:00,Z3,25.63,79.19,0,82.83,23.79,0,Low
29-10-2025 19:00,Z3,25.34,76.19,0,82.55,24.05,1013,Low
29-10-2025 20:00,Z3,24,82.81,0,83.07,22.22,1042,Low
29-10-2025 21:00,Z3,23.02,85.23,0,83.47,21.63,0,Low
29-10-2025 22:00,Z3,22.73,80.31,0,83.41,22.03,0,Low
29-10-2025 23:00,Z3,21.98,85.91,0,83.27,20.12,101,Low
30-10-2025 00:00,Z3,21.81,83.64,0,83.24,19.99,868,Low
30-10-2025 01:00,Z3,22.36,84.35,0,83.35,20.91,0,Low
30-10-2025 02:00,Z3,22.09,86.76,0,83.55,20.5,0,Low
30-10-2025 03:00,Z3,22.35,79.23,0,83.39,21.03,0,Low
30-10-2025 04:00,Z3,22.52,87.86,1,84.43,21.6,0,Low
30-10-2025 05:00,Z3,24.34,78.81,0,84.25,23.22,0,Low
30-10-2025 06:00,Z3,26.13,78.09,0,84.38,25.04,0,Low
30-10-2025 07:00,Z3,25.65,81.7,0,84.41,23.79,19814,Low
30-10-2025 08:00,Z3,27.3,74.29,0,84.11,26.28,39298,Low
30-10-2025 09:00,Z3,28.73,74.37,0,83.61,28.05,58277,Low
30-10-2025 10:00,Z3,29.35,73.01,0,83.04,28.25,69941,Low
30-10-2025 11:00,Z3,29.51,70.39,0,82.59,28.47,79893,Low
30-10-2025 12:00,Z3,29.93,69.98,0,82.81,28.11,78319,Low
30-10-2025 13:00,Z3,29.88,76.34,0,82.07,28.56,79265,Low
30-10-2025 14:00,Z3,29.23,71.72,0,81.8,28.24,68819,Low
30-10-2025 15:00,Z3,28.73,70.74,0,81.67,27.32,57783,Low
30-10-2025 16:00,Z3,28.19,72.57,0,81.95,26.36,40624,Low
30-10-2025 17:00,Z3,26.45,79.67,0,82.12,24.77,20893,Low
30-10-2025 18:00,Z3,26.42,78.02,0,81.72,25.49,0,Low
30-10-2025 19:00,Z3,23.8,78.69,0,81.89,21.85,3956,Low
30-10-2025 20:00,Z3,23.69,81.15,0,82.07,22.29,1075,Low
30-10-2025 21:00,Z3,23.8,80.2,0,82.19,22.18,38,Low
30-10-2025 22:00,Z3,22.05,83.95,0,82.52,20.95,2279,Low
30-10-2025 23:00,Z3,21.7,86.04,0,82.01,20.06,0,Low
31-10-2025 00:00,Z3,21.09,86.49,0,82.25,18.71,0,Low
31-10-2025 01:00,Z3,20.98,86.23,1,83.2,19.59,953,Low
31-10-2025 02:00,Z3,22.67,79.88,0,83.21,21.5,3169,Low
31-10-2025 03:00,Z3,22.08,86.49,0,82.86,21.15,0,Low
31-10-2025 04:00,Z3,23.91,80.69,0,82.83,22.2,1949,Low
31-10-2025 05:00,Z3,25.25,80.03,0,83.21,23.42,1821,Low
31-10-2025 06:00,Z3,25.53,80.15,0,83.2,23.65,0,Low
31-10-2025 07:00,Z3,27.5,75.15,0,83.07,25.73,18529,Low
31-10-2025 08:00,Z3,27.54,75.39,0,82.79,25.32,41001,Low
31-10-2025 09:00,Z3,27.68,77.32,0,82.68,26.25,56546,Low
31-10-2025 10:00,Z3,30.03,72.82,0,82.89,28.13,68756,Low
31-10-2025 11:00,Z3,30.8,73.48,0.5,84.08,29.22,37894,Low
31-10-2025 12:00,Z3,31.07,71.91,0,83.48,28.87,83313,Low
31-10-2025 13:00,Z3,30.26,75.16,0,83.31,28.52,77673,Low
31-10-2025 14:00,Z3,30.64,71.01,0,83.13,29.4,67353,Low
31-10-2025 15:00,Z3,29.71,75.33,0,82.9,29.03,57352,Low
31-10-2025 16:00,Z3,27.69,78.26,0,82.83,26,37243,Low
31-10-2025 17:00,Z3,26.19,77.17,0,82.6,24.73,17849,Low
31-10-2025 18:00,Z3,25.92,77.81,0,82.33,24.09,0,Low
31-10-2025 19:00,Z3,24.06,85.03,0,82.2,22.9,3317,Low
31-10-2025 20:00,Z3,24.27,80.77,0,82.29,23.03,0,Low
31-10-2025 21:00,Z3,22.51,77.02,0,82.36,20.79,0,Low
31-10-2025 22:00,Z3,22.49,82.59,0,82.07,21.53,0,Low
31-10-2025 23:00,Z3,20.66,86.69,0,81.87,18.7,0,Low
01-08-2025 00:00,Z4,24.98,75.15,0,49.79,23.52,2632,Medium
01-08-2025 01:00,Z4,23.49,80.32,0,49.89,20.98,0,Medium
01-08-2025 02:00,Z4,25.02,73.72,0,49.74,22.64,784,Medium
01-08-2025 03:00,Z4,25.58,75,0,49.54,24.84,3007,Medium
01-08-2025 04:00,Z4,26.69,75.25,0,49.39,25.5,1480,Medium
01-08-2025 05:00,Z4,27.32,72,0,49.23,25.4,325,Medium
01-08-2025 06:00,Z4,27.48,79.72,2,51.35,25.81,0,Low
01-08-2025 07:00,Z4,29.16,72.88,0,51.02,27.81,14400,Low
01-08-2025 08:00,Z4,30.67,69.21,0,50.66,28.67,26165,Low
01-08-2025 09:00,Z4,31.37,84.64,10,62.77,29.67,19867,Low
01-08-2025 10:00,Z4,32.51,66.92,0,63.2,30.72,51190,Low
01-08-2025 11:00,Z4,32.07,64.68,0,63.14,30.34,52969,Low
01-08-2025 12:00,Z4,33.11,68.21,0,62.97,31.75,58903,Low
01-08-2025 13:00,Z4,33.48,70.89,0,63,31.85,51864,Low
01-08-2025 14:00,Z4,32.71,62.96,0,62.72,31.26,45623,Low
01-08-2025 15:00,Z4,30.68,66.75,0,62.97,29.28,35360,Low
01-08-2025 16:00,Z4,29.69,69.21,0,62.84,28.29,29214,Low
01-08-2025 17:00,Z4,29.29,72.59,0,63.16,27.97,13144,Low
01-08-2025 18:00,Z4,29.92,72.23,0,63.16,28.43,140,Low
01-08-2025 19:00,Z4,27.18,71.95,0,63.36,26.19,1449,Low
01-08-2025 20:00,Z4,27.12,71.8,0,62.89,25.72,0,Low
01-08-2025 21:00,Z4,25.12,74.34,0,62.65,22.95,1544,Low
01-08-2025 22:00,Z4,24.21,76.57,0,62.47,23.21,1931,Low
01-08-2025 23:00,Z4,24.6,77.49,0,62.58,23.29,0,Low
02-08-2025 00:00,Z4,24.3,80.63,0,62.53,22.13,0,Low
02-08-2025 01:00,Z4,22.85,80.4,0,62.43,20.95,0,Low
02-08-2025 02:00,Z4,25.18,72.88,0,61.71,23.64,0,Low
02-08-2025 03:00,Z4,25.13,80.19,1,63.17,23.49,206,Low
02-08-2025 04:00,Z4,25.91,73.87,0,62.95,23.86,2348,Low
02-08-2025 05:00,Z4,27.77,89.86,5,70.42,26.68,0,Low
02-08-2025 06:00,Z4,29.14,68.41,0,70.58,27.6,52,Low
02-08-2025 07:00,Z4,28.81,71.18,0,70.9,26.86,15532,Low
02-08-2025 08:00,Z4,30.52,70.4,0,71.2,29.49,26069,Low
02-08-2025 09:00,Z4,31.83,70.54,1,72.28,30.13,19430,Low
02-08-2025 10:00,Z4,33.09,64.85,0,71.79,32.31,48048,Low
02-08-2025 11:00,Z4,33.74,64.73,0,71.69,31.93,53661,Low
02-08-2025 12:00,Z4,32.74,66.44,0,71.59,30.95,56792,Low
02-08-2025 13:00,Z4,32.89,80.79,5,78.61,31.97,25827,Low
02-08-2025 14:00,Z4,32.61,67.71,0,78.46,30.74,46748,Low
02-08-2025 15:00,Z4,31.86,67.07,0,78.68,30.6,36549,Low
02-08-2025 16:00,Z4,30.82,66.99,0,78.52,28.86,28954,Low
02-08-2025 17:00,Z4,29.48,69.37,0,78.22,28.09,12113,Low
02-08-2025 18:00,Z4,28.14,70.56,0,78.73,26.8,1282,Low
02-08-2025 19:00,Z4,26.04,74.05,0,78.67,24.29,0,Low
02-08-2025 20:00,Z4,26.91,74.51,0,78.4,25.79,170,Low
02-08-2025 21:00,Z4,24.32,79.44,0,78.17,22.96,682,Low
02-08-2025 22:00,Z4,24.9,77.68,0,78.32,22.79,376,Low
02-08-2025 23:00,Z4,24.25,79.79,0,78.03,22.69,847,Low
03-08-2025 00:00,Z4,24.73,78.6,0,78.19,22.5,0,Low
03-08-2025 01:00,Z4,25.38,78.47,0,78.28,24.2,0,Low
03-08-2025 02:00,Z4,24.43,79.17,0.2,78.63,22.43,0,Low
03-08-2025 03:00,Z4,24.98,82.02,0.2,79.01,22.33,0,Low
03-08-2025 04:00,Z4,25.95,73.31,0,79.14,25.02,0,Low
03-08-2025 05:00,Z4,26.64,73.64,0,79.5,25.37,1263,Low
03-08-2025 06:00,Z4,29.95,69.33,0,79.26,28.57,4932,Low
03-08-2025 07:00,Z4,30.59,72.14,0,79.27,29.71,17105,Low
03-08-2025 08:00,Z4,30.55,70.73,0,79.49,28.66,26996,Low
03-08-2025 09:00,Z4,30.5,71.24,0,79.29,29.16,38122,Low
03-08-2025 10:00,Z4,31.99,67.5,0,79.21,30.16,49516,Low
03-08-2025 11:00,Z4,33.95,63.61,0,78.91,32.02,53827,Low
03-08-2025 12:00,Z4,33.59,82.5,10,90,31.92,29156,Low
03-08-2025 13:00,Z4,33.14,68.49,0,89.67,31.17,58750,Low
03-08-2025 14:00,Z4,32.64,67.45,0,89.11,31.49,48282,Low
03-08-2025 15:00,Z4,30.55,75.68,2,90,29.46,19173,Low
03-08-2025 16:00,Z4,30.56,68.29,0,89.89,29.37,27528,Low
03-08-2025 17:00,Z4,30.36,70.11,0,90,28.89,14373,Low
03-08-2025 18:00,Z4,28.75,70.96,0,90,27.44,1821,Low
03-08-2025 19:00,Z4,27.57,77.1,0.5,90,26.29,0,Low
03-08-2025 20:00,Z4,27.91,79.09,2,90,25.98,0,Low
03-08-2025 21:00,Z4,25.66,76.36,0,90,23.39,1624,Low
03-08-2025 22:00,Z4,25.05,79.9,0,89.85,23.84,0,Low
03-08-2025 23:00,Z4,24.02,81.1,0.2,90,21.78,2975,Low
04-08-2025 00:00,Z4,24.19,81.31,0,89.95,22.28,847,Low
04-08-2025 01:00,Z4,24.59,77.46,0,90,22.97,0,Low
04-08-2025 02:00,Z4,24.97,78.45,0,90,23.73,0,Low
04-08-2025 03:00,Z4,25.5,76.84,0,90,24.13,1377,Low
04-08-2025 04:00,Z4,26.84,74.8,0,89.78,25.62,0,Low
04-08-2025 05:00,Z4,27.31,77.68,1,90,26.23,0,Low
04-08-2025 06:00,Z4,29.32,72.52,0,89.88,27.29,180,Low
04-08-2025 07:00,Z4,29.32,73.47,0,90,27.36,13806,Low
04-08-2025 08:00,Z4,31.47,67,0,90,30.42,29431,Low
04-08-2025 09:00,Z4,31.86,67.46,0,89.14,30.15,37810,Low
04-08-2025 10:00,Z4,32.12,68.01,0,88.95,29.77,50526,Low
04-08-2025 11:00,Z4,32.09,67.85,0,88.74,30.65,53580,Low
04-08-2025 12:00,Z4,33.57,66.45,0.2,88.91,32.65,27449,Low
04-08-2025 13:00,Z4,33.6,68.63,1,90,31.5,26913,Low
04-08-2025 14:00,Z4,32.98,68.64,0,89.85,31.29,50552,Low
04-08-2025 15:00,Z4,32.22,68.64,0,90,30.39,40091,Low
04-08-2025 16:00,Z4,30.55,66.5,0,89.82,28.5,27639,Low
04-08-2025 17:00,Z4,29.69,70.58,0,89.95,28.67,20042,Low
04-08-2025 18:00,Z4,28.02,75.35,0,89.49,26.54,1816,Low
04-08-2025 19:00,Z4,27.92,71.88,0,89.04,26.51,2310,Low
04-08-2025 20:00,Z4,26.94,73.64,0,89.08,26.18,415,Low
04-08-2025 21:00,Z4,25.95,78.27,0.2,89.57,24.23,0,Low
04-08-2025 22:00,Z4,25.93,76.22,0,89.35,24.56,609,Low
04-08-2025 23:00,Z4,23.79,81.51,0,89.49,22.19,0,Low
05-08-2025 00:00,Z4,23.64,78.66,0,89.42,21.8,0,Low
05-08-2025 01:00,Z4,24.65,77.72,0,88.99,23.89,811,Low
05-08-2025 02:00,Z4,24.18,76.25,0,89.42,22.62,1067,Low
05-08-2025 03:00,Z4,24.91,78.1,0,88.92,22.96,0,Low
05-08-2025 04:00,Z4,25.48,76.77,0,88.65,24.3,4449,Low
05-08-2025 05:00,Z4,26.88,75.95,0,88.21,24.46,0,Low
05-08-2025 06:00,Z4,28.07,75.47,0,88.1,26.5,0,Low
05-08-2025 07:00,Z4,29.83,67.69,0,88.36,28.61,13740,Low
05-08-2025 08:00,Z4,29.53,72.37,0,88.82,27.97,28556,Low
05-08-2025 09:00,Z4,30.93,72.21,0,88.83,28.63,39270,Low
05-08-2025 10:00,Z4,31.9,70.65,0.2,89.12,30.16,24920,Low
05-08-2025 11:00,Z4,31.89,68.6,0,89.07,30.79,51752,Low
05-08-2025 12:00,Z4,32.25,66.38,0,88.78,30.22,57023,Low
05-08-2025 13:00,Z4,33.79,62.09,0,88.2,31.33,54714,Low
05-08-2025 14:00,Z4,32.81,69.83,0.5,89.42,31.76,24451,Low
05-08-2025 15:00,Z4,32.32,64.41,0,89.74,30.64,41726,Low
05-08-2025 16:00,Z4,31.05,66.75,0,89.67,29.59,26956,Low
05-08-2025 17:00,Z4,29.88,74.06,0.2,89.22,28.33,7675,Low
05-08-2025 18:00,Z4,29.34,73.58,0,88.98,27.5,606,Low
05-08-2025 19:00,Z4,27.83,73.7,0,89.11,26.22,29,Low
05-08-2025 20:00,Z4,27.3,74.97,0,88.86,25.66,1494,Low
05-08-2025 21:00,Z4,25.67,70.78,0,88.55,24.02,0,Low
05-08-2025 22:00,Z4,24.69,77.04,0,88.6,23.16,1943,Low
05-08-2025 23:00,Z4,24.15,77.53,0,89.06,22.99,0,Low
06-08-2025 00:00,Z4,23.87,78.95,0,89.39,23.13,0,Low
06-08-2025 01:00,Z4,25.21,71.77,0,89.76,23.6,0,Low
06-08-2025 02:00,Z4,25.03,76.09,0,89.23,23.85,2554,Low
06-08-2025 03:00,Z4,25.23,76.56,0,88.84,23.24,405,Low
06-08-2025 04:00,Z4,26.59,75.54,0,88.82,25.06,0,Low
06-08-2025 05:00,Z4,27.92,76.21,1,90,26.39,1509,Low
06-08-2025 06:00,Z4,30.1,71.32,0,89.69,29.38,419,Low
06-08-2025 07:00,Z4,29.28,71.85,0.2,89.68,27.68,7034,Low
06-08-2025 08:00,Z4,30.01,67.92,0,89.67,28.55,26569,Low
06-08-2025 09:00,Z4,31.26,68.53,0,90,30.62,39370,Low
06-08-2025 10:00,Z4,32.97,67.9,0,89.81,31.31,48689,Low
06-08-2025 11:00,Z4,32.8,66.9,0,90,30.14,52194,Low
06-08-2025 12:00,Z4,33.59,66.02,0,90,31.47,56910,Low
06-08-2025 13:00,Z4,34.63,64.36,0,89.81,32.88,54369,Low
06-08-2025 14:00,Z4,32.82,65.82,0,89.76,31.19,43095,Low
06-08-2025 15:00,Z4,31.35,69.23,0,89.22,30.19,39382,Low
06-08-2025 16:00,Z4,30.26,71.42,0,89.04,28.37,30772,Low
06-08-2025 17:00,Z4,29.37,68.56,0,89.12,27.5,17003,Low
06-08-2025 18:00,Z4,28.82,71.73,0,89.37,27.08,1205,Low
06-08-2025 19:00,Z4,27.59,74.62,0,89.45,25.83,0,Low
06-08-2025 20:00,Z4,25.69,73.61,0,89.28,24.31,0,Low
06-08-2025 21:00,Z4,24.32,78.78,0,89.5,22.66,253,Low
06-08-2025 22:00,Z4,25.22,85.85,2,90,23.63,0,Low
06-08-2025 23:00,Z4,24.08,77.17,0,89.65,22.09,0,Low
07-08-2025 00:00,Z4,23.66,77.7,0,89.96,22.2,0,Low
07-08-2025 01:00,Z4,24.22,79.15,0.5,90,23.2,1855,Low
07-08-2025 02:00,Z4,24.62,79.63,0,89.19,23.18,427,Low
07-08-2025 03:00,Z4,25.78,76.1,0.5,89.64,24.07,1659,Low
07-08-2025 04:00,Z4,26.83,72.59,0,89.56,26.56,1310,Low
07-08-2025 05:00,Z4,27.3,77.17,0,89.77,26,0,Low
07-08-2025 06:00,Z4,28.74,70.73,0,90,27.32,1875,Low
07-08-2025 07:00,Z4,30.9,69.64,0,90,29.59,13696,Low
07-08-2025 08:00,Z4,30.12,71.38,0,89.68,29.11,30292,Low
07-08-2025 09:00,Z4,32.19,65.58,0,89.94,30.92,40201,Low
07-08-2025 10:00,Z4,33,67.78,0,90,30.92,49445,Low
07-08-2025 11:00,Z4,32.9,66.35,0,90,31.07,53653,Low
07-08-2025 12:00,Z4,34.46,78.64,5,90,33.18,28573,Low
07-08-2025 13:00,Z4,33.28,61.68,0,90,31.44,53434,Low
07-08-2025 14:00,Z4,32.82,66.79,0,90,31.2,49225,Low
07-08-2025 15:00,Z4,32.32,65.8,0,89.91,31.19,40378,Low
07-08-2025 16:00,Z4,30.65,67.79,0,90,29.01,27227,Low
07-08-2025 17:00,Z4,29.52,70.81,0,89.55,27.99,12835,Low
07-08-2025 18:00,Z4,29.64,72.04,0,89.09,27.94,0,Low
07-08-2025 19:00,Z4,27.67,74.17,0,89.12,26.44,379,Low
07-08-2025 20:00,Z4,26.4,84.32,2,90,24.61,1554,Low
07-08-2025 21:00,Z4,26.48,75.14,0,89.93,24.96,1648,Low
07-08-2025 22:00,Z4,25.4,74.51,0,90,23.67,936,Low
07-08-2025 23:00,Z4,24.71,80.39,0,89.91,23.45,0,Low
08-08-2025 00:00,Z4,24.16,77.11,0,89.98,23.25,0,Low
08-08-2025 01:00,Z4,25.06,75.68,0,89.52,24.14,0,Low
08-08-2025 02:00,Z4,25.27,77.18,0,89.65,23.19,0,Low
08-08-2025 03:00,Z4,25.32,79.9,0,88.96,23.97,1998,Low
08-08-2025 04:00,Z4,26.55,75.06,0,89.32,25.86,0,Low
08-08-2025 05:00,Z4,27.8,76.07,0,89.31,26.04,0,Low
08-08-2025 06:00,Z4,27.38,77.12,0.2,89.29,25.95,0,Low
08-08-2025 07:00,Z4,28.47,77.89,0,88.9,26.83,13703,Low
08-08-2025 08:00,Z4,30.16,67.9,0,88.34,28.72,30110,Low
08-08-2025 09:00,Z4,32.94,66.14,0.2,88.35,31.26,19182,Low
08-08-2025 10:00,Z4,32.34,68.05,0,88.12,30.22,50772,Low
08-08-2025 11:00,Z4,32.9,70.22,0.2,88.24,31.7,27180,Low
08-08-2025 12:00,Z4,32.53,68.45,0,88.71,31.61,56030,Low
08-08-2025 13:00,Z4,33.32,64.84,0,88.73,31.87,55994,Low
08-08-2025 14:00,Z4,32.53,67,0,88.77,31.01,47550,Low
08-08-2025 15:00,Z4,31.98,67,0,89.13,29.94,42708,Low
08-08-2025 16:00,Z4,30.71,66.18,0,89.45,29.11,25949,Low
08-08-2025 17:00,Z4,28.65,76.66,0,89.24,27.2,15560,Low
08-08-2025 18:00,Z4,28.63,75.84,0,89.31,27.17,0,Low
08-08-2025 19:00,Z4,26.38,79.05,0,89.14,25.14,0,Low
08-08-2025 20:00,Z4,26.52,75.67,0,89.11,24.53,0,Low
08-08-2025 21:00,Z4,25.64,80.24,0,88.74,23.49,0,Low
08-08-2025 22:00,Z4,25.61,77.73,0,88.94,24.62,761,Low
08-08-2025 23:00,Z4,23.99,82.41,0,88.99,22.13,0,Low
09-08-2025 00:00,Z4,23.42,81.14,0.5,89.84,21.59,449,Low
09-08-2025 01:00,Z4,24.93,79.43,0,90,22.95,1776,Low
09-08-2025 02:00,Z4,24.77,80.73,0,90,23.46,792,Low
09-08-2025 03:00,Z4,24.94,79.73,0,90,23.37,1041,Low
09-08-2025 04:00,Z4,26.84,74.33,0,89.65,25.69,980,Low
09-08-2025 05:00,Z4,27.03,73.63,0,89.15,26.54,0,Low
09-08-2025 06:00,Z4,28.67,69.99,0,89.01,26.39,872,Low
09-08-2025 07:00,Z4,29.51,70.59,0,89.04,27.68,11578,Low
09-08-2025 08:00,Z4,31.3,67.85,0,88.99,30.08,29168,Low
09-08-2025 09:00,Z4,31.27,70.71,0,88.71,29.7,38154,Low
09-08-2025 10:00,Z4,32,71.92,0,88.81,30.38,50185,Low
09-08-2025 11:00,Z4,33.39,64.36,0,88.99,31.26,57282,Low
09-08-2025 12:00,Z4,32.6,69.15,0,88.9,30.99,59392,Low
09-08-2025 13:00,Z4,32.19,65.94,0,89.26,30.14,50393,Low
09-08-2025 14:00,Z4,32.65,71.81,1,90,31.08,23782,Low
09-08-2025 15:00,Z4,32.05,65.28,0,89.98,30.85,39112,Low
09-08-2025 16:00,Z4,31,65.44,0,89.78,29.83,28910,Low
09-08-2025 17:00,Z4,29.88,71.75,0,89.91,29.18,14800,Low
09-08-2025 18:00,Z4,29.3,69.29,0,89.95,28.07,0,Low
09-08-2025 19:00,Z4,27.8,74.53,0,89.53,26.32,654,Low
09-08-2025 20:00,Z4,26.01,92.26,5,90,24.51,0,Low
09-08-2025 21:00,Z4,25,78.25,0,89.77,23.1,0,Low
09-08-2025 22:00,Z4,24.86,76.26,0,89.65,24.59,0,Low
09-08-2025 23:00,Z4,22.95,80.59,0,89.43,21.36,0,Low
10-08-2025 00:00,Z4,24.66,78.2,0,89.36,23.71,0,Low
10-08-2025 01:00,Z4,24.82,78.06,0,88.77,23.3,1881,Low
10-08-2025 02:00,Z4,25.63,77.16,0,89.14,23.95,0,Low
10-08-2025 03:00,Z4,26.3,77.49,0,88.43,24.76,2248,Low
10-08-2025 04:00,Z4,26.81,71.87,0,88.5,25.06,1656,Low
10-08-2025 05:00,Z4,27.22,76.52,0,88.44,25.68,1186,Low
10-08-2025 06:00,Z4,27.54,71.55,0,88.37,26.4,0,Low
10-08-2025 07:00,Z4,29.85,67.45,0,87.62,28.54,15144,Low
10-08-2025 08:00,Z4,30.59,68.92,0,87.49,29.63,28307,Low
10-08-2025 09:00,Z4,32.9,66.85,0,87.32,31.49,40136,Low
10-08-2025 10:00,Z4,33.2,68.29,1,88.67,31.52,24201,Low
10-08-2025 11:00,Z4,33.54,66.57,0,88.55,32.44,52549,Low
10-08-2025 12:00,Z4,33.77,67.29,0,88.55,32.51,57826,Low
10-08-2025 13:00,Z4,31.95,66.66,0,88.69,30.59,56301,Low
10-08-2025 14:00,Z4,31.56,70.7,0,89,30.06,46265,Low
10-08-2025 15:00,Z4,32.71,68.12,0,89.27,31.6,38698,Low
10-08-2025 16:00,Z4,30.57,68.22,0,88.68,29.11,30173,Low
10-08-2025 17:00,Z4,30.23,73.37,0,88.9,28.75,15569,Low
10-08-2025 18:00,Z4,28.3,73.17,0,88.87,26.85,0,Low
10-08-2025 19:00,Z4,26.22,76.81,0,88.35,25.21,57,Low
10-08-2025 20:00,Z4,26.43,74.98,0,87.95,25.92,0,Low
10-08-2025 21:00,Z4,25.02,76.49,0,87.71,23.32,0,Low
10-08-2025 22:00,Z4,25.38,77.94,0,87.77,24.03,146,Low
10-08-2025 23:00,Z4,24.3,78.29,0,87.73,21.99,2831,Low
11-08-2025 00:00,Z4,24.76,80.63,0,87.6,22.45,0,Low
11-08-2025 01:00,Z4,24.69,79.91,0,87.3,23.02,0,Low
11-08-2025 02:00,Z4,25.21,80.45,0,87.24,23.67,903,Low
11-08-2025 03:00,Z4,26.39,77.08,0,88.08,24.78,0,Low
11-08-2025 04:00,Z4,25.99,77.06,0,88.28,24.85,0,Low
11-08-2025 05:00,Z4,27.83,72.75,0,87.86,26.25,0,Low
11-08-2025 06:00,Z4,29.13,70.19,0,87.76,27.39,0,Low
11-08-2025 07:00,Z4,30.06,72.56,0,87.82,28.32,12847,Low
11-08-2025 08:00,Z4,31.69,72.03,0,87.77,30.71,29250,Low
11-08-2025 09:00,Z4,31.08,71.06,0.5,87.65,29.56,19413,Low
11-08-2025 10:00,Z4,33.02,68.12,0.5,88.33,31.53,24978,Low
11-08-2025 11:00,Z4,33.28,66.36,0,88.73,32.78,52615,Low
11-08-2025 12:00,Z4,33.07,67.19,0,88.7,31.6,56530,Low
11-08-2025 13:00,Z4,33.85,66.43,0,88.67,31.76,56114,Low
11-08-2025 14:00,Z4,32.34,67.98,0.2,88.63,30.69,26323,Low
11-08-2025 15:00,Z4,31.73,70.57,0,88.33,30.3,39122,Low
11-08-2025 16:00,Z4,30.32,68.55,0,88.4,29.6,26338,Low
11-08-2025 17:00,Z4,29.69,73.09,0,88.33,28.92,14002,Low
11-08-2025 18:00,Z4,28.96,73.52,0,87.84,27.18,5011,Low
11-08-2025 19:00,Z4,26.83,74.52,0,88.48,25.99,0,Low
11-08-2025 20:00,Z4,25.88,75.12,0,88.32,24.92,0,Low
11-08-2025 21:00,Z4,26.33,75.08,0,88.14,24.45,0,Low
11-08-2025 22:00,Z4,25.18,75.78,0.2,88.62,23.78,0,Low
11-08-2025 23:00,Z4,23.52,77.43,0,88.66,22.23,0,Low
12-08-2025 00:00,Z4,25.54,76.38,0,88.48,23.47,2776,Low
12-08-2025 01:00,Z4,24.23,80.72,0,88.59,22.89,5040,Low
12-08-2025 02:00,Z4,24.11,81.7,0,88.31,21.9,0,Low
12-08-2025 03:00,Z4,25.19,80.16,0,88.52,24.12,1753,Low
12-08-2025 04:00,Z4,26.22,76.54,0,88.66,24.79,969,Low
12-08-2025 05:00,Z4,27.34,74.36,0,88.74,26.04,1187,Low
12-08-2025 06:00,Z4,28.59,71.97,0,88.98,27.44,0,Low
12-08-2025 07:00,Z4,30.63,69.06,0,88.41,29.55,15228,Low
12-08-2025 08:00,Z4,31.46,70.62,0,88.57,30,24149,Low
12-08-2025 09:00,Z4,32.17,67.67,0.2,88.5,30.3,19441,Low
12-08-2025 10:00,Z4,32.76,67.17,0,88.48,30.46,46461,Low
12-08-2025 11:00,Z4,32.5,64.24,0,88.78,30.56,53655,Low
12-08-2025 12:00,Z4,32.48,64.38,0,88.49,30.22,54592,Low
12-08-2025 13:00,Z4,32.94,65.65,0,88.23,31.06,52953,Low
12-08-2025 14:00,Z4,32.91,65.04,0,87.98,30.91,47831,Low
12-08-2025 15:00,Z4,31.42,71.05,0,87.36,29.84,41927,Low
12-08-2025 16:00,Z4,30.5,70.48,0,88.33,28.87,27357,Low
12-08-2025 17:00,Z4,30.25,70.58,0,88.27,28.85,12297,Low
12-08-2025 18:00,Z4,29.57,71.4,0,88.67,28.26,2878,Low
12-08-2025 19:00,Z4,27.55,74.84,0,88.44,26.2,909,Low
12-08-2025 20:00,Z4,26.05,74.87,0,88.41,24.45,0,Low
12-08-2025 21:00,Z4,25.26,75.54,0,88.34,23.46,607,Low
12-08-2025 22:00,Z4,24.37,74.44,0,88.21,22.07,0,Low
12-08-2025 23:00,Z4,24.45,81.36,0,89.01,22.31,412,Low
13-08-2025 00:00,Z4,24.58,79.68,0,89.07,22.49,1283,Low
13-08-2025 01:00,Z4,24.48,77.36,0,89.27,23.07,0,Low
13-08-2025 02:00,Z4,25.28,76.15,0,89.18,23.59,0,Low
13-08-2025 03:00,Z4,26.01,77.05,0,89.02,24.49,0,Low
13-08-2025 04:00,Z4,26.08,76.43,0,89.07,24.05,0,Low
13-08-2025 05:00,Z4,27.84,76.5,0.2,89.33,26.43,0,Low
13-08-2025 06:00,Z4,28.99,72.4,0.2,89.41,27.63,0,Low
13-08-2025 07:00,Z4,29.73,71.78,0,89.34,28.07,13955,Low
13-08-2025 08:00,Z4,32.18,66.37,0,89.08,29.9,27699,Low
13-08-2025 09:00,Z4,32.11,67.68,0,89.49,30.51,41635,Low
13-08-2025 10:00,Z4,32.04,69.84,0.5,89.71,30.48,22312,Low
13-08-2025 11:00,Z4,32,66.11,0,89.45,30.35,54991,Low
13-08-2025 12:00,Z4,33.48,65.63,0,89.08,31.87,56435,Low
13-08-2025 13:00,Z4,33.3,66.21,0,88.87,32.05,49763,Low
13-08-2025 14:00,Z4,32.39,68.33,0,88.87,30.73,47190,Low
13-08-2025 15:00,Z4,32.75,70.11,0,88.49,31.04,35190,Low
13-08-2025 16:00,Z4,31.08,67.58,0,88.22,29.86,27082,Low
13-08-2025 17:00,Z4,29.66,73.15,0.5,88.76,27.85,10968,Low
13-08-2025 18:00,Z4,27.23,71.03,0,88.91,25.43,0,Low
13-08-2025 19:00,Z4,27.08,78.83,0,89.21,25.31,670,Low
13-08-2025 20:00,Z4,27.17,73.91,0,88.68,25.34,374,Low
13-08-2025 21:00,Z4,24.22,77.4,0,89.27,22.97,112,Low
13-08-2025 22:00,Z4,25.08,76.85,0,89.31,23.65,0,Low
13-08-2025 23:00,Z4,24.46,76.11,1,90,23.22,0,Low
14-08-2025 00:00,Z4,24.45,80.84,0.5,90,21.76,0,Low
14-08-2025 01:00,Z4,25.35,75.61,0,89.96,23.96,2496,Low
14-08-2025 02:00,Z4,24.17,78.68,0,89.68,22.39,0,Low
14-08-2025 03:00,Z4,26.39,75.56,0,89.5,25.05,0,Low
14-08-2025 04:00,Z4,26.46,74.23,0,89.71,24.67,1553,Low
14-08-2025 05:00,Z4,26.98,74.23,0,89.81,25.49,17,Low
14-08-2025 06:00,Z4,28.24,74,0,89.95,26.12,0,Low
14-08-2025 07:00,Z4,29.56,67.05,0,90,27.33,12607,Low
14-08-2025 08:00,Z4,31.43,67.31,0,89.76,30.28,25604,Low
14-08-2025 09:00,Z4,31.06,70.6,0,89.74,29.74,38799,Low
14-08-2025 10:00,Z4,31.52,70.77,0,89.75,29.68,47803,Low
14-08-2025 11:00,Z4,33.08,68.26,0,89.79,31.87,54283,Low
14-08-2025 12:00,Z4,33.62,63.89,0.2,89.58,32.04,29585,Low
14-08-2025 13:00,Z4,32.59,66.44,0.2,89.87,30.69,27275,Low
14-08-2025 14:00,Z4,33.57,69.29,0,89.73,32.02,47916,Low
14-08-2025 15:00,Z4,31.54,69.53,0.2,89.54,30.63,18436,Low
14-08-2025 16:00,Z4,31.48,67.86,0,89.44,29.91,30126,Low
14-08-2025 17:00,Z4,29.87,77.76,2,90,29.02,6307,Low
14-08-2025 18:00,Z4,28.46,70.22,0,89.81,26.84,0,Low
14-08-2025 19:00,Z4,26.33,76.8,1,90,24.36,2025,Low
14-08-2025 20:00,Z4,27.28,73.42,0,89.98,25.75,2000,Low
14-08-2025 21:00,Z4,25.48,76.23,0,90,24.61,0,Low
14-08-2025 22:00,Z4,24.5,77.89,0,90,22.64,593,Low
14-08-2025 23:00,Z4,24.12,77.5,0,90,22.65,0,Low
15-08-2025 00:00,Z4,23.83,79.75,0,89.44,22.13,0,Low
15-08-2025 01:00,Z4,24.56,76.43,0,89.51,22.8,0,Low
15-08-2025 02:00,Z4,25.48,79.27,0,88.97,24.19,275,Low
15-08-2025 03:00,Z4,24.86,78.72,0,89.02,23.15,1512,Low
15-08-2025 04:00,Z4,25.56,76.43,0,88.58,24.34,1194,Low
15-08-2025 05:00,Z4,26.39,79.65,0,87.96,25.21,2465,Low
15-08-2025 06:00,Z4,30.02,69.13,0,87.57,28.1,723,Low
15-08-2025 07:00,Z4,29.72,75.28,0,88.1,28.06,14963,Low
15-08-2025 08:00,Z4,30.81,64.03,0,87.87,29.21,24882,Low
15-08-2025 09:00,Z4,31.88,66.42,0,87.7,30.93,39575,Low
15-08-2025 10:00,Z4,32.43,64.6,0,87.08,30.88,46661,Low
15-08-2025 11:00,Z4,32.61,64.48,0,87.05,31.09,54905,Low
15-08-2025 12:00,Z4,33.03,64.7,0,86.97,31.18,55859,Low
15-08-2025 13:00,Z4,33.04,64.08,0,87.05,31.48,52255,Low
15-08-2025 14:00,Z4,32.34,78.58,5,90,30.78,24323,Low
15-08-2025 15:00,Z4,32,71.56,0,89.31,30.31,39192,Low
15-08-2025 16:00,Z4,30.68,70.72,0,89.72,29.76,27513,Low
15-08-2025 17:00,Z4,29.83,71.08,0,90,28.13,15349,Low
15-08-2025 18:00,Z4,27.03,75.03,0,89.65,25.39,2932,Low
15-08-2025 19:00,Z4,28.1,76.21,0,89.34,26.81,472,Low
15-08-2025 20:00,Z4,26.04,92.87,5,90,24.33,0,Low
15-08-2025 21:00,Z4,25.88,76.17,0.2,90,24.36,0,Low
15-08-2025 22:00,Z4,24.64,75.24,0,89.9,22.96,0,Low
15-08-2025 23:00,Z4,25.08,79.79,0,90,23.89,513,Low
16-08-2025 00:00,Z4,24.28,79.79,0,90,23.29,1003,Low
16-08-2025 01:00,Z4,23.98,81.44,0,89.59,22.67,3085,Low
16-08-2025 02:00,Z4,25.89,76.46,0,89.2,24.3,0,Low
16-08-2025 03:00,Z4,24.51,79.77,0,89.67,22.87,2744,Low
16-08-2025 04:00,Z4,26.55,77.88,0,89.76,24.87,1075,Low
16-08-2025 05:00,Z4,28.04,73.51,0,89.5,26.93,1410,Low
16-08-2025 06:00,Z4,28.54,75.5,0,89.73,27.18,0,Low
16-08-2025 07:00,Z4,30.38,71.08,0,89.7,28.75,13365,Low
16-08-2025 08:00,Z4,31.16,67.2,0,89.7,29.99,26427,Low
16-08-2025 09:00,Z4,30.42,72.11,0.5,90,28.62,16705,Low
16-08-2025 10:00,Z4,33.28,64.14,0.5,90,31.61,26007,Low
16-08-2025 11:00,Z4,33.53,66.36,0,89.98,31.7,54325,Low
16-08-2025 12:00,Z4,33.59,66.6,0,90,32.01,55655,Low
16-08-2025 13:00,Z4,32.87,68.74,0,89.62,32.09,54049,Low
16-08-2025 14:00,Z4,32.25,67.69,0.2,89.87,30.22,19565,Low
16-08-2025 15:00,Z4,31.83,68.77,0,89.4,30.2,39865,Low
16-08-2025 16:00,Z4,30.47,69.97,0,89.69,29.03,27296,Low
16-08-2025 17:00,Z4,29.68,69.64,0.2,89.99,28.16,7572,Low
16-08-2025 18:00,Z4,28.26,73.11,0,90,26.5,2796,Low
16-08-2025 19:00,Z4,27.84,78.53,2,90,26.28,858,Low
16-08-2025 20:00,Z4,26.5,74.54,0,90,24.77,0,Low
16-08-2025 21:00,Z4,25.1,78.39,0.2,90,24.33,0,Low
16-08-2025 22:00,Z4,23.89,82.55,0,89.85,22.57,0,Low
16-08-2025 23:00,Z4,24.02,79.13,0,90,23.3,0,Low
17-08-2025 00:00,Z4,24.55,78.69,0,90,22.01,0,Low
17-08-2025 01:00,Z4,23.32,79.57,0,89.94,22.13,155,Low
17-08-2025 02:00,Z4,24.46,80.13,0,90,22.47,4775,Low
17-08-2025 03:00,Z4,25.17,76.82,0,89.67,23.14,2192,Low
17-08-2025 04:00,Z4,25.66,75.09,0,89.72,24.38,612,Low
17-08-2025 05:00,Z4,27.89,73.39,0,89.77,26.23,682,Low
17-08-2025 06:00,Z4,28.83,74.54,1,90,26.83,351,Low
17-08-2025 07:00,Z4,30.42,67.08,0,89.71,29.49,12542,Low
17-08-2025 08:00,Z4,30.65,70.43,0,89.36,29.73,31430,Low
17-08-2025 09:00,Z4,31.84,66.27,0,89.28,30.76,37936,Low
17-08-2025 10:00,Z4,31.66,69.86,0.5,90,30.31,23893,Low
17-08-2025 11:00,Z4,31.75,73.2,0.5,89.78,30.58,23324,Low
17-08-2025 12:00,Z4,33.77,67.68,0.2,90,32,27614,Low
17-08-2025 13:00,Z4,33.59,68.45,1,90,31.78,28066,Low
17-08-2025 14:00,Z4,34,63.31,0,89.82,32.76,49901,Low
17-08-2025 15:00,Z4,31.16,66.44,0,89.52,30.08,38472,Low
17-08-2025 16:00,Z4,31.71,67.15,0,88.8,30.43,29730,Low
17-08-2025 17:00,Z4,29.98,71.65,0,88.56,29.08,15155,Low
17-08-2025 18:00,Z4,28.37,73.84,0,88.61,26.95,1393,Low
17-08-2025 19:00,Z4,26.94,70.79,0,88.24,25.12,0,Low
17-08-2025 20:00,Z4,26.67,76.5,0,88.46,24.9,0,Low
17-08-2025 21:00,Z4,25.38,75.29,0,88.62,23.76,474,Low
17-08-2025 22:00,Z4,24.46,95.16,10,90,22.88,1847,Low
17-08-2025 23:00,Z4,23.48,86.56,2,90,21.72,0,Low
18-08-2025 00:00,Z4,24.56,79.44,0,90,22.87,0,Low
18-08-2025 01:00,Z4,23.6,81.35,0,90,22.19,0,Low
18-08-2025 02:00,Z4,24.09,81.74,0.5,90,22.76,0,Low
18-08-2025 03:00,Z4,24.22,77.18,0,89.94,22.7,1492,Low
18-08-2025 04:00,Z4,27.52,72.25,0,90,26.03,0,Low
18-08-2025 05:00,Z4,27.95,73.21,0,89.52,27.14,1108,Low
18-08-2025 06:00,Z4,27.37,73.56,0,89.29,25.67,0,Low
18-08-2025 07:00,Z4,29.01,72.02,0,89.69,27,14704,Low
18-08-2025 08:00,Z4,31.32,69.21,0,89.47,30.12,30359,Low
18-08-2025 09:00,Z4,31.66,71.72,0,89.29,30,37389,Low
18-08-2025 10:00,Z4,31.38,71.32,0,89.04,29.49,47620,Low
18-08-2025 11:00,Z4,32.21,69.27,0.2,89.19,31.41,28935,Low
18-08-2025 12:00,Z4,32.67,66.4,0,88.5,32.2,58261,Low
18-08-2025 13:00,Z4,32.63,67.56,0,88.58,30.59,51186,Low
18-08-2025 14:00,Z4,32.02,69.76,0,88.87,30.51,50363,Low
18-08-2025 15:00,Z4,31.35,69.23,0,88.73,29.79,37266,Low
18-08-2025 16:00,Z4,32.37,66.57,0,88.79,31.15,30959,Low
18-08-2025 17:00,Z4,31.35,68.01,0,88.51,30.42,13194,Low
18-08-2025 18:00,Z4,28.71,73.01,0,88.28,27.15,0,Low
18-08-2025 19:00,Z4,27.04,74.22,0,88.17,25.84,3078,Low
18-08-2025 20:00,Z4,27.02,74.69,0,87.79,25.21,710,Low
18-08-2025 21:00,Z4,25.8,88.4,10,90,23.9,3665,Low
18-08-2025 22:00,Z4,24.71,77.14,0,89.47,22.86,0,Low
18-08-2025 23:00,Z4,24.51,79.75,0,89,23.34,241,Low
19-08-2025 00:00,Z4,24.2,79.44,0,89.08,22.68,2812,Low
19-08-2025 01:00,Z4,24.11,77.42,0,89,23.31,0,Low
19-08-2025 02:00,Z4,24.16,78.65,0,88.88,22.92,0,Low
19-08-2025 03:00,Z4,25.63,76.62,0,88.97,24.15,1137,Low
19-08-2025 04:00,Z4,25.86,78.49,0,88.76,23.79,3152,Low
19-08-2025 05:00,Z4,27.62,77.24,0,88.48,26.37,0,Low
19-08-2025 06:00,Z4,28.89,75.48,0,88.25,27,1087,Low
19-08-2025 07:00,Z4,29.8,70.4,0,88.24,28.32,14292,Low
19-08-2025 08:00,Z4,31.16,68.74,0,88.05,29.15,21365,Low
19-08-2025 09:00,Z4,31.36,68.35,0,87.67,29.51,41807,Low
19-08-2025 10:00,Z4,32.12,68.5,0,87.96,30.89,48416,Low
19-08-2025 11:00,Z4,32.98,66.12,0,87.83,31.68,52981,Low
19-08-2025 12:00,Z4,32.37,67,0,88,30.53,56811,Low
19-08-2025 13:00,Z4,32.48,65.31,0.2,87.7,31.24,27892,Low
19-08-2025 14:00,Z4,32.55,69.2,0,87.35,31.01,46193,Low
19-08-2025 15:00,Z4,31.93,67.15,0,86.99,30.34,41122,Low
19-08-2025 16:00,Z4,29.93,68.64,0,87.03,28.67,28463,Low
19-08-2025 17:00,Z4,30.06,69.28,0,86.46,28.62,16143,Low
19-08-2025 18:00,Z4,29.37,69.08,0,87.14,27.09,0,Low
19-08-2025 19:00,Z4,27.63,74.99,0,87.51,26.08,0,Low
19-08-2025 20:00,Z4,26.07,75.94,0,87.81,24.7,0,Low
19-08-2025 21:00,Z4,25.05,80.63,0,87.41,23.25,2465,Low
19-08-2025 22:00,Z4,24.13,78.55,0,87.34,22.25,153,Low
19-08-2025 23:00,Z4,23.61,82.84,0,87.54,22.32,0,Low
20-08-2025 00:00,Z4,23.97,75.16,0,87.27,23.16,2241,Low
20-08-2025 01:00,Z4,23.28,80.4,0,87.46,21.53,474,Low
20-08-2025 02:00,Z4,25.41,84.75,2,89.85,24,473,Low
20-08-2025 03:00,Z4,25.07,76.36,0,89.68,23.47,0,Low
20-08-2025 04:00,Z4,26.88,78.89,0,89.09,25.9,0,Low
20-08-2025 05:00,Z4,27.7,74.7,0,89.56,26.3,1234,Low
20-08-2025 06:00,Z4,28.98,73.7,0,89.37,27.5,271,Low
20-08-2025 07:00,Z4,29.35,70.06,0,89.37,27.81,15693,Low
20-08-2025 08:00,Z4,30.45,73.08,0,89.42,28.22,28796,Low
20-08-2025 09:00,Z4,32.69,64.76,0,89.96,31.87,37895,Low
20-08-2025 10:00,Z4,33.53,67.4,0,89.7,31.82,49250,Low
20-08-2025 11:00,Z4,32.85,66.94,0,89.56,31.79,56442,Low
20-08-2025 12:00,Z4,34.26,67.3,0,89.28,32.49,53817,Low
20-08-2025 13:00,Z4,34.23,63.64,0,90,32.63,51992,Low
20-08-2025 14:00,Z4,32.01,64.63,0,90,30.2,49577,Low
20-08-2025 15:00,Z4,32.51,68.74,0,90,30.85,39911,Low
20-08-2025 16:00,Z4,30.89,69.94,0,89.57,29.79,28604,Low
20-08-2025 17:00,Z4,29.3,71.96,0,90,27.89,12267,Low
20-08-2025 18:00,Z4,28.52,74.53,0,89.73,26.93,2411,Low
20-08-2025 19:00,Z4,26.46,75.96,1,90,24.49,0,Low
20-08-2025 20:00,Z4,26.99,74.87,0,90,25.44,0,Low
20-08-2025 21:00,Z4,25.64,75.65,0,90,24.59,122,Low
20-08-2025 22:00,Z4,25.49,81.45,0,90,23.37,2099,Low
20-08-2025 23:00,Z4,24.72,81.94,0,89.71,23.1,0,Low
21-08-2025 00:00,Z4,23.88,78.63,0,89.51,21.82,1121,Low
21-08-2025 01:00,Z4,24.68,78.07,0,88.92,23,0,Low
21-08-2025 02:00,Z4,25.2,76.64,0,88.69,23.63,1,Low
21-08-2025 03:00,Z4,26.51,74.86,0,88.17,24.77,1748,Low
21-08-2025 04:00,Z4,26.11,74.41,0,88.92,24.21,134,Low
21-08-2025 05:00,Z4,25.69,79.38,1,90,24.03,3704,Low
21-08-2025 06:00,Z4,29.6,71.49,0,90,28.69,0,Low
21-08-2025 07:00,Z4,29.8,68.11,0,90,27.84,16027,Low
21-08-2025 08:00,Z4,30.5,67.32,0,89.66,28.77,26711,Low
21-08-2025 09:00,Z4,30.71,68.56,0,89.34,29.46,39966,Low
21-08-2025 10:00,Z4,32.66,69.51,0.5,89.88,30.96,23299,Low
21-08-2025 11:00,Z4,33.62,63.26,0,89.56,32.26,53809,Low
21-08-2025 12:00,Z4,33.24,66.06,0,89.41,31.77,54692,Low
21-08-2025 13:00,Z4,32.96,67.15,0,89.43,31.59,52707,Low
21-08-2025 14:00,Z4,32.29,65.85,0,89.14,30.59,49186,Low
21-08-2025 15:00,Z4,31.81,64.98,0,88.55,29.61,38551,Low
21-08-2025 16:00,Z4,30.52,69.5,0,88.93,28.91,30461,Low
21-08-2025 17:00,Z4,28.7,72,0,88.59,27.6,9837,Low
21-08-2025 18:00,Z4,28.85,72.33,0,88.32,28.06,0,Low
21-08-2025 19:00,Z4,28.41,74.57,0,88.17,26.62,910,Low
21-08-2025 20:00,Z4,26.29,76.15,0,87.78,25.27,0,Low
21-08-2025 21:00,Z4,24.65,79.47,0,87.56,22.73,2064,Low
21-08-2025 22:00,Z4,25.41,75.08,0,87.6,23.66,0,Low
21-08-2025 23:00,Z4,25.04,76.86,0,87.33,23.72,0,Low
22-08-2025 00:00,Z4,23.95,79.48,0,86.72,23.34,0,Low
22-08-2025 01:00,Z4,24.79,80.11,0,86.61,23.94,1273,Low
22-08-2025 02:00,Z4,23.83,83.67,0,87.03,22.48,0,Low
22-08-2025 03:00,Z4,23.85,76.84,0,86.73,22.28,1123,Low
22-08-2025 04:00,Z4,26.68,77,0,86.49,25.53,0,Low
22-08-2025 05:00,Z4,27.04,74.73,0,86.38,25.79,3252,Low
22-08-2025 06:00,Z4,28.61,74.95,0,86.12,26.84,3284,Low
22-08-2025 07:00,Z4,29.78,69.05,0,85.76,28.49,11259,Low
22-08-2025 08:00,Z4,30.8,72.07,0.2,85.8,28.83,14592,Low
22-08-2025 09:00,Z4,31.61,68.9,0,85.73,30.32,38167,Low
22-08-2025 10:00,Z4,32.24,71.21,0,85.52,30.57,48631,Low
22-08-2025 11:00,Z4,31.41,68.63,0,85.76,29.9,50115,Low
22-08-2025 12:00,Z4,32.23,66.49,0,85.97,30.22,54775,Low
22-08-2025 13:00,Z4,32.74,65.41,0,85.84,31.5,54272,Low
22-08-2025 14:00,Z4,32.91,64.15,0,86.08,31.39,47729,Low
22-08-2025 15:00,Z4,31.92,69.62,0,85.76,29.99,37379,Low
22-08-2025 16:00,Z4,31.08,67.49,0,85.78,28.8,29504,Low
22-08-2025 17:00,Z4,30.31,72.27,0,85.66,29.05,16346,Low
22-08-2025 18:00,Z4,28.08,72.62,0,85.66,26.87,2935,Low
22-08-2025 19:00,Z4,27.92,74.39,0,85.39,26.58,2836,Low
22-08-2025 20:00,Z4,26.52,73.52,0.2,85.87,24.38,2184,Low
22-08-2025 21:00,Z4,26.36,75.56,0,85.47,24.86,0,Low
22-08-2025 22:00,Z4,24.13,77.65,0,85.15,22.45,2276,Low
22-08-2025 23:00,Z4,24.24,77.04,0.2,85.66,22.35,0,Low
23-08-2025 00:00,Z4,23.95,80.33,0,85.6,22.25,0,Low
23-08-2025 01:00,Z4,23.77,81.41,0,85.54,21.93,0,Low
23-08-2025 02:00,Z4,24.77,75.42,0,84.92,23.56,880,Low
23-08-2025 03:00,Z4,27.17,75.61,0,84.52,25.35,0,Low
23-08-2025 04:00,Z4,27.18,73.95,0,84.9,26.08,0,Low
23-08-2025 05:00,Z4,27.9,79.08,2,86.63,26.43,63,Low
23-08-2025 06:00,Z4,27.9,72.97,0,86.89,26.52,0,Low
23-08-2025 07:00,Z4,30.4,77.36,2,88.6,29.13,8842,Low
23-08-2025 08:00,Z4,31.47,67.56,0,88.55,30.34,25219,Low
23-08-2025 09:00,Z4,32.09,69.22,0.2,88.71,31.09,20766,Low
23-08-2025 10:00,Z4,31.49,66.59,0,88.3,29.72,51735,Low
23-08-2025 11:00,Z4,31.93,68.33,0,88.15,30.98,52995,Low
23-08-2025 12:00,Z4,33.46,69.24,0,87.74,32.03,56779,Low
23-08-2025 13:00,Z4,33.12,66.12,0,88.19,31.38,55051,Low
23-08-2025 14:00,Z4,33.09,64.19,0,88.53,31.66,46788,Low
23-08-2025 15:00,Z4,31.87,68.95,0,88.86,31.2,42776,Low
23-08-2025 16:00,Z4,31.54,70.63,0,89.03,30.46,29137,Low
23-08-2025 17:00,Z4,29.48,70.66,0,89.08,28.53,14975,Low
23-08-2025 18:00,Z4,28.42,74.62,0,88.45,27.51,2228,Low
23-08-2025 19:00,Z4,27.34,77.47,0,88.46,26.3,1793,Low
23-08-2025 20:00,Z4,26.59,75.35,0.2,88.63,25.26,936,Low
23-08-2025 21:00,Z4,25.91,77.68,0,88.57,24.22,4374,Low
23-08-2025 22:00,Z4,24.16,78.93,0,88.67,22.23,915,Low
23-08-2025 23:00,Z4,24.4,76.15,0,88.3,22.7,491,Low
24-08-2025 00:00,Z4,24.34,79.51,0,88.8,22.78,247,Low
24-08-2025 01:00,Z4,22.78,84.36,0.5,88.98,21.41,0,Low
24-08-2025 02:00,Z4,24.29,77.12,0,89.11,23.16,1458,Low
24-08-2025 03:00,Z4,26.45,77.47,0,88.94,24.93,0,Low
24-08-2025 04:00,Z4,26.78,74.46,0,88.84,25.05,2835,Low
24-08-2025 05:00,Z4,27.78,73.46,0,88.8,25.95,2668,Low
24-08-2025 06:00,Z4,28.93,74.18,0.2,88.62,27.31,499,Low
24-08-2025 07:00,Z4,30.39,67.34,0,88.32,29.07,17128,Low
24-08-2025 08:00,Z4,31.13,66.81,0,88.26,29.34,26081,Low
24-08-2025 09:00,Z4,31.54,74.87,2,90,30.9,20129,Low
24-08-2025 10:00,Z4,32.81,69.35,0,89.37,32.02,46875,Low
24-08-2025 11:00,Z4,32.59,68.86,0,89.49,30.83,56448,Low
24-08-2025 12:00,Z4,33.93,67.35,0,89.27,31.69,53240,Low
24-08-2025 13:00,Z4,32.99,66.74,0,89.71,32.15,53985,Low
24-08-2025 14:00,Z4,32.48,70.13,0.5,89.91,31.14,24674,Low
24-08-2025 15:00,Z4,31.89,66.93,0,90,30.44,43009,Low
24-08-2025 16:00,Z4,31.37,66.89,0,89.72,30,23954,Low
24-08-2025 17:00,Z4,29.19,68.84,0,90,27.44,16932,Low
24-08-2025 18:00,Z4,28.69,72.73,0,89.78,26.99,2269,Low
24-08-2025 19:00,Z4,27.24,75.49,0,89.86,25.87,0,Low
24-08-2025 20:00,Z4,26.07,77.79,0,89.56,24.67,261,Low
24-08-2025 21:00,Z4,26.02,75.59,0,89.62,24.72,2041,Low
24-08-2025 22:00,Z4,25.51,77.4,0,89.71,23.93,0,Low
24-08-2025 23:00,Z4,23.36,80.14,0,89.71,22.15,857,Low
25-08-2025 00:00,Z4,23.77,78.84,0,89.43,21.94,2477,Low
25-08-2025 01:00,Z4,24.73,80.43,0,89.19,22.67,384,Low
25-08-2025 02:00,Z4,24.51,77.57,0,89.21,23.14,1273,Low
25-08-2025 03:00,Z4,25.32,80.31,0.2,89.76,24.55,0,Low
25-08-2025 04:00,Z4,26.93,73.54,0,89.73,24.92,537,Low
25-08-2025 05:00,Z4,27.58,71.69,0,89.6,25.69,0,Low
25-08-2025 06:00,Z4,28.46,71.28,0,89.82,26.85,3587,Low
25-08-2025 07:00,Z4,30.4,70.1,0,90,28.57,13431,Low
25-08-2025 08:00,Z4,30.69,70.38,0,90,29.35,31344,Low
25-08-2025 09:00,Z4,32.58,65.25,0,89.8,30.85,41539,Low
25-08-2025 10:00,Z4,32.75,70.02,0.5,90,30.95,23671,Low
25-08-2025 11:00,Z4,33.23,64.27,0,90,31.96,52208,Low
25-08-2025 12:00,Z4,33.04,68.88,0,89.99,31.67,57205,Low
25-08-2025 13:00,Z4,32.93,70.01,0.5,90,31.52,25418,Low
25-08-2025 14:00,Z4,32.03,66.99,0,89.91,30.99,49972,Low
25-08-2025 15:00,Z4,31.91,64.92,0,90,30.24,41687,Low
25-08-2025 16:00,Z4,31,68.62,0,90,29.59,28579,Low
25-08-2025 17:00,Z4,30.28,71.12,0,90,28.87,16809,Low
25-08-2025 18:00,Z4,27.68,74.42,0,90,25.83,764,Low
25-08-2025 19:00,Z4,26.81,76.26,0,90,25.6,2675,Low
25-08-2025 20:00,Z4,25.3,73.81,0,89.74,24.11,0,Low
25-08-2025 21:00,Z4,24.96,79.82,0,89.86,24.28,3727,Low
25-08-2025 22:00,Z4,24.98,75.93,0,89.34,23.21,521,Low
25-08-2025 23:00,Z4,24.26,77.46,0,89.01,22.64,779,Low
26-08-2025 00:00,Z4,23.8,80.09,0,88.77,22.36,409,Low
26-08-2025 01:00,Z4,25.14,75.41,0,88.83,23.42,0,Low
26-08-2025 02:00,Z4,25.15,79,0,88.85,23.23,1552,Low
26-08-2025 03:00,Z4,25.52,77.73,0,88.92,24.18,0,Low
26-08-2025 04:00,Z4,26.54,78.17,0,88.71,24.74,0,Low
26-08-2025 05:00,Z4,28.43,72.03,0,88.87,27.92,291,Low
26-08-2025 06:00,Z4,28.93,74.71,1,90,27.19,1622,Low
26-08-2025 07:00,Z4,30.36,68.7,0,89.67,28.44,14123,Low
26-08-2025 08:00,Z4,30.78,71.44,0,89.72,29.44,27098,Low
26-08-2025 09:00,Z4,31.22,64.75,0,89.43,29.57,41283,Low
26-08-2025 10:00,Z4,32.03,69.89,0,89.24,30.47,50221,Low
26-08-2025 11:00,Z4,32.74,67.49,0,89.08,31.32,55048,Low
26-08-2025 12:00,Z4,32.64,67.39,0.2,89.7,31.32,31033,Low
26-08-2025 13:00,Z4,31.71,67.93,0,89.72,30.19,53314,Low
26-08-2025 14:00,Z4,32.31,83.32,10,90,30.77,22923,Low
26-08-2025 15:00,Z4,31.72,70.34,0,90,30.51,39876,Low
26-08-2025 16:00,Z4,30.98,67.78,0,89.29,29.85,24427,Low
26-08-2025 17:00,Z4,30,70.3,0,89.42,28.56,12702,Low
26-08-2025 18:00,Z4,28.06,72.53,0,89.01,26.02,733,Low
26-08-2025 19:00,Z4,27.69,72.13,0,88.73,26.15,4963,Low
26-08-2025 20:00,Z4,26.12,76.78,0,88.48,24.25,1690,Low
26-08-2025 21:00,Z4,24.94,79.4,0,88.1,23.6,0,Low
26-08-2025 22:00,Z4,24.66,77.57,0,87.83,23.1,0,Low
26-08-2025 23:00,Z4,23.97,78.06,0,87.73,22.65,365,Low
27-08-2025 00:00,Z4,24.6,74.85,0,87.37,23.93,0,Low
27-08-2025 01:00,Z4,23.86,81.38,0,87.24,22.84,0,Low
27-08-2025 02:00,Z4,25.1,79.13,0,86.93,23.54,0,Low
27-08-2025 03:00,Z4,26.59,77.54,0,87.36,25.39,64,Low
27-08-2025 04:00,Z4,25.76,75.79,0,87.31,24.07,2721,Low
27-08-2025 05:00,Z4,28.68,74.63,0,87.48,27.2,107,Low
27-08-2025 06:00,Z4,29.51,73.39,0,87.44,29.07,744,Low
27-08-2025 07:00,Z4,30.81,73.39,1,87.93,29.63,3349,Low
27-08-2025 08:00,Z4,31.8,69.49,0,87.64,29.86,27395,Low
27-08-2025 09:00,Z4,30.97,66.14,0,87.67,30.14,38960,Low
27-08-2025 10:00,Z4,32.44,65.78,0,87.45,30.58,50213,Low
27-08-2025 11:00,Z4,32.38,65.99,0,87.26,31.33,55629,Low
27-08-2025 12:00,Z4,33.36,68.51,0,87.37,31.97,57192,Low
27-08-2025 13:00,Z4,33.49,64.23,0,87.92,32.46,57495,Low
27-08-2025 14:00,Z4,32.71,67.03,0,87.78,31.12,47583,Low
27-08-2025 15:00,Z4,31.52,69.15,0,87.48,29.98,41173,Low
27-08-2025 16:00,Z4,29.96,69.84,0,87.22,28.68,26820,Low
27-08-2025 17:00,Z4,30.14,70.57,0,87.44,28.67,19823,Low
27-08-2025 18:00,Z4,28.36,70.16,0,87.2,27.28,165,Low
27-08-2025 19:00,Z4,27.33,74.71,0,87.06,25.22,353,Low
27-08-2025 20:00,Z4,27.21,74.54,0,86.8,25.02,0,Low
27-08-2025 21:00,Z4,25.24,77.77,0,87.08,23.23,1253,Low
27-08-2025 22:00,Z4,24.41,78.24,0,86.92,23.29,0,Low
27-08-2025 23:00,Z4,23.97,79.86,0,86.83,22.96,0,Low
28-08-2025 00:00,Z4,24.24,80.82,0,86.35,22.41,0,Low
28-08-2025 01:00,Z4,24.17,78.35,0,86.04,22.37,0,Low
28-08-2025 02:00,Z4,23.54,82.18,0,85.93,21.9,0,Low
28-08-2025 03:00,Z4,26.03,73.58,0,85.44,24.74,1341,Low
28-08-2025 04:00,Z4,25.33,76.34,0,85.79,23.8,2372,Low
28-08-2025 05:00,Z4,28.29,71.28,0,85.71,26.13,142,Low
28-08-2025 06:00,Z4,27.88,71.55,0,86.11,27.53,0,Low
28-08-2025 07:00,Z4,29.38,73.24,0,85.9,28.15,12135,Low
28-08-2025 08:00,Z4,30.64,71.51,0,85.5,28.89,26379,Low
28-08-2025 09:00,Z4,32.3,62.97,0,85.39,31.49,38031,Low
28-08-2025 10:00,Z4,32.72,80.33,5,90,30.8,26570,Low
28-08-2025 11:00,Z4,33.83,67.17,0,89.23,31.93,53834,Low
28-08-2025 12:00,Z4,32.54,67.9,0,89.24,30.44,53400,Low
28-08-2025 13:00,Z4,31.41,69.96,0,89.18,29.49,54059,Low
28-08-2025 14:00,Z4,31.77,68.26,0,89.19,30.18,51301,Low
28-08-2025 15:00,Z4,32.22,71.21,0,89.22,29.9,43085,Low
28-08-2025 16:00,Z4,31.29,70.17,0,89.1,29.51,27447,Low
28-08-2025 17:00,Z4,30.2,68.06,0,88.98,28.96,17505,Low
28-08-2025 18:00,Z4,29.23,68.29,0,89.02,29.1,2197,Low
28-08-2025 19:00,Z4,27.02,73.13,0,89.56,25.31,1516,Low
28-08-2025 20:00,Z4,27.07,73.86,0,90,25.15,0,Low
28-08-2025 21:00,Z4,26.58,77.17,0,90,25.69,0,Low
28-08-2025 22:00,Z4,24.05,79.16,0,89.91,22.29,2270,Low
28-08-2025 23:00,Z4,23.19,83.64,0.5,90,21.6,0,Low
29-08-2025 00:00,Z4,24.4,76.88,0,89.76,23.62,241,Low
29-08-2025 01:00,Z4,24.98,76.86,0,89.35,23.88,0,Low
29-08-2025 02:00,Z4,26.17,77.72,0,89.45,24.24,1240,Low
29-08-2025 03:00,Z4,25.68,74.11,0,89.24,24.45,0,Low
29-08-2025 04:00,Z4,26.12,81.77,2,90,24.19,4529,Low
29-08-2025 05:00,Z4,27.17,73.91,0,89.68,25.51,499,Low
29-08-2025 06:00,Z4,28.31,72.67,0,89.29,26.52,0,Low
29-08-2025 07:00,Z4,30.91,69.39,0,88.93,29.05,14597,Low
29-08-2025 08:00,Z4,30.27,70.89,0,89.19,28.95,29516,Low
29-08-2025 09:00,Z4,32.35,69.72,0,89.54,31.1,37350,Low
29-08-2025 10:00,Z4,31.41,71.15,0,88.88,30.05,50644,Low
29-08-2025 11:00,Z4,31.92,66.96,0,89.22,29.98,54884,Low
29-08-2025 12:00,Z4,33.35,64.93,0,89.1,32.05,57179,Low
29-08-2025 13:00,Z4,33.66,63.67,0,89.59,31.53,56767,Low
29-08-2025 14:00,Z4,32.66,66.36,0,89.23,32.12,47891,Low
29-08-2025 15:00,Z4,31.79,69.08,0,89.53,30.64,40392,Low
29-08-2025 16:00,Z4,32.1,61.92,0,89.47,30.24,30238,Low
29-08-2025 17:00,Z4,28.88,70.41,0,89.43,27.12,13532,Low
29-08-2025 18:00,Z4,28.63,71.16,0,89.62,27.15,448,Low
29-08-2025 19:00,Z4,27.27,76.74,0,89.48,25.48,355,Low
29-08-2025 20:00,Z4,26.26,77.75,0,89.54,25.3,1033,Low
29-08-2025 21:00,Z4,26.23,76,0,89.57,24.3,0,Low
29-08-2025 22:00,Z4,24.04,78.36,0,89.69,23.08,787,Low
29-08-2025 23:00,Z4,24.86,77.89,0,89.52,23.11,351,Low
30-08-2025 00:00,Z4,23.54,81.26,0,89.76,21.84,2801,Low
30-08-2025 01:00,Z4,24.18,77.54,0,89.74,23.2,0,Low
30-08-2025 02:00,Z4,25.74,70.75,0,89.96,24.28,0,Low
30-08-2025 03:00,Z4,25.76,84.3,2,90,23.88,0,Low
30-08-2025 04:00,Z4,26.53,76.26,0,90,25.13,1035,Low
30-08-2025 05:00,Z4,28.36,72.82,0,89.85,26.09,827,Low
30-08-2025 06:00,Z4,28.62,70.36,0,89.67,27.85,2508,Low
30-08-2025 07:00,Z4,28.96,72.93,0,89.46,27.8,16357,Low
30-08-2025 08:00,Z4,30.48,66.52,0,89.36,28.73,31270,Low
30-08-2025 09:00,Z4,31.07,69.73,0,89.4,29.76,37166,Low
30-08-2025 10:00,Z4,32.64,66.76,0,89.01,31.38,48088,Low
30-08-2025 11:00,Z4,32.59,66.83,0,89,31.04,54268,Low
30-08-2025 12:00,Z4,32.54,65.54,0,88.42,30.81,55253,Low
30-08-2025 13:00,Z4,34.02,65.26,0,88.37,32.41,51088,Low
30-08-2025 14:00,Z4,31.93,65.27,0,88.2,30.45,45933,Low
30-08-2025 15:00,Z4,32.31,67.61,0,88.82,30.51,44452,Low
30-08-2025 16:00,Z4,30.12,70.99,0,88.29,27.77,24504,Low
30-08-2025 17:00,Z4,29.55,88.95,10,90,28.17,9762,Low
30-08-2025 18:00,Z4,28.52,71.2,0,90,27.37,0,Low
30-08-2025 19:00,Z4,27.61,73.37,0,90,25.88,3181,Low
30-08-2025 20:00,Z4,25.69,75.62,0,89.86,24.73,2914,Low
30-08-2025 21:00,Z4,26.05,74.07,0,89.67,24.74,0,Low
30-08-2025 22:00,Z4,24.9,75.21,0,89.22,23.95,475,Low
30-08-2025 23:00,Z4,24.67,79.35,0,89.61,22.9,0,Low
31-08-2025 00:00,Z4,24.3,79.11,0,89.33,22.58,1436,Low
31-08-2025 01:00,Z4,25.27,78.14,0.2,89.75,23.64,0,Low
31-08-2025 02:00,Z4,24.86,79.55,0,89.55,22.94,1092,Low
31-08-2025 03:00,Z4,25.99,76.11,0.2,89.99,23.92,1178,Low
31-08-2025 04:00,Z4,26.4,75,0,90,24.7,0,Low
31-08-2025 05:00,Z4,26.74,72.68,0,90,25.83,2482,Low
31-08-2025 06:00,Z4,28.99,70.97,0,89.86,27.1,4171,Low
31-08-2025 07:00,Z4,28.86,71.68,0,90,27.08,15985,Low
31-08-2025 08:00,Z4,30.73,70.47,0,89.87,28.77,30868,Low
31-08-2025 09:00,Z4,31.47,66.16,0,89.48,29.61,36171,Low
31-08-2025 10:00,Z4,33.45,65.15,0,89.16,31.35,46899,Low
31-08-2025 11:00,Z4,32.99,64.24,0,88.32,31.77,53981,Low
31-08-2025 12:00,Z4,32.83,66.37,0,88.85,32.21,58081,Low
31-08-2025 13:00,Z4,33.48,66.5,0,88.85,31.91,54290,Low
31-08-2025 14:00,Z4,32.61,66.01,0,89.38,31.11,50179,Low
31-08-2025 15:00,Z4,30.28,68.52,0,89.15,28.95,40352,Low
31-08-2025 16:00,Z4,31.07,70.94,0,89.71,28.85,26824,Low
31-08-2025 17:00,Z4,30.44,73.95,0,89.69,29.64,17127,Low
31-08-2025 18:00,Z4,28.58,72.98,0,89.71,26.79,0,Low
31-08-2025 19:00,Z4,27.3,74.13,0,89.64,26.73,493,Low
31-08-2025 20:00,Z4,26.06,73.91,0,89.43,24.78,0,Low
31-08-2025 21:00,Z4,25.62,78.28,1,90,23.69,674,Low
31-08-2025 22:00,Z4,24.89,75.64,0,90,23.03,1123,Low
31-08-2025 23:00,Z4,24.18,77.55,0,90,22.56,1111,Low
01-09-2025 00:00,Z4,23.94,75.92,0,89.75,22.05,0,Low
01-09-2025 01:00,Z4,24.6,79.96,0,89.74,23.03,371,Low
01-09-2025 02:00,Z4,24.06,80,0,89.63,22.39,0,Low
01-09-2025 03:00,Z4,25.18,77.26,0,89.75,23.85,3129,Low
01-09-2025 04:00,Z4,26.12,75.39,0,89.69,24.88,0,Low
01-09-2025 05:00,Z4,26.45,75.35,0,89.67,24.94,0,Low
01-09-2025 06:00,Z4,29.15,71.93,0,89.22,27.85,0,Low
01-09-2025 07:00,Z4,29.05,70.89,0,88.96,27.2,15056,Low
01-09-2025 08:00,Z4,31.17,69.95,0,88.22,29.26,26597,Low
01-09-2025 09:00,Z4,31.02,65.69,0,88.6,29.26,37231,Low
01-09-2025 10:00,Z4,32.97,65.14,0,88.51,31.59,49195,Low
01-09-2025 11:00,Z4,32.27,67.87,0,88.79,31.1,54669,Low
01-09-2025 12:00,Z4,32.38,67.19,0.5,89.5,30.92,27445,Low
01-09-2025 13:00,Z4,31.86,64.03,0,89.59,30.74,54881,Low
01-09-2025 14:00,Z4,33.2,65.43,0,89.48,32.51,46467,Low
01-09-2025 15:00,Z4,31.62,65.6,0,89.1,30.48,42389,Low
01-09-2025 16:00,Z4,31.57,67.42,0,89.32,29.52,31411,Low
01-09-2025 17:00,Z4,29.3,72.59,0,89.23,27.89,13059,Low
01-09-2025 18:00,Z4,28.22,76.14,0,89.55,26.75,495,Low
01-09-2025 19:00,Z4,26.42,75.9,0,89.42,24.78,0,Low
01-09-2025 20:00,Z4,25.68,75.98,0,89.69,24,1841,Low
01-09-2025 21:00,Z4,25.16,74.9,0,88.68,24.06,0,Low
01-09-2025 22:00,Z4,24.03,78.77,0,88.79,22.71,0,Low
01-09-2025 23:00,Z4,24.52,77,0,88.52,23.35,0,Low
02-09-2025 00:00,Z4,23.2,77.11,0,88.42,21.45,1117,Low
02-09-2025 01:00,Z4,22.6,82.57,0,88.35,21.17,0,Low
02-09-2025 02:00,Z4,24.29,80.87,0,88.78,23.43,876,Low
02-09-2025 03:00,Z4,25.3,78.06,0,88.92,24.22,1979,Low
02-09-2025 04:00,Z4,26.16,75.85,0,89.01,24.83,0,Low
02-09-2025 05:00,Z4,26.63,74.47,0.2,89.1,25.18,0,Low
02-09-2025 06:00,Z4,27.71,76.02,0,88.8,25.98,0,Low
02-09-2025 07:00,Z4,29.96,71.97,0,89.01,28.83,14657,Low
02-09-2025 08:00,Z4,30.52,71.35,0.2,88.87,30.38,13184,Low
02-09-2025 09:00,Z4,32.73,68.25,0,88.74,31.39,40234,Low
02-09-2025 10:00,Z4,31.54,67.26,0,89.08,29.63,48465,Low
02-09-2025 11:00,Z4,32.26,66.04,0.2,89.44,30.73,21829,Low
02-09-2025 12:00,Z4,32.39,65.4,0,89.5,31.5,55265,Low
02-09-2025 13:00,Z4,33.2,67.49,0,89.48,31.84,56665,Low
02-09-2025 14:00,Z4,31.48,66.97,0,89.5,30.79,48491,Low
02-09-2025 15:00,Z4,29.6,72.78,0,89.5,27.74,38436,Low
02-09-2025 16:00,Z4,31.01,67.63,0,89.48,29.38,28409,Low
02-09-2025 17:00,Z4,28.15,72.11,0,89.29,26.71,18308,Low
02-09-2025 18:00,Z4,27.16,71.88,0,89.79,25.63,0,Low
02-09-2025 19:00,Z4,26.96,71.21,0,89.45,24.96,0,Low
02-09-2025 20:00,Z4,25.11,75.16,0,89.48,23.45,0,Low
02-09-2025 21:00,Z4,24.8,77.78,0,89.02,24.05,2393,Low
02-09-2025 22:00,Z4,23.81,77.53,0,88.54,21.57,0,Low
02-09-2025 23:00,Z4,24.12,77.62,0,88.13,22.56,0,Low
03-09-2025 00:00,Z4,23.17,80.43,0,87.88,21.51,2077,Low
03-09-2025 01:00,Z4,23.57,82.07,0,87.66,21.73,0,Low
03-09-2025 02:00,Z4,24.35,75.45,0.2,88.18,23.4,4337,Low
03-09-2025 03:00,Z4,24.8,75.97,0,88.13,23.05,2570,Low
03-09-2025 04:00,Z4,25.93,77.05,0.2,88.23,24.65,268,Low
03-09-2025 05:00,Z4,26.53,77.44,0,88.28,25.38,0,Low
03-09-2025 06:00,Z4,27.22,72.89,0,88.27,25.35,2039,Low
03-09-2025 07:00,Z4,28.88,73.56,0,88.24,27.53,14826,Low
03-09-2025 08:00,Z4,30.52,70.29,0,87.74,29.16,26136,Low
03-09-2025 09:00,Z4,29.44,75.35,0,88.18,28.41,38053,Low
03-09-2025 10:00,Z4,31.86,67.1,0,88.06,29.71,47218,Low
03-09-2025 11:00,Z4,32.94,69.24,0,87.97,32.13,52839,Low
03-09-2025 12:00,Z4,32.61,66,0,87.96,30.87,52956,Low
03-09-2025 13:00,Z4,31.95,61.71,0,87.95,29.84,53871,Low
03-09-2025 14:00,Z4,32.4,67.91,0,88.24,31.25,45727,Low
03-09-2025 15:00,Z4,30.66,71.02,0,88.39,29.05,40092,Low
03-09-2025 16:00,Z4,30.35,71.32,0,88.88,29.14,30215,Low
03-09-2025 17:00,Z4,28.41,72.81,0,88.63,26.02,14517,Low
03-09-2025 18:00,Z4,27.4,74.05,0,88.14,26.59,98,Low
03-09-2025 19:00,Z4,27.83,72.46,0,88.05,25.99,1617,Low
03-09-2025 20:00,Z4,25.56,72.83,0,88.67,24.03,195,Low
03-09-2025 21:00,Z4,25.3,77.04,0,88.78,22.85,1984,Low
03-09-2025 22:00,Z4,23.87,77.9,0,88.77,23.01,0,Low
03-09-2025 23:00,Z4,23.16,80.28,0,88.85,21.86,126,Low
04-09-2025 00:00,Z4,23.9,79.54,0,89.11,22.08,0,Low
04-09-2025 01:00,Z4,23.29,81.52,0,89.35,21.62,0,Low
04-09-2025 02:00,Z4,23.89,80.14,0,89.36,22.49,4471,Low
04-09-2025 03:00,Z4,24.73,77.1,0.2,89.87,23.4,0,Low
04-09-2025 04:00,Z4,26.37,76.93,0,89.75,24.96,0,Low
04-09-2025 05:00,Z4,26.84,74.29,0,89.67,25.24,35,Low
04-09-2025 06:00,Z4,28.14,73.98,0,89.93,27.22,692,Low
04-09-2025 07:00,Z4,28.69,71.26,0,90,26.69,11894,Low
04-09-2025 08:00,Z4,30.75,68.97,0,89.69,29.51,28412,Low
04-09-2025 09:00,Z4,31.04,70.94,0,89.41,29.84,43752,Low
04-09-2025 10:00,Z4,33.34,68.48,0,89.46,31.76,49570,Low
04-09-2025 11:00,Z4,31.91,66.31,0,89.22,30.4,54749,Low
04-09-2025 12:00,Z4,33.26,63.78,0,89.66,32.17,53499,Low
04-09-2025 13:00,Z4,32.76,81.82,5,90,31.36,27158,Low
04-09-2025 14:00,Z4,31.31,70.19,0,90,30.22,47774,Low
04-09-2025 15:00,Z4,30.33,69.18,0,90,28.19,42174,Low
04-09-2025 16:00,Z4,29.99,68.61,0,89.83,29.21,24140,Low
04-09-2025 17:00,Z4,28.61,71.65,0,89.93,26.63,19270,Low
04-09-2025 18:00,Z4,28.4,75.42,0,89.58,26.79,0,Low
04-09-2025 19:00,Z4,27.72,72.9,0,89.87,25.66,1652,Low
04-09-2025 20:00,Z4,26.15,74.13,0,89.75,24.04,91,Low
04-09-2025 21:00,Z4,24.71,75.14,0.2,89.9,22.91,632,Low
04-09-2025 22:00,Z4,25.87,77.82,0,89.6,24.2,60,Low
04-09-2025 23:00,Z4,24.34,78.38,0,89.52,22.72,0,Low
05-09-2025 00:00,Z4,23.91,79.88,0,89.2,23.62,1574,Low
05-09-2025 01:00,Z4,24.19,79.39,0,89.16,23.63,0,Low
05-09-2025 02:00,Z4,24.89,79.05,0,89.16,23.72,2351,Low
05-09-2025 03:00,Z4,25.82,75.79,0,89.12,24.52,1303,Low
05-09-2025 04:00,Z4,25.19,77.49,0,89.22,23.65,2738,Low
05-09-2025 05:00,Z4,27.65,76.97,0,88.75,26.08,1315,Low
05-09-2025 06:00,Z4,28.03,72.45,0,88.34,26.12,0,Low
05-09-2025 07:00,Z4,29.32,70.96,0,88.45,28.29,15794,Low
05-09-2025 08:00,Z4,31.3,68.76,0.2,88.54,29.72,16098,Low
05-09-2025 09:00,Z4,31.81,66.52,0,88.62,30.54,40705,Low
05-09-2025 10:00,Z4,31.54,68.05,0,88.75,29.65,47450,Low
05-09-2025 11:00,Z4,32.58,69.63,0,88.97,31.06,52738,Low
05-09-2025 12:00,Z4,33.21,67.29,0,88.63,31.67,56522,Low
05-09-2025 13:00,Z4,32.87,63.38,0,88.44,31.48,54705,Low
05-09-2025 14:00,Z4,31.72,66.62,0,87.97,30.06,46787,Low
05-09-2025 15:00,Z4,30.72,67.16,0,87.73,28.86,41854,Low
05-09-2025 16:00,Z4,30.1,71.68,0,87.69,28.58,25997,Low
05-09-2025 17:00,Z4,30.59,68.25,0,87.4,28.91,16399,Low
05-09-2025 18:00,Z4,28.13,74.69,0,87.19,26.56,0,Low
05-09-2025 19:00,Z4,26.7,71.91,0,87.2,25.45,1561,Low
05-09-2025 20:00,Z4,26.53,77.76,0,87.36,24.98,1823,Low
05-09-2025 21:00,Z4,24.68,77.46,0,87.49,23.98,585,Low
05-09-2025 22:00,Z4,24.89,79.36,0,87.67,22.71,0,Low
05-09-2025 23:00,Z4,24.36,77.71,0,87.9,23.11,0,Low
06-09-2025 00:00,Z4,23.66,80.15,0.2,88.44,22.16,467,Low
06-09-2025 01:00,Z4,23.31,78.89,0,88.33,21.78,0,Low
06-09-2025 02:00,Z4,24.38,83.25,0.5,88.96,23.2,0,Low
06-09-2025 03:00,Z4,24.5,76.37,0,88.62,22.49,0,Low
06-09-2025 04:00,Z4,26.4,73.18,0,89.08,25.2,0,Low
06-09-2025 05:00,Z4,27.04,73.53,0,88.96,25.65,3411,Low
06-09-2025 06:00,Z4,26.99,74.88,0,88.65,25.22,0,Low
06-09-2025 07:00,Z4,29.35,73.76,0,88.6,27.88,10724,Low
06-09-2025 08:00,Z4,29.49,72.92,0,89.14,28.61,29576,Low
06-09-2025 09:00,Z4,31.42,70.34,0,88.92,29.37,42451,Low
06-09-2025 10:00,Z4,31.34,69.51,0,88.89,29.62,52606,Low
06-09-2025 11:00,Z4,32.7,63.5,0,88.96,31.65,51520,Low
06-09-2025 12:00,Z4,32.77,62.22,0,89.51,31.17,51801,Low
06-09-2025 13:00,Z4,31.47,69.67,0,89.31,29.65,55561,Low
06-09-2025 14:00,Z4,32.4,65.52,0,89.08,31.16,50295,Low
06-09-2025 15:00,Z4,31.61,64.7,0,89.34,30.46,38136,Low
06-09-2025 16:00,Z4,30.82,69.51,0,89.85,28.5,31066,Low
06-09-2025 17:00,Z4,29.5,72.3,0,90,27.8,16127,Low
06-09-2025 18:00,Z4,27.22,74.88,0,90,25.47,2030,Low
06-09-2025 19:00,Z4,26.72,75.57,0,90,25.23,0,Low
06-09-2025 20:00,Z4,25.73,75.64,0,89.82,24.7,0,Low
06-09-2025 21:00,Z4,24.32,80.6,0,89.91,23.55,0,Low
06-09-2025 22:00,Z4,25.22,75.89,0,90,23.63,4542,Low
06-09-2025 23:00,Z4,24.4,78.4,0,90,22.88,0,Low
07-09-2025 00:00,Z4,23.24,79.94,0,89.48,21.95,0,Low
07-09-2025 01:00,Z4,23.86,77.43,0,89.71,22.12,0,Low
07-09-2025 02:00,Z4,24.5,75.77,0,89.74,23.42,0,Low
07-09-2025 03:00,Z4,24.71,76.9,0,89.6,23.83,0,Low
07-09-2025 04:00,Z4,27.14,75.09,0,89.49,25.65,4538,Low
07-09-2025 05:00,Z4,27.62,69.98,0,89.3,25.75,0,Low
07-09-2025 06:00,Z4,28.04,73.9,0,89.4,26.79,0,Low
07-09-2025 07:00,Z4,29.48,71.89,0,89.61,27.98,16456,Low
07-09-2025 08:00,Z4,30.59,67.37,0,89.48,29.05,28754,Low
07-09-2025 09:00,Z4,30.12,70.19,0,89.54,28.5,41221,Low
07-09-2025 10:00,Z4,31.63,71.52,0,89.44,30.13,45316,Low
07-09-2025 11:00,Z4,32.48,67.05,0,89.51,30.89,55512,Low
07-09-2025 12:00,Z4,32.66,68.88,0,89.9,31.76,52778,Low
07-09-2025 13:00,Z4,32.1,73.23,1,90,29.81,27651,Low
07-09-2025 14:00,Z4,32.19,69.79,0,89.34,30.84,51465,Low
07-09-2025 15:00,Z4,30.81,69.98,0,89.68,29.21,38983,Low
07-09-2025 16:00,Z4,30.92,69.54,0,89.26,29.85,27811,Low
07-09-2025 17:00,Z4,29.8,68.49,0,88.96,28.43,16212,Low
07-09-2025 18:00,Z4,28.45,76.29,1,90,27.14,756,Low
07-09-2025 19:00,Z4,26.7,79.23,0,89.88,25.7,0,Low
07-09-2025 20:00,Z4,25.9,77.47,0,89.82,24.34,3230,Low
07-09-2025 21:00,Z4,23.81,76.56,0,90,22.41,2482,Low
07-09-2025 22:00,Z4,24.71,76.4,0,89.96,23.02,1159,Low
07-09-2025 23:00,Z4,25.5,77.69,0,89.88,23.97,1562,Low
08-09-2025 00:00,Z4,23.37,80.58,0,89.99,22.54,935,Low
08-09-2025 01:00,Z4,24.68,79.67,0,89.89,23.13,2994,Low
08-09-2025 02:00,Z4,23.93,77.45,0,90,22.23,3453,Low
08-09-2025 03:00,Z4,25.23,80.01,0,90,23.66,0,Low
08-09-2025 04:00,Z4,25.47,76.36,0.5,90,23.77,0,Low
08-09-2025 05:00,Z4,26.65,74.54,0,90,25.88,3307,Low
08-09-2025 06:00,Z4,28.03,73.66,0,89.91,26.47,895,Low
08-09-2025 07:00,Z4,29.76,73.12,0,90,28.89,12298,Low
08-09-2025 08:00,Z4,29.87,71.77,0,89.87,28.27,26309,Low
08-09-2025 09:00,Z4,31.89,68.32,0,89.79,30.28,37378,Low
08-09-2025 10:00,Z4,32.2,65.99,0,89.13,30.68,49374,Low
08-09-2025 11:00,Z4,33.03,68.41,0,88.8,32.47,53836,Low
08-09-2025 12:00,Z4,32.46,67.23,0,88.3,30.93,49442,Low
08-09-2025 13:00,Z4,31.74,67.67,0,88.13,30.41,52934,Low
08-09-2025 14:00,Z4,30.84,70.58,0,88.13,29.98,47964,Low
08-09-2025 15:00,Z4,30.18,73.54,0,88.29,28.82,39568,Low
08-09-2025 16:00,Z4,30.52,71.15,0,88.53,28.82,30080,Low
08-09-2025 17:00,Z4,29.03,74.41,0,88.07,27.66,12947,Low
08-09-2025 18:00,Z4,28.1,74.67,0,88.44,26.22,0,Low
08-09-2025 19:00,Z4,25.99,77.46,0,88.66,24.31,1480,Low
08-09-2025 20:00,Z4,26.55,80.3,2,90,26.12,733,Low
08-09-2025 21:00,Z4,24.64,83.33,2,90,22.71,0,Low
08-09-2025 22:00,Z4,24.97,79.86,0,89.58,23.89,0,Low
08-09-2025 23:00,Z4,24.05,81.83,0,89.58,21.83,0,Low
09-09-2025 00:00,Z4,23.82,80.68,0,89.8,22.44,699,Low
09-09-2025 01:00,Z4,23.84,79.49,0,89.62,22.57,0,Low
09-09-2025 02:00,Z4,24.35,80.71,0,90,23.09,1420,Low
09-09-2025 03:00,Z4,25.36,77.56,0,90,24.42,1785,Low
09-09-2025 04:00,Z4,26.26,77.68,0,89.65,24.92,0,Low
09-09-2025 05:00,Z4,27.54,75.66,0,89.57,25.03,445,Low
09-09-2025 06:00,Z4,27.36,74.6,0,89.62,26.47,1413,Low
09-09-2025 07:00,Z4,28.19,73.83,0,89.22,27.02,15405,Low
09-09-2025 08:00,Z4,30.31,75.87,0,89.24,29.27,27795,Low
09-09-2025 09:00,Z4,30.9,70.93,0,89.41,28.72,40265,Low
09-09-2025 10:00,Z4,31.37,65.28,0,89.13,29.55,45008,Low
09-09-2025 11:00,Z4,32.67,68.12,0,88.87,31.45,52526,Low
09-09-2025 12:00,Z4,32.97,67.27,0,89.02,30.55,53794,Low
09-09-2025 13:00,Z4,32.15,66.39,0,88.82,30.6,57551,Low
09-09-2025 14:00,Z4,32.59,69.49,0,88.67,30.73,51577,Low
09-09-2025 15:00,Z4,31.84,69.56,0,89.17,30.35,39980,Low
09-09-2025 16:00,Z4,31.82,69.67,0,88.9,29.82,30349,Low
09-09-2025 17:00,Z4,28.45,69.78,0,89.16,27.34,14060,Low
09-09-2025 18:00,Z4,27.36,72.15,0,89.3,26.33,276,Low
09-09-2025 19:00,Z4,25.92,72.96,0.2,89.52,25.23,3656,Low
09-09-2025 20:00,Z4,26.11,75.22,0,89.21,25.25,3122,Low
09-09-2025 21:00,Z4,25.41,78.38,0,89.21,23.6,3370,Low
09-09-2025 22:00,Z4,24.6,78.21,0,89.03,23.05,1936,Low
09-09-2025 23:00,Z4,23.69,77.91,0,89.22,22,1998,Low
10-09-2025 00:00,Z4,24.38,78.05,0,89.26,21.84,0,Low
10-09-2025 01:00,Z4,23.45,83.18,0,89.06,21.95,0,Low
10-09-2025 02:00,Z4,24.45,79.11,0,89.42,23.6,1259,Low
10-09-2025 03:00,Z4,25.35,76.51,0,89.56,24.05,3434,Low
10-09-2025 04:00,Z4,25.6,76.86,0,89.45,23.7,0,Low
10-09-2025 05:00,Z4,26.62,74.52,0,89.7,25.26,0,Low
10-09-2025 06:00,Z4,28.35,71.6,0,89.85,26.82,0,Low
10-09-2025 07:00,Z4,29,72.44,0,89.94,26.81,11583,Low
10-09-2025 08:00,Z4,29.71,70.12,0,90,28.55,27912,Low
10-09-2025 09:00,Z4,31.7,65.36,0,90,30.06,39516,Low
10-09-2025 10:00,Z4,31.45,67.4,0,90,30.52,49716,Low
10-09-2025 11:00,Z4,32.71,63.96,0,90,31.73,55314,Low
10-09-2025 12:00,Z4,31.86,66.24,0,89.78,30.97,56275,Low
10-09-2025 13:00,Z4,32.96,69.82,0,89.21,31.48,55746,Low
10-09-2025 14:00,Z4,31.08,66.79,0,88.72,29.83,49833,Low
10-09-2025 15:00,Z4,30.87,67.2,0,88.04,29.47,37757,Low
10-09-2025 16:00,Z4,29.88,69.03,0,88.03,28.6,29966,Low
10-09-2025 17:00,Z4,29.5,71.1,0,87.04,28.07,15356,Low
10-09-2025 18:00,Z4,28.11,73.86,0,87.05,25.83,0,Low
10-09-2025 19:00,Z4,27.35,74.67,0,87.28,25.7,0,Low
10-09-2025 20:00,Z4,26.17,75.55,0,86.68,25.15,1455,Low
10-09-2025 21:00,Z4,24.72,77.71,0,86.34,23.03,0,Low
10-09-2025 22:00,Z4,23.69,92.68,10,90,21.73,1147,Low
10-09-2025 23:00,Z4,23.88,77.18,0,89.95,21.85,2502,Low
11-09-2025 00:00,Z4,22.59,79.83,0,89.64,21.48,0,Low
11-09-2025 01:00,Z4,22.7,79.51,0,89.73,21.36,1242,Low
11-09-2025 02:00,Z4,23.57,76.25,0,89.68,22.52,0,Low
11-09-2025 03:00,Z4,25.79,76.98,0,89.61,25.12,0,Low
11-09-2025 04:00,Z4,26.41,74.86,0,89.69,25.01,0,Low
11-09-2025 05:00,Z4,26.44,79.26,0,89.73,25.96,0,Low
11-09-2025 06:00,Z4,27.4,76,0,89.99,25.78,0,Low
11-09-2025 07:00,Z4,29.02,71.75,0,90,27.86,11813,Low
11-09-2025 08:00,Z4,30.28,70.77,0,89.62,29.7,26927,Low
11-09-2025 09:00,Z4,31.51,68.46,0,89.55,30.22,38203,Low
11-09-2025 10:00,Z4,32.77,64.46,0,89.98,32.23,50483,Low
11-09-2025 11:00,Z4,32.04,67.44,0,89.33,30.55,53821,Low
11-09-2025 12:00,Z4,32.19,67.33,0,89.39,30.6,54671,Low
11-09-2025 13:00,Z4,33.18,64.35,0,89.18,30.76,58536,Low
11-09-2025 14:00,Z4,31.26,67.91,0,89.09,29.72,47381,Low
11-09-2025 15:00,Z4,31.97,67.26,0,88.91,30.26,39187,Low
11-09-2025 16:00,Z4,31.36,68.51,0,88.72,30.11,27472,Low
11-09-2025 17:00,Z4,29.02,71.45,0,89.27,27.15,15705,Low
11-09-2025 18:00,Z4,27.85,71.14,0,89.15,26.9,0,Low
11-09-2025 19:00,Z4,26.04,74.69,0,89.33,24.91,7,Low
11-09-2025 20:00,Z4,25.76,77.36,0,88.9,24.75,0,Low
11-09-2025 21:00,Z4,25.61,76.31,0,88.92,24.54,0,Low
11-09-2025 22:00,Z4,24.11,77.93,0,88.75,23.78,0,Low
11-09-2025 23:00,Z4,23.97,80.72,0,88.57,22.66,826,Low
12-09-2025 00:00,Z4,23.49,77.12,0,87.94,21.7,0,Low
12-09-2025 01:00,Z4,22.92,79.97,0,88.19,20.99,0,Low
12-09-2025 02:00,Z4,23.8,77.64,0,88.15,21.89,0,Low
12-09-2025 03:00,Z4,23.69,77.28,0,87.28,21.56,0,Low
12-09-2025 04:00,Z4,25.49,78.09,0,87.61,23.57,1179,Low
12-09-2025 05:00,Z4,26.94,73.23,0,87.43,25.18,504,Low
12-09-2025 06:00,Z4,30.02,68.95,0,87.54,29.56,2665,Low
12-09-2025 07:00,Z4,29.54,71.68,0,87.94,27.62,10483,Low
12-09-2025 08:00,Z4,31.75,65,0,87.67,30.2,27211,Low
12-09-2025 09:00,Z4,31.34,64.76,0,86.96,30.08,40951,Low
12-09-2025 10:00,Z4,31.81,67.15,0,86.58,29.78,45447,Low
12-09-2025 11:00,Z4,32.28,69.66,0,86.5,30.9,54612,Low
12-09-2025 12:00,Z4,33.5,59.54,0,86.5,32.69,59736,Low
12-09-2025 13:00,Z4,31.6,70.37,0,86.07,29.62,53609,Low
12-09-2025 14:00,Z4,32.42,63.49,0,85.54,30.77,46714,Low
12-09-2025 15:00,Z4,30.8,70.39,0,85.82,29.1,39939,Low
12-09-2025 16:00,Z4,30.16,71.05,0,85.79,28.35,27777,Low
12-09-2025 17:00,Z4,29.29,73.43,0,85.85,28.44,11325,Low
12-09-2025 18:00,Z4,29.17,72.35,0,85.62,28.08,1108,Low
12-09-2025 19:00,Z4,26.61,74.29,0,85.56,25.74,1407,Low
12-09-2025 20:00,Z4,25.95,77.76,0,85.75,24.57,0,Low
12-09-2025 21:00,Z4,25.46,74.98,0,85.64,24.01,1920,Low
12-09-2025 22:00,Z4,24.93,78.54,0,86.42,23.71,539,Low
12-09-2025 23:00,Z4,23.92,77.47,0,86.18,22.58,2097,Low
13-09-2025 00:00,Z4,24.21,76.33,0,86.4,22.13,0,Low
13-09-2025 01:00,Z4,22.95,79.34,0,85.94,20.58,3144,Low
13-09-2025 02:00,Z4,24.15,77.55,0,85.96,22.52,0,Low
13-09-2025 03:00,Z4,24.73,76.86,0,85.83,22.95,0,Low
13-09-2025 04:00,Z4,25.58,77.6,0,85.48,24.04,0,Low
13-09-2025 05:00,Z4,27.75,76.67,0,85.45,25.3,949,Low
13-09-2025 06:00,Z4,27.97,73.08,0,84.87,27,653,Low
13-09-2025 07:00,Z4,28.69,75.05,0,84.28,27.44,11555,Low
13-09-2025 08:00,Z4,30.29,76.13,2,86.55,29.15,12756,Low
13-09-2025 09:00,Z4,30.38,68.71,0,86.09,28.4,43682,Low
13-09-2025 10:00,Z4,32.62,66.8,0,86.16,31.03,44637,Low
13-09-2025 11:00,Z4,31.95,67,0,85.83,30.55,49303,Low
13-09-2025 12:00,Z4,32.25,65.51,0,86,30.49,56511,Low
13-09-2025 13:00,Z4,32.14,65.82,0,85.85,30.06,53327,Low
13-09-2025 14:00,Z4,31.44,69.89,0,86.1,30.4,52607,Low
13-09-2025 15:00,Z4,31.28,67.56,0,86.25,30.14,38759,Low
13-09-2025 16:00,Z4,29.87,70.07,0.2,87.2,28.47,14289,Low
13-09-2025 17:00,Z4,30.05,70.92,0,87.21,28.16,14296,Low
13-09-2025 18:00,Z4,28.71,73.24,0,87.03,26.93,421,Low
13-09-2025 19:00,Z4,27.55,72.65,0,87.31,26.45,5630,Low
13-09-2025 20:00,Z4,24.45,77.94,0,87.75,22.91,213,Low
13-09-2025 21:00,Z4,25.36,77.81,0,87.75,23.46,0,Low
13-09-2025 22:00,Z4,23.99,79.77,0,87.9,22.43,0,Low
13-09-2025 23:00,Z4,23.52,78.64,0,87.72,21.89,1549,Low
14-09-2025 00:00,Z4,24.67,80.12,0,88.05,23.1,0,Low
14-09-2025 01:00,Z4,23.15,81.22,0,87.9,21.73,0,Low
14-09-2025 02:00,Z4,23.84,83.3,0,87.96,22.04,0,Low
14-09-2025 03:00,Z4,23.89,78.16,0,87.84,22.39,1840,Low
14-09-2025 04:00,Z4,26.12,76.37,0,87.74,24.58,1004,Low
14-09-2025 05:00,Z4,26.17,75.94,0,87.88,24.57,205,Low
14-09-2025 06:00,Z4,27.9,73.19,0,88.05,26.37,566,Low
14-09-2025 07:00,Z4,29.58,71.86,0,88.47,28.66,15315,Low
14-09-2025 08:00,Z4,30.01,69.29,0,88.62,28.76,24506,Low
14-09-2025 09:00,Z4,31.17,68.43,0,88.38,30.06,37677,Low
14-09-2025 10:00,Z4,31.49,71.03,0,88.48,30.17,47068,Low
14-09-2025 11:00,Z4,32.59,64.62,0,88.87,31.25,50113,Low
14-09-2025 12:00,Z4,33.07,67.5,0,88.91,31.31,55660,Low
14-09-2025 13:00,Z4,32.24,67.12,0,88.46,30.86,53527,Low
14-09-2025 14:00,Z4,31.7,69.38,0,87.86,30.23,45760,Low
14-09-2025 15:00,Z4,30.74,69.52,0,88.11,29.87,36747,Low
14-09-2025 16:00,Z4,31.22,69.14,0,87.84,29.79,28057,Low
14-09-2025 17:00,Z4,29.86,77.16,2,90,28.18,3751,Low
14-09-2025 18:00,Z4,28.15,75.94,0,89.79,27.4,51,Low
14-09-2025 19:00,Z4,26.87,74.55,0,89.89,24.86,0,Low
14-09-2025 20:00,Z4,26.07,79.22,0,89.89,24.5,1500,Low
14-09-2025 21:00,Z4,24.93,78.56,0,89.46,23.19,2039,Low
14-09-2025 22:00,Z4,24.71,79.96,0,89.4,23.62,0,Low
14-09-2025 23:00,Z4,22.97,80.24,0.2,89.88,21.31,0,Low
15-09-2025 00:00,Z4,24.15,80.4,0,90,22.75,0,Low
15-09-2025 01:00,Z4,23.64,80.47,0,89.88,22.07,1783,Low
15-09-2025 02:00,Z4,25.07,74.28,0,89.69,23.91,22,Low
15-09-2025 03:00,Z4,23.44,79.54,0,89.59,22.1,0,Low
15-09-2025 04:00,Z4,26.59,78.9,0,90,25.28,0,Low
15-09-2025 05:00,Z4,25.62,77.27,0,89.91,24.2,3210,Low
15-09-2025 06:00,Z4,27.13,73.9,0,90,25.36,1684,Low
15-09-2025 07:00,Z4,29.6,68.78,0,89.98,28.43,10459,Low
15-09-2025 08:00,Z4,30.37,66.72,0,90,29.15,26920,Low
15-09-2025 09:00,Z4,32.32,66.58,0,89.8,31.28,41080,Low
15-09-2025 10:00,Z4,32.64,66.4,0,90,31.86,50924,Low
15-09-2025 11:00,Z4,33.38,70.64,0,90,31.74,53312,Low
15-09-2025 12:00,Z4,31.29,68.36,0,89.46,30.5,57610,Low
15-09-2025 13:00,Z4,31.88,65.8,0,89.54,29.41,54201,Low
15-09-2025 14:00,Z4,30.82,68.63,0,89.74,29.56,49477,Low
15-09-2025 15:00,Z4,29.8,71.98,0,89.43,28.33,36977,Low
15-09-2025 16:00,Z4,30.08,69.16,0,89.1,27.83,28005,Low
15-09-2025 17:00,Z4,29.64,70.85,0,89.07,27.62,12842,Low
15-09-2025 18:00,Z4,27.78,75.53,0,89.39,26.05,0,Low
15-09-2025 19:00,Z4,26.71,77.4,0,89.47,25.73,310,Low
15-09-2025 20:00,Z4,25.79,76.32,0,89.4,23.71,0,Low
15-09-2025 21:00,Z4,25.33,76.98,0,89.52,23.45,0,Low
15-09-2025 22:00,Z4,25.45,77.23,0,89.32,23.4,219,Low
15-09-2025 23:00,Z4,23.99,78.18,0,89.63,22.55,3941,Low
16-09-2025 00:00,Z4,23.8,80.94,0,89.95,22.7,1477,Low
16-09-2025 01:00,Z4,23.57,80.31,0,89.5,22.17,0,Low
16-09-2025 02:00,Z4,23.68,77.24,0,90,22.11,757,Low
16-09-2025 03:00,Z4,24.12,79.65,0,89.74,22.2,0,Low
16-09-2025 04:00,Z4,25.91,78.77,0,90,24.35,31,Low
16-09-2025 05:00,Z4,27.5,76.69,0,90,25.77,256,Low
16-09-2025 06:00,Z4,28.51,76.06,1,90,26.48,529,Low
16-09-2025 07:00,Z4,28.74,72.68,0,89.74,27.75,17131,Low
16-09-2025 08:00,Z4,29.29,72.19,0,89.33,27.15,26826,Low
16-09-2025 09:00,Z4,31.14,68.44,0,89.49,30.33,38412,Low
16-09-2025 10:00,Z4,32.88,66.4,0,89.08,30.99,47352,Low
16-09-2025 11:00,Z4,32.92,64.75,0,88.8,31.39,53840,Low
16-09-2025 12:00,Z4,32.53,67.85,0,88.79,30.96,54330,Low
16-09-2025 13:00,Z4,32.49,64.01,0,88.79,31.48,52832,Low
16-09-2025 14:00,Z4,32.46,65.38,0,88.45,31.22,44190,Low
16-09-2025 15:00,Z4,31.32,70.59,0,87.89,29.56,39114,Low
16-09-2025 16:00,Z4,32.28,67.02,0,87.81,30.6,28848,Low
16-09-2025 17:00,Z4,28.8,68.24,0,87.62,26.37,11888,Low
16-09-2025 18:00,Z4,27.7,72.42,0,87.67,25.92,0,Low
16-09-2025 19:00,Z4,25.99,89.57,5,90,23.84,1994,Low
16-09-2025 20:00,Z4,25.71,77.6,0,90,23.69,1579,Low
16-09-2025 21:00,Z4,24.21,77.88,0,90,23.2,0,Low
16-09-2025 22:00,Z4,23.14,79.98,0,89.96,20.88,0,Low
16-09-2025 23:00,Z4,23.59,79.48,0,89.84,21.89,3756,Low
17-09-2025 00:00,Z4,23.6,80.93,0,90,22.04,2040,Low
17-09-2025 01:00,Z4,24.89,77.1,0,90,23.78,0,Low
17-09-2025 02:00,Z4,23.68,79.31,0,89.36,21.63,4420,Low
17-09-2025 03:00,Z4,24.42,79.72,0,89.23,22.58,1377,Low
17-09-2025 04:00,Z4,25.09,79.38,0,88.89,23.69,0,Low
17-09-2025 05:00,Z4,27.5,75.13,0,89.38,25.88,0,Low
17-09-2025 06:00,Z4,28.41,73.94,0,88.89,27.17,0,Low
17-09-2025 07:00,Z4,29.18,70.96,0,88.83,28.12,14093,Low
17-09-2025 08:00,Z4,30.1,69.99,0,88.42,28.37,29390,Low
17-09-2025 09:00,Z4,31.38,68.96,0,88.34,30.05,38574,Low
17-09-2025 10:00,Z4,31.46,70.09,0,87.75,29.72,51153,Low
17-09-2025 11:00,Z4,32.12,68.88,0.2,87.92,29.82,29256,Low
17-09-2025 12:00,Z4,32.47,66.03,0,87.39,30.63,57406,Low
17-09-2025 13:00,Z4,31.72,68.06,0,87.42,30.51,51528,Low
17-09-2025 14:00,Z4,31.71,66.27,0,87.24,30.34,51177,Low
17-09-2025 15:00,Z4,31.17,69.83,0,86.68,30.08,41960,Low
17-09-2025 16:00,Z4,30.31,71.94,0,86.16,29.81,28083,Low
17-09-2025 17:00,Z4,28.78,72.56,0,85.98,27.66,14762,Low
17-09-2025 18:00,Z4,28.45,74.15,0,86.11,27.54,0,Low
17-09-2025 19:00,Z4,27.19,75.73,0.5,86.77,26.45,1659,Low
17-09-2025 20:00,Z4,26.71,74.2,0,86.82,25.14,1917,Low
17-09-2025 21:00,Z4,25.16,80.78,0,87.11,23.37,1933,Low
17-09-2025 22:00,Z4,24.12,77.71,0,87.26,22.79,655,Low
17-09-2025 23:00,Z4,24.73,75.37,0,87.3,23,645,Low
18-09-2025 00:00,Z4,23,78.86,0,87.51,21.41,0,Low
18-09-2025 01:00,Z4,23.55,75.36,0,87.78,21.73,4039,Low
18-09-2025 02:00,Z4,22.76,79.72,0,88.06,21.26,707,Low
18-09-2025 03:00,Z4,24.27,79.55,0,87.81,23.47,0,Low
18-09-2025 04:00,Z4,25.55,80.22,0.2,88,24.51,1482,Low
18-09-2025 05:00,Z4,26.59,74.21,0,87.97,25.39,0,Low
18-09-2025 06:00,Z4,28.76,73.41,0,88.62,27.37,971,Low
18-09-2025 07:00,Z4,29.75,69.07,0,88.11,28.29,13238,Low
18-09-2025 08:00,Z4,30.34,73.19,0.2,88.1,28.6,13995,Low
18-09-2025 09:00,Z4,31.54,68.13,0,88.07,29.63,38066,Low
18-09-2025 10:00,Z4,32.01,67.51,0,87.9,30.9,53045,Low
18-09-2025 11:00,Z4,33.26,65.64,0,88.05,32.16,56463,Low
18-09-2025 12:00,Z4,33.71,68.06,0,88.72,31.9,57610,Low
18-09-2025 13:00,Z4,33.16,66.03,0,88.45,31.54,55069,Low
18-09-2025 14:00,Z4,32.43,68.06,0,88.38,30.71,48096,Low
18-09-2025 15:00,Z4,31.23,68.7,0,88.61,29,37768,Low
18-09-2025 16:00,Z4,31.11,67.56,0,88.36,29.68,27257,Low
18-09-2025 17:00,Z4,29.25,69.99,0,88.49,27.88,13314,Low
18-09-2025 18:00,Z4,28.56,73.77,0,88.86,27.16,0,Low
18-09-2025 19:00,Z4,26.51,91.66,5,90,25.83,0,Low
18-09-2025 20:00,Z4,25.41,80.49,0.5,90,24.67,470,Low
18-09-2025 21:00,Z4,26.03,75.45,0,89.22,24.58,1776,Low
18-09-2025 22:00,Z4,23.38,79.35,0,88.97,22.03,0,Low
18-09-2025 23:00,Z4,23.63,78.59,0,88.97,21.76,1713,Low
19-09-2025 00:00,Z4,23.24,83.66,0,88.58,21.71,0,Low
19-09-2025 01:00,Z4,24.41,77.69,0,88.56,22.05,0,Low
19-09-2025 02:00,Z4,24.15,79.03,0,88.9,22.32,0,Low
19-09-2025 03:00,Z4,24.49,76.24,0,88.77,22.77,0,Low
19-09-2025 04:00,Z4,25.03,79.78,0,88.49,23.89,0,Low
19-09-2025 05:00,Z4,26.06,73.57,0,88.56,24.52,761,Low
19-09-2025 06:00,Z4,27.48,76.04,0,88.58,26.33,0,Low
19-09-2025 07:00,Z4,29.43,71.23,0,89.04,28.15,14897,Low
19-09-2025 08:00,Z4,29.85,70.81,0,89.01,28.13,25525,Low
19-09-2025 09:00,Z4,31.29,72.46,0,88.93,29.71,39561,Low
19-09-2025 10:00,Z4,31.76,69.48,0,88.31,29.65,48400,Low
19-09-2025 11:00,Z4,32.4,67.09,0,88.26,30.84,55373,Low
19-09-2025 12:00,Z4,32.8,64.24,0,88.66,31.43,58165,Low
19-09-2025 13:00,Z4,31.25,70.07,0,88.51,30.19,51074,Low
19-09-2025 14:00,Z4,32.01,69.36,0,88.8,30.46,49576,Low
19-09-2025 15:00,Z4,30.81,70.46,0,88.62,29.64,37395,Low
19-09-2025 16:00,Z4,30.92,67.77,0,88.89,28.8,27441,Low
19-09-2025 17:00,Z4,29.03,72.57,0,88.32,27.43,12674,Low
19-09-2025 18:00,Z4,28.35,72.88,0,88.5,26.66,1670,Low
19-09-2025 19:00,Z4,27.62,72.22,0,88.81,26.46,1034,Low
19-09-2025 20:00,Z4,25.97,77.57,0,88.78,24.37,742,Low
19-09-2025 21:00,Z4,25.52,76.34,0,87.94,23.98,0,Low
19-09-2025 22:00,Z4,24.39,77.18,0,87.52,22.51,0,Low
19-09-2025 23:00,Z4,23.46,75.64,0,87.38,22,849,Low
20-09-2025 00:00,Z4,24,77.98,0,87.24,23.05,4590,Low
20-09-2025 01:00,Z4,24.27,80.53,0,87.58,22.65,0,Low
20-09-2025 02:00,Z4,24.24,77.48,0,87.39,22.4,770,Low
20-09-2025 03:00,Z4,24.55,79.83,0,87.89,22.32,1557,Low
20-09-2025 04:00,Z4,25.77,73.94,0,87.67,24.65,3066,Low
20-09-2025 05:00,Z4,27.98,75.04,0,87.67,26.89,0,Low
20-09-2025 06:00,Z4,29.02,73.89,0,87.7,27.07,0,Low
20-09-2025 07:00,Z4,29.47,70.51,0,87.6,28.57,17997,Low
20-09-2025 08:00,Z4,28.82,73.33,0.2,87.63,26.81,15332,Low
20-09-2025 09:00,Z4,30.87,71.5,0,87.94,29.85,39877,Low
20-09-2025 10:00,Z4,31.75,67.74,0,87.65,30.77,45210,Low
20-09-2025 11:00,Z4,32.18,69.45,0,87.93,30.51,55010,Low
20-09-2025 12:00,Z4,32.89,67.52,0,87.89,31.36,53811,Low
20-09-2025 13:00,Z4,32.51,67.39,0,87.56,31.13,51792,Low
20-09-2025 14:00,Z4,31.85,68.55,0,87.62,30.24,49847,Low
20-09-2025 15:00,Z4,31.18,67.75,0,87.76,29.48,39411,Low
20-09-2025 16:00,Z4,30.21,69.92,0,87.16,27.9,26785,Low
20-09-2025 17:00,Z4,29.28,78.33,2,89.53,27.25,8945,Low
20-09-2025 18:00,Z4,27.22,75.83,0,89.4,26.17,0,Low
20-09-2025 19:00,Z4,26.13,78.37,0,89.56,23.51,266,Low
20-09-2025 20:00,Z4,24.73,77.91,0,89.8,22.62,0,Low
20-09-2025 21:00,Z4,24.34,79.17,0,90,22.55,1507,Low
20-09-2025 22:00,Z4,24.83,77.96,0,90,23.98,549,Low
20-09-2025 23:00,Z4,23.14,78.61,0,89.68,21.55,0,Low
21-09-2025 00:00,Z4,23.32,78.72,0,89.59,21.81,0,Low
21-09-2025 01:00,Z4,23.75,78.75,0,89.41,21.98,1845,Low
21-09-2025 02:00,Z4,24.89,78.04,0,89.66,24.05,3137,Low
21-09-2025 03:00,Z4,25.32,75.99,0,89.48,24.16,1729,Low
21-09-2025 04:00,Z4,26.59,74.56,0,89.47,25.08,0,Low
21-09-2025 05:00,Z4,26.43,78.53,0,89.78,25.04,0,Low
21-09-2025 06:00,Z4,27.56,74.92,0,89.58,26.42,1470,Low
21-09-2025 07:00,Z4,30.21,70.76,0,89.88,28.13,18389,Low
21-09-2025 08:00,Z4,31.36,69.67,0,89.69,29.52,29372,Low
21-09-2025 09:00,Z4,30.91,67.78,0,89.57,29.85,38495,Low
21-09-2025 10:00,Z4,31.44,67.29,0,89.46,29.73,45699,Low
21-09-2025 11:00,Z4,33.08,66.14,0,89.51,30.73,55091,Low
21-09-2025 12:00,Z4,32.4,63.99,0,89.12,30.03,56628,Low
21-09-2025 13:00,Z4,31.11,70.26,0,89.31,29.99,55483,Low
21-09-2025 14:00,Z4,32.22,69.15,0,89.24,31.54,48048,Low
21-09-2025 15:00,Z4,30.08,68.97,0,88.97,28.09,36753,Low
21-09-2025 16:00,Z4,30.19,70.48,0,88.33,28.99,28980,Low
21-09-2025 17:00,Z4,28.7,73.21,0,88.05,26.41,12614,Low
21-09-2025 18:00,Z4,27.91,73.06,0,88.04,27.68,1832,Low
21-09-2025 19:00,Z4,26.2,77.99,0,88.13,24.25,0,Low
21-09-2025 20:00,Z4,25.27,74.3,0,87.9,23.76,373,Low
21-09-2025 21:00,Z4,25.58,75.74,0,87.43,23.53,542,Low
21-09-2025 22:00,Z4,24.31,77.9,0,87.74,22.89,1097,Low
21-09-2025 23:00,Z4,23.87,77.28,0,87.68,22.67,1085,Low
22-09-2025 00:00,Z4,23.01,78.83,0,87.06,21.89,1054,Low
22-09-2025 01:00,Z4,23.58,79.4,0,87.07,23.41,524,Low
22-09-2025 02:00,Z4,23.88,79.22,0,87.06,22.19,2135,Low
22-09-2025 03:00,Z4,24.12,76.66,0,86.45,22.94,0,Low
22-09-2025 04:00,Z4,26.29,73.12,0,86.19,25.03,2840,Low
22-09-2025 05:00,Z4,27.57,73.1,0,85.9,25.71,0,Low
22-09-2025 06:00,Z4,27.65,74,0,85.79,25.86,0,Low
22-09-2025 07:00,Z4,29.16,72.56,0,85.71,28.7,14914,Low
22-09-2025 08:00,Z4,30.03,70.7,0,85.33,29.33,26912,Low
22-09-2025 09:00,Z4,31.58,65.42,0,85.36,30.63,40608,Low
22-09-2025 10:00,Z4,32.56,69.36,0,85.56,30.82,48872,Low
22-09-2025 11:00,Z4,32.05,69.44,0,85.31,30.23,53020,Low
22-09-2025 12:00,Z4,32.3,66.31,0,85.36,30.9,53265,Low
22-09-2025 13:00,Z4,31.88,69.22,0,85.54,29.97,52906,Low
22-09-2025 14:00,Z4,32.78,63.71,0,85.74,31.31,49389,Low
22-09-2025 15:00,Z4,30.61,69.71,0,85.97,29.1,39077,Low
22-09-2025 16:00,Z4,30.98,68.79,0,86.18,29.51,27591,Low
22-09-2025 17:00,Z4,28.53,71.77,0,85.79,26.66,16386,Low
22-09-2025 18:00,Z4,28.58,70.81,0,85.85,27.12,2422,Low
22-09-2025 19:00,Z4,26.97,76.1,0,85.59,25.13,0,Low
22-09-2025 20:00,Z4,26.58,75.6,0,85.19,24.92,658,Low
22-09-2025 21:00,Z4,25.87,77.97,1,86.69,24.39,0,Low
22-09-2025 22:00,Z4,23.72,79.79,0,86.9,21.75,0,Low
22-09-2025 23:00,Z4,24.5,78.92,0,86.88,23.27,2719,Low
23-09-2025 00:00,Z4,24.18,76.03,0,86.07,23.1,0,Low
23-09-2025 01:00,Z4,23.69,78.85,0,86.57,22.43,0,Low
23-09-2025 02:00,Z4,24.87,76.38,0,86.39,23.3,0,Low
23-09-2025 03:00,Z4,24.63,76.33,0,86.11,23.71,0,Low
23-09-2025 04:00,Z4,26,76.23,0,85.98,24.04,0,Low
23-09-2025 05:00,Z4,27.61,73.84,0,86.59,26.1,0,Low
23-09-2025 06:00,Z4,29.2,72.46,0,86.32,27.22,1054,Low
23-09-2025 07:00,Z4,28.67,72.56,0.5,86.31,26.24,7749,Low
23-09-2025 08:00,Z4,30.04,71.31,0,86.38,28.38,28893,Low
23-09-2025 09:00,Z4,31.31,69.94,0.2,86.33,30.13,19381,Low
23-09-2025 10:00,Z4,31.84,69.82,0,86.19,30.36,47738,Low
23-09-2025 11:00,Z4,32.21,68.51,0,85.85,30.5,54791,Low
23-09-2025 12:00,Z4,31.98,66.85,0,86.21,30.22,55550,Low
23-09-2025 13:00,Z4,32.23,66.88,0,85.77,30.26,51822,Low
23-09-2025 14:00,Z4,31.67,70.69,0.2,85.62,30.05,18964,Low
23-09-2025 15:00,Z4,31.61,71.05,0,86.29,30.96,40705,Low
23-09-2025 16:00,Z4,31.38,68.39,0,86.15,29.4,26585,Low
23-09-2025 17:00,Z4,30.46,84.95,5,90,28.8,9600,Low
23-09-2025 18:00,Z4,27.67,73.16,0,90,26.06,0,Low
23-09-2025 19:00,Z4,27.74,73.98,0,89.65,26.24,0,Low
23-09-2025 20:00,Z4,25.3,78.81,0,89.12,23.43,2374,Low
23-09-2025 21:00,Z4,26.08,76.55,0,89.22,24.73,2432,Low
23-09-2025 22:00,Z4,24.75,77.35,0,89.44,23.15,0,Low
23-09-2025 23:00,Z4,23.52,82.28,0,89.7,22.15,0,Low
24-09-2025 00:00,Z4,23.82,81.4,0,89.49,22.04,3543,Low
24-09-2025 01:00,Z4,23.93,78.09,0.2,90,22.4,1196,Low
24-09-2025 02:00,Z4,25.03,77.65,0,89.91,23.74,2474,Low
24-09-2025 03:00,Z4,23.7,82.65,0,89.96,22.31,0,Low
24-09-2025 04:00,Z4,25.29,76.76,0,89.72,23.6,0,Low
24-09-2025 05:00,Z4,26.22,74.3,0,89.58,24.35,430,Low
24-09-2025 06:00,Z4,27.11,73.2,0,89.14,26.32,0,Low
24-09-2025 07:00,Z4,30.44,67.52,0,89.13,28.69,13862,Low
24-09-2025 08:00,Z4,30.07,70.9,0,89.27,28.82,28418,Low
24-09-2025 09:00,Z4,30.47,69.49,0,88.78,29.16,38321,Low
24-09-2025 10:00,Z4,32.39,64.95,0,89,31.23,48504,Low
24-09-2025 11:00,Z4,32.72,64.28,0,89.13,31.84,53046,Low
24-09-2025 12:00,Z4,32.6,65.4,0,88.92,31.25,55284,Low
24-09-2025 13:00,Z4,32.3,69.78,0,89.1,31.09,50815,Low
24-09-2025 14:00,Z4,32.74,65.36,0,89.06,31.23,49462,Low
24-09-2025 15:00,Z4,31.71,65.94,0,88.89,30.29,40380,Low
24-09-2025 16:00,Z4,31.28,69.01,0,89.19,29.7,26559,Low
24-09-2025 17:00,Z4,29.29,72.97,0,88.75,28.22,13673,Low
24-09-2025 18:00,Z4,28.73,71.45,0,88.82,26.44,521,Low
24-09-2025 19:00,Z4,26.83,89.35,5,90,24.48,3984,Low
24-09-2025 20:00,Z4,25.92,77.25,0,89.87,24.56,0,Low
24-09-2025 21:00,Z4,24.75,78.13,0,90,23.24,655,Low
24-09-2025 22:00,Z4,25.33,72.48,0,90,23.82,1734,Low
24-09-2025 23:00,Z4,23.99,76.45,0,90,21.97,0,Low
25-09-2025 00:00,Z4,22.26,82.2,0,89.64,20.28,84,Low
25-09-2025 01:00,Z4,23.93,79.59,0,89.33,22.08,1099,Low
25-09-2025 02:00,Z4,24.39,80.47,0,89.46,22.71,683,Low
25-09-2025 03:00,Z4,24.38,76.71,0,88.84,23.42,1760,Low
25-09-2025 04:00,Z4,26.48,75.44,0,88.49,24.67,70,Low
25-09-2025 05:00,Z4,26.5,93.02,10,90,25.15,1489,Low
25-09-2025 06:00,Z4,27.23,73.2,0,89.9,26.22,1588,Low
25-09-2025 07:00,Z4,29.46,68.71,0,89.17,28.4,12409,Low
25-09-2025 08:00,Z4,31.11,68,0,89.34,30.23,29318,Low
25-09-2025 09:00,Z4,31.2,69.23,0,89.44,29.71,40245,Low
25-09-2025 10:00,Z4,31.38,65.75,0,89.45,29.5,46261,Low
25-09-2025 11:00,Z4,33.04,67.15,0,89.73,32.47,52984,Low
25-09-2025 12:00,Z4,33.13,65.16,0,89.28,31.7,55814,Low
25-09-2025 13:00,Z4,32.56,67.1,0,88.9,32.07,57725,Low
25-09-2025 14:00,Z4,31.59,68.95,0,88.8,29.53,50416,Low
25-09-2025 15:00,Z4,31.58,70.4,0,89.23,29.85,37738,Low
25-09-2025 16:00,Z4,29.7,70.65,0,89.51,28.38,30787,Low
25-09-2025 17:00,Z4,28.77,71.56,0,89.25,27.33,12248,Low
25-09-2025 18:00,Z4,29.09,71.21,0,89.49,28.09,1175,Low
25-09-2025 19:00,Z4,27.32,75.39,0,88.94,26.32,1199,Low
25-09-2025 20:00,Z4,26.33,76.92,0,89.01,24.85,5417,Low
25-09-2025 21:00,Z4,25.13,76.48,0,89.02,23.18,775,Low
25-09-2025 22:00,Z4,23.04,83.25,0.2,89.11,21.19,1284,Low
25-09-2025 23:00,Z4,23.71,78.16,0,88.92,22.26,0,Low
26-09-2025 00:00,Z4,23.09,81.62,0,88.63,20.79,0,Low
26-09-2025 01:00,Z4,24.25,78.34,0,88.31,22.87,1214,Low
26-09-2025 02:00,Z4,24.79,73.86,0,88.66,23.2,0,Low
26-09-2025 03:00,Z4,24.2,80.01,0,88.96,22.84,408,Low
26-09-2025 04:00,Z4,26.82,75.45,0,88.66,26.22,0,Low
26-09-2025 05:00,Z4,27.3,74.38,0,88.88,26.51,2717,Low
26-09-2025 06:00,Z4,27.93,72.01,0,88.81,25.97,3051,Low
26-09-2025 07:00,Z4,29.02,70.34,0,88.52,27.12,16675,Low
26-09-2025 08:00,Z4,30.13,71,0,88.52,29.49,28890,Low
26-09-2025 09:00,Z4,30.89,67.91,0,88.37,29.32,38228,Low
26-09-2025 10:00,Z4,32.3,68.7,0,88.15,30.9,49948,Low
26-09-2025 11:00,Z4,32.18,65.46,0,87.87,31,53087,Low
26-09-2025 12:00,Z4,32.92,67.13,0,88.06,31.06,57412,Low
26-09-2025 13:00,Z4,32.73,66.07,0,87.62,32.01,53486,Low
26-09-2025 14:00,Z4,32.48,68.19,0,87.75,30.84,48177,Low
26-09-2025 15:00,Z4,31.81,69.42,0,87.5,30.21,39051,Low
26-09-2025 16:00,Z4,30.14,71.24,0.2,87.72,27.75,15216,Low
26-09-2025 17:00,Z4,29.87,70.6,0,87.68,27.49,16859,Low
26-09-2025 18:00,Z4,28.47,73.81,0,87.27,26.71,0,Low
26-09-2025 19:00,Z4,26.25,73.7,0,87.72,24.61,0,Low
26-09-2025 20:00,Z4,26.2,74.95,0,87.51,24.12,0,Low
26-09-2025 21:00,Z4,24.36,81.03,0,87.67,22.4,0,Low
26-09-2025 22:00,Z4,24.36,79.93,0,88.5,22.66,818,Low
26-09-2025 23:00,Z4,24.36,78.22,0,88.29,23.01,674,Low
27-09-2025 00:00,Z4,23.53,80.67,0,88.38,22.4,29,Low
27-09-2025 01:00,Z4,24.06,79.96,0,88.67,23.01,1022,Low
27-09-2025 02:00,Z4,24.64,80.25,0.2,88.89,23.1,0,Low
27-09-2025 03:00,Z4,25.84,79.53,1,90,24.32,2346,Low
27-09-2025 04:00,Z4,25.63,77.1,0,89.97,24.55,0,Low
27-09-2025 05:00,Z4,25.66,74.43,0,89.83,24.18,0,Low
27-09-2025 06:00,Z4,28.59,74.04,0,89.91,26.57,238,Low
27-09-2025 07:00,Z4,30.7,72.37,0,90,28.76,14581,Low
27-09-2025 08:00,Z4,29.45,70.54,0,90,27.45,26462,Low
27-09-2025 09:00,Z4,30.27,70.58,0,90,28.29,37378,Low
27-09-2025 10:00,Z4,32.42,65.27,0,89.55,31.29,49555,Low
27-09-2025 11:00,Z4,31.55,67.92,0,89.03,30.16,56228,Low
27-09-2025 12:00,Z4,31.81,70.2,0,89.15,30.26,57526,Low
27-09-2025 13:00,Z4,32.48,68.71,0,88.88,31.13,56677,Low
27-09-2025 14:00,Z4,32.67,64.16,0,88.65,30.58,49582,Low
27-09-2025 15:00,Z4,31.06,70.58,0,88.46,29.02,37944,Low
27-09-2025 16:00,Z4,30.36,68.28,0,88.19,29.79,29733,Low
27-09-2025 17:00,Z4,29.52,71.25,0,88,28.52,14654,Low
27-09-2025 18:00,Z4,27.56,71.85,0,87.71,25.42,1000,Low
27-09-2025 19:00,Z4,27.64,75.27,0,88,26.04,2312,Low
27-09-2025 20:00,Z4,25.56,77.08,0,87.88,23.54,381,Low
27-09-2025 21:00,Z4,24.99,75.28,0,88.23,23.69,0,Low
27-09-2025 22:00,Z4,24.02,78.45,0,88.09,22.35,0,Low
27-09-2025 23:00,Z4,23.97,79.25,0,87.56,21.86,0,Low
28-09-2025 00:00,Z4,22.44,80.99,0,87.6,20.57,708,Low
28-09-2025 01:00,Z4,24.24,76.62,0,88.17,22.46,1021,Low
28-09-2025 02:00,Z4,24.42,76.59,0,87.85,22.99,0,Low
28-09-2025 03:00,Z4,24.8,76.03,0,88.08,22.32,121,Low
28-09-2025 04:00,Z4,25.36,77.49,0,88.38,24.45,2021,Low
28-09-2025 05:00,Z4,27.8,72.13,0,88.47,26.33,0,Low
28-09-2025 06:00,Z4,27.65,71.48,0,88.47,27.11,0,Low
28-09-2025 07:00,Z4,29.19,69.74,0,88.43,27.63,12546,Low
28-09-2025 08:00,Z4,29.88,70.74,0,88.18,28.92,23852,Low
28-09-2025 09:00,Z4,30.47,73.02,0,87.53,28.16,36682,Low
28-09-2025 10:00,Z4,32.46,64.69,0,87.44,30.45,47852,Low
28-09-2025 11:00,Z4,32.34,72.12,1,88.35,29.97,29412,Low
28-09-2025 12:00,Z4,32.2,67.23,0,88.25,30.46,58148,Low
28-09-2025 13:00,Z4,32.35,66.77,0,88.22,30.87,54387,Low
28-09-2025 14:00,Z4,31.67,67.79,0,88.24,29.31,52216,Low
28-09-2025 15:00,Z4,30.35,68.7,0,88.04,29.34,38931,Low
28-09-2025 16:00,Z4,30.07,72.63,0,87.49,28.57,25965,Low
28-09-2025 17:00,Z4,29.27,69.85,0,87.93,28.17,10203,Low
28-09-2025 18:00,Z4,28.09,72.45,0,87.94,26.56,4086,Low
28-09-2025 19:00,Z4,26.02,80.2,0,88.09,24.62,3038,Low
28-09-2025 20:00,Z4,26.09,74.43,0,88.1,24.94,3038,Low
28-09-2025 21:00,Z4,24.88,76.82,0,87.72,23.24,0,Low
28-09-2025 22:00,Z4,23.95,79.48,0,87.66,22.45,2440,Low
28-09-2025 23:00,Z4,23.53,78.27,0,87.81,21.62,858,Low
29-09-2025 00:00,Z4,23.09,81.52,0,87.8,21.97,0,Low
29-09-2025 01:00,Z4,23.89,77.33,0,88,21.92,0,Low
29-09-2025 02:00,Z4,23.18,81.45,0,87.88,21.52,4396,Low
29-09-2025 03:00,Z4,24.97,80,0,87.99,23.19,0,Low
29-09-2025 04:00,Z4,25.57,75.6,0,87.95,23.55,0,Low
29-09-2025 05:00,Z4,26.83,76.36,0,88.26,25.29,688,Low
29-09-2025 06:00,Z4,28.01,75.47,0,88.37,27.19,0,Low
29-09-2025 07:00,Z4,28.85,69.87,0,88.09,27.48,9982,Low
29-09-2025 08:00,Z4,30.64,70.21,0,87.89,29.43,28404,Low
29-09-2025 09:00,Z4,31.65,67.05,0,88.12,29.87,43564,Low
29-09-2025 10:00,Z4,32.27,68.44,0,87.71,30.6,48847,Low
29-09-2025 11:00,Z4,32.36,67.56,0,87.29,31.32,51456,Low
29-09-2025 12:00,Z4,32.55,68.44,0,86.65,31.43,57532,Low
29-09-2025 13:00,Z4,32.77,67.82,0,87.36,31.31,53998,Low
29-09-2025 14:00,Z4,31.48,72.1,1,88.34,30.19,26523,Low
29-09-2025 15:00,Z4,31.35,69.01,0,88.4,30.3,39515,Low
29-09-2025 16:00,Z4,30.13,69.81,0,88.44,27.79,27653,Low
29-09-2025 17:00,Z4,29.31,71.99,0,88.69,28.01,13468,Low
29-09-2025 18:00,Z4,29.16,69.6,0,88.28,27.81,1766,Low
29-09-2025 19:00,Z4,25.95,77.04,0,88.39,24.36,654,Low
29-09-2025 20:00,Z4,25.19,76.8,0,87.67,24.36,2002,Low
29-09-2025 21:00,Z4,25.89,75.57,0,87.81,23.96,1297,Low
29-09-2025 22:00,Z4,24.74,76.86,0,87.93,23,0,Low
29-09-2025 23:00,Z4,24.46,75.28,0,87.89,22.39,0,Low
30-09-2025 00:00,Z4,23.37,76.33,0,87.49,21.35,263,Low
30-09-2025 01:00,Z4,23.78,81.35,0,87.72,22.71,0,Low
30-09-2025 02:00,Z4,24.29,76.74,0,87.6,23.38,0,Low
30-09-2025 03:00,Z4,25.47,74.83,0,87.3,23.28,0,Low
30-09-2025 04:00,Z4,25.8,73.97,0,87.53,23.36,0,Low
30-09-2025 05:00,Z4,26.85,74.36,0,87.28,25.44,0,Low
30-09-2025 06:00,Z4,28.36,71.79,0,86.99,27.27,0,Low
30-09-2025 07:00,Z4,29.47,70.9,0,86.57,28.21,12222,Low
30-09-2025 08:00,Z4,29.93,71.7,0,86.29,28.46,31121,Low
30-09-2025 09:00,Z4,32.31,64.25,0,86.48,30.97,41829,Low
30-09-2025 10:00,Z4,32.39,68.28,0,87.27,30.08,46613,Low
30-09-2025 11:00,Z4,32.32,65.21,0,87.43,30.61,52872,Low
30-09-2025 12:00,Z4,32.57,67.93,0,87.52,31.16,57897,Low
30-09-2025 13:00,Z4,33.99,67.19,0,87.48,32.46,54821,Low
30-09-2025 14:00,Z4,31.63,68.09,0,87.75,29.88,45757,Low
30-09-2025 15:00,Z4,31.24,69.12,0,87.26,30.09,41787,Low
30-09-2025 16:00,Z4,29.53,72.9,0,87.23,28.07,27449,Low
30-09-2025 17:00,Z4,28.92,71.89,0,86.99,27.44,14196,Low
30-09-2025 18:00,Z4,28.58,72.77,0,87.14,26.78,0,Low
30-09-2025 19:00,Z4,27.34,73.3,0,87.32,25.88,0,Low
30-09-2025 20:00,Z4,25.62,75.3,0,87.1,24.33,2519,Low
30-09-2025 21:00,Z4,24.49,79.75,0,87.36,23.38,0,Low
30-09-2025 22:00,Z4,24.42,75.17,0,87.59,22.94,145,Low
30-09-2025 23:00,Z4,24.64,80.57,0,87.82,22.68,0,Low
01-10-2025 00:00,Z4,23.44,79.14,0,88.27,22.24,0,Low
01-10-2025 01:00,Z4,23.11,80.36,0,87.9,21.77,0,Low
01-10-2025 02:00,Z4,22.51,81.64,0,87.97,21.32,0,Low
01-10-2025 03:00,Z4,24.42,78.64,0,88.37,22.69,1774,Low
01-10-2025 04:00,Z4,25.08,75.22,0,88.44,24.26,615,Low
01-10-2025 05:00,Z4,25.83,77.31,0,88.24,23.68,0,Low
01-10-2025 06:00,Z4,28.14,73,0,88.19,26.82,1845,Low
01-10-2025 07:00,Z4,28.04,77.07,0,87.96,26.44,11745,Low
01-10-2025 08:00,Z4,29.34,71.66,0,87.62,27.65,27165,Low
01-10-2025 09:00,Z4,30.7,67.23,0,87.35,29.01,43062,Low
01-10-2025 10:00,Z4,32.19,71.35,0,86.7,30.15,50145,Low
01-10-2025 11:00,Z4,31.7,70.31,0,86.65,30.1,52911,Low
01-10-2025 12:00,Z4,31.79,67.04,0,86.87,29.97,55595,Low
01-10-2025 13:00,Z4,31.38,63.72,0,86.25,28.88,52424,Low
01-10-2025 14:00,Z4,31.81,67.79,0,86.15,29.75,49972,Low
01-10-2025 15:00,Z4,30.76,73.17,0,86.13,29.14,39433,Low
01-10-2025 16:00,Z4,30.13,74.22,0,86.23,29.03,29900,Low
01-10-2025 17:00,Z4,28.85,71.43,0,86.32,27.12,11600,Low
01-10-2025 18:00,Z4,27.56,74.76,0,86.28,26.42,0,Low
01-10-2025 19:00,Z4,27.92,70.79,0,85.87,26.15,2849,Low
01-10-2025 20:00,Z4,26.06,77.3,0,86.19,24.72,392,Low
01-10-2025 21:00,Z4,23.27,77.79,0,85.93,21.94,1605,Low
01-10-2025 22:00,Z4,24.07,79.19,0,85.86,22.93,0,Low
01-10-2025 23:00,Z4,22.67,81.51,0,85.91,21.08,956,Low
02-10-2025 00:00,Z4,23.06,78.47,0,85.73,21.31,0,Low
02-10-2025 01:00,Z4,24.93,76.83,0,85.93,23.51,0,Low
02-10-2025 02:00,Z4,22.59,82,0,85.84,21.22,1299,Low
02-10-2025 03:00,Z4,24.35,80.53,0,85.92,22.29,0,Low
02-10-2025 04:00,Z4,25.31,76.49,0,85.35,23.13,0,Low
02-10-2025 05:00,Z4,25.98,78.44,0,85.24,24.25,1096,Low
02-10-2025 06:00,Z4,27.63,72.69,0,85.01,25.61,0,Low
02-10-2025 07:00,Z4,29,69.96,0,84.54,27.36,17136,Low
02-10-2025 08:00,Z4,29.97,68.24,0,84.25,28.91,30461,Low
02-10-2025 09:00,Z4,30.47,69.6,0,84.13,29.5,38314,Low
02-10-2025 10:00,Z4,31.86,65.76,0,84.35,30.81,51411,Low
02-10-2025 11:00,Z4,30.52,68.27,0,84.08,29.34,55758,Low
02-10-2025 12:00,Z4,32.04,66.9,0,84.46,30.37,59315,Low
02-10-2025 13:00,Z4,31.04,70.99,0,84.66,30.13,56077,Low
02-10-2025 14:00,Z4,32.19,67.21,0,84.02,30.76,47968,Low
02-10-2025 15:00,Z4,30.29,72.66,0,83.23,28.35,37777,Low
02-10-2025 16:00,Z4,29.64,70.71,0,82.66,28.33,30386,Low
02-10-2025 17:00,Z4,28.62,72.36,0,82.48,26.81,11056,Low
02-10-2025 18:00,Z4,26.56,76.52,0,82.35,25.17,0,Low
02-10-2025 19:00,Z4,26.33,75.57,0,82.36,24.59,0,Low
02-10-2025 20:00,Z4,24.69,79.44,0,82.2,23.11,3159,Low
02-10-2025 21:00,Z4,23.9,78.27,0,82.42,22.29,0,Low
02-10-2025 22:00,Z4,23.68,82.43,0,82.23,21.8,550,Low
02-10-2025 23:00,Z4,23.2,79.38,0,82.48,21.53,2199,Low
03-10-2025 00:00,Z4,23.03,79.71,0,82.53,21.85,800,Low
03-10-2025 01:00,Z4,23.59,80.26,0,82.25,21.92,0,Low
03-10-2025 02:00,Z4,23.72,81.66,0,81.54,22.42,3254,Low
03-10-2025 03:00,Z4,24.14,82.07,0,81.58,22.56,5393,Low
03-10-2025 04:00,Z4,24.52,80.5,0,81.91,23.59,1803,Low
03-10-2025 05:00,Z4,26.58,76.16,0,81.68,24.6,0,Low
03-10-2025 06:00,Z4,28.71,69.22,0,81.87,26.58,0,Low
03-10-2025 07:00,Z4,29.11,74.44,0,81.24,26.99,15146,Low
03-10-2025 08:00,Z4,31.44,67.05,0,80.43,29.23,28949,Low
03-10-2025 09:00,Z4,29.87,71.44,0,80.21,28.4,40325,Low
03-10-2025 10:00,Z4,31.98,67.84,0,79.86,30.5,48954,Low
03-10-2025 11:00,Z4,31.34,64.37,0,80.17,29.66,53274,Low
03-10-2025 12:00,Z4,32,65.72,0,79.97,30.13,59818,Low
03-10-2025 13:00,Z4,32.58,64.96,0,79.12,31.35,54269,Low
03-10-2025 14:00,Z4,31.52,67.91,0,79.41,29.17,49089,Low
03-10-2025 15:00,Z4,30.78,71.45,0,79.25,29.69,38192,Low
03-10-2025 16:00,Z4,28.36,73.2,0,79.12,27.43,28463,Low
03-10-2025 17:00,Z4,28.51,74.06,0,78.92,26.41,13849,Low
03-10-2025 18:00,Z4,26.68,76.87,0,78.95,24.99,0,Low
03-10-2025 19:00,Z4,26.79,77.22,0,78.78,24.94,1456,Low
03-10-2025 20:00,Z4,24.58,78.73,0,79.05,22.23,1468,Low
03-10-2025 21:00,Z4,24.75,76.6,0,78.76,23.34,0,Low
03-10-2025 22:00,Z4,23.18,79.52,0,79.01,21.59,637,Low
03-10-2025 23:00,Z4,23.94,80.77,0,78.98,22.67,1214,Low
04-10-2025 00:00,Z4,23.32,80.66,0,78.15,21.8,282,Low
04-10-2025 01:00,Z4,23.43,83.3,0,77.81,22.16,662,Low
04-10-2025 02:00,Z4,24.33,78.78,0,78.22,22.71,0,Low
04-10-2025 03:00,Z4,23.41,77.37,0,77.94,22.11,0,Low
04-10-2025 04:00,Z4,24.88,74.42,0,77.93,23.24,439,Low
04-10-2025 05:00,Z4,26.68,76.77,0,77.32,24.99,2381,Low
04-10-2025 06:00,Z4,28.43,72.91,0,77.34,26.27,552,Low
04-10-2025 07:00,Z4,29.72,70.64,0,76.96,28.36,10244,Low
04-10-2025 08:00,Z4,29.84,71.98,0,76.86,27.3,26153,Low
04-10-2025 09:00,Z4,30.85,70.52,0,77.21,29.01,38775,Low
04-10-2025 10:00,Z4,30.6,70.82,0,77.11,28.75,49142,Low
04-10-2025 11:00,Z4,32.85,65.13,0,76.63,31.18,59091,Low
04-10-2025 12:00,Z4,32.02,67.4,0,76.39,30.73,57404,Low
04-10-2025 13:00,Z4,31.83,70.23,0.2,76.91,30.15,29451,Low
04-10-2025 14:00,Z4,32.61,67.54,0,76.48,31.19,48226,Low
04-10-2025 15:00,Z4,31.2,69.35,0,76.3,29.6,37019,Low
04-10-2025 16:00,Z4,30.68,70.2,0,75.82,29.15,28571,Low
04-10-2025 17:00,Z4,28.66,74.39,0,75.74,27.01,14369,Low
04-10-2025 18:00,Z4,26.94,76.04,0,75.73,26.28,2108,Low
04-10-2025 19:00,Z4,25.89,78.66,0,75.71,25.42,4393,Low
04-10-2025 20:00,Z4,25.42,76.56,0,75.27,24.26,0,Low
04-10-2025 21:00,Z4,23.8,77.2,0,75.23,22.73,1154,Low
04-10-2025 22:00,Z4,23.04,82.1,0,74.9,22.07,0,Low
04-10-2025 23:00,Z4,22.38,80.48,0,75.24,20.98,0,Low
05-10-2025 00:00,Z4,23.86,76.75,0,75.23,22.11,0,Low
05-10-2025 01:00,Z4,23.76,79.89,0,75.43,21.58,72,Low
05-10-2025 02:00,Z4,23.5,79.73,0,75.71,22.03,0,Low
05-10-2025 03:00,Z4,25.63,79.35,0,76.09,23.53,0,Low
05-10-2025 04:00,Z4,25.46,76.24,0,76.1,24.65,242,Low
05-10-2025 05:00,Z4,26.03,79.37,0,75.96,23.89,0,Low
05-10-2025 06:00,Z4,27.93,73.91,0,76.53,26.94,430,Low
05-10-2025 07:00,Z4,29.02,74.49,0,76.71,27.94,14864,Low
05-10-2025 08:00,Z4,29.25,68.75,0,76.27,26.8,28406,Low
05-10-2025 09:00,Z4,30.8,72.27,0,76.01,28.88,40952,Low
05-10-2025 10:00,Z4,32.08,69.2,0,75.28,30.93,46953,Low
05-10-2025 11:00,Z4,32.11,67.88,0,75.47,30.66,55522,Low
05-10-2025 12:00,Z4,31.91,68.77,0,75.43,30.52,57274,Low
05-10-2025 13:00,Z4,32.23,64.06,0,75.93,30.99,54709,Low
05-10-2025 14:00,Z4,31.58,66.39,0,76.17,29.84,48486,Low
05-10-2025 15:00,Z4,30.39,72.61,0,75.77,28.96,37428,Low
05-10-2025 16:00,Z4,30.12,68.77,0,75.47,28.51,26955,Low
05-10-2025 17:00,Z4,28.42,76.28,0,75.5,27.6,14486,Low
05-10-2025 18:00,Z4,26.13,76.39,0,75.49,24.75,325,Low
05-10-2025 19:00,Z4,26.34,74.66,0,75.39,24.86,151,Low
05-10-2025 20:00,Z4,26.7,74.87,0,75.53,24.59,0,Low
05-10-2025 21:00,Z4,24.38,78.5,0,75.85,22.74,0,Low
05-10-2025 22:00,Z4,24.26,79.55,0,75.93,23.43,0,Low
05-10-2025 23:00,Z4,22.44,83.03,0,76.55,20.63,0,Low
06-10-2025 00:00,Z4,22.64,80.34,0,76.28,20.93,0,Low
06-10-2025 01:00,Z4,23.11,81.09,0,75.73,21.76,1454,Low
06-10-2025 02:00,Z4,24.2,77.87,0,75.8,22.97,3595,Low
06-10-2025 03:00,Z4,24.71,79.6,0,75.86,23.47,0,Low
06-10-2025 04:00,Z4,25.78,78.78,0,75.38,24.52,0,Low
06-10-2025 05:00,Z4,25.91,78.95,0,75.54,24.94,1217,Low
06-10-2025 06:00,Z4,28.11,74.51,0,75.15,26.54,0,Low
06-10-2025 07:00,Z4,29.99,69.79,0,74.97,28.2,16187,Low
06-10-2025 08:00,Z4,29.99,70.22,0,74.76,28.5,28887,Low
06-10-2025 09:00,Z4,30.12,69.77,0,74.47,28.72,38439,Low
06-10-2025 10:00,Z4,30.74,71.72,0,74.05,29.32,49724,Low
06-10-2025 11:00,Z4,31.29,68.2,0.5,74.85,29.79,28578,Low
06-10-2025 12:00,Z4,32.52,67.91,0,74.34,31.55,58365,Low
06-10-2025 13:00,Z4,32.38,67.14,0.2,74.59,31.8,27456,Low
06-10-2025 14:00,Z4,32.54,67.62,0,75.07,30.94,43098,Low
06-10-2025 15:00,Z4,29.67,70.56,0,74.59,27.48,36311,Low
06-10-2025 16:00,Z4,30.68,67.26,0,74.27,28.99,28381,Low
06-10-2025 17:00,Z4,28.92,69.84,0,74.02,27.53,14749,Low
06-10-2025 18:00,Z4,26.29,80,0.2,74.46,25.14,409,Low
06-10-2025 19:00,Z4,27.09,72.69,0,74.68,25.5,0,Low
06-10-2025 20:00,Z4,25.84,75.94,0,74.86,23.76,821,Low
06-10-2025 21:00,Z4,23.28,78.11,0,74.66,21.89,945,Low
06-10-2025 22:00,Z4,23.63,78.27,0,74.85,22.11,3273,Low
06-10-2025 23:00,Z4,23.3,80.26,0,74.43,21.96,0,Low
07-10-2025 00:00,Z4,22.55,81.89,0,74.44,21.55,2103,Low
07-10-2025 01:00,Z4,23.43,81.08,0,74.26,21.84,0,Low
07-10-2025 02:00,Z4,23.52,82.4,0,74.06,20.84,3010,Low
07-10-2025 03:00,Z4,24.66,80.12,0,74.13,22.46,1706,Low
07-10-2025 04:00,Z4,24.71,76.16,0,74.97,23.33,0,Low
07-10-2025 05:00,Z4,25.5,73.87,0,74.91,23.98,0,Low
07-10-2025 06:00,Z4,27.57,73.47,0,75.28,26.4,0,Low
07-10-2025 07:00,Z4,29.47,70.86,0,75.7,27.88,16248,Low
07-10-2025 08:00,Z4,29.74,72.34,0,75.52,28.11,28472,Low
07-10-2025 09:00,Z4,30.47,69.24,0,75.57,29.43,42787,Low
07-10-2025 10:00,Z4,32,68.99,0,75.25,30.35,45656,Low
07-10-2025 11:00,Z4,31.68,68.54,0,75.63,30.26,52974,Low
07-10-2025 12:00,Z4,32.75,64.47,0,75.5,31.6,56166,Low
07-10-2025 13:00,Z4,30.61,68.93,0,75.04,29.05,54547,Low
07-10-2025 14:00,Z4,31.7,68.68,0,74.97,29.98,44172,Low
07-10-2025 15:00,Z4,30.61,69.11,0,75.04,28.9,39859,Low
07-10-2025 16:00,Z4,30.14,70.01,0,74.3,27.97,25099,Low
07-10-2025 17:00,Z4,29.37,71.08,0,73.82,28.19,16447,Low
07-10-2025 18:00,Z4,27.29,73.11,0,74.52,25.16,1647,Low
07-10-2025 19:00,Z4,27.17,74.89,0,74.6,26.03,0,Low
07-10-2025 20:00,Z4,26.34,75.72,0,74.67,25.24,419,Low
07-10-2025 21:00,Z4,24.2,79.02,0,74.89,22.88,2224,Low
07-10-2025 22:00,Z4,24.41,78.21,0,75.04,24.03,702,Low
07-10-2025 23:00,Z4,23.58,76.63,0,75.27,21.13,0,Low
08-10-2025 00:00,Z4,23.04,80.36,0,74.86,21.07,0,Low
08-10-2025 01:00,Z4,22.54,79.83,0,74.51,21.02,781,Low
08-10-2025 02:00,Z4,24.05,81.96,0,74.17,22.05,500,Low
08-10-2025 03:00,Z4,24.38,79.14,0,73.69,22.69,186,Low
08-10-2025 04:00,Z4,25.44,76.43,0,74,23.73,0,Low
08-10-2025 05:00,Z4,27.47,75.64,0,73.83,25.62,0,Low
08-10-2025 06:00,Z4,27.9,74.04,0,73.28,25.5,533,Low
08-10-2025 07:00,Z4,29.91,72.34,0,73.56,27.94,14718,Low
08-10-2025 08:00,Z4,30.49,71.96,0,73.66,29.29,28659,Low
08-10-2025 09:00,Z4,31.01,69.04,0,72.97,28.98,42229,Low
08-10-2025 10:00,Z4,31.54,67.02,0,73.09,30.12,44730,Low
08-10-2025 11:00,Z4,30.91,72.57,0,73.14,28.79,53973,Low
08-10-2025 12:00,Z4,31.18,68.61,0,73.21,28.76,57120,Low
08-10-2025 13:00,Z4,31.75,67.73,0,73.48,29.68,52481,Low
08-10-2025 14:00,Z4,31.45,67.4,0,73.21,31.62,50434,Low
08-10-2025 15:00,Z4,30.42,69.09,0,73.53,29.23,37008,Low
08-10-2025 16:00,Z4,29.21,84.84,5,79.26,27.59,13859,Low
08-10-2025 17:00,Z4,29.36,72.53,0,79.65,27.69,15309,Low
08-10-2025 18:00,Z4,27.5,72.88,0,79.55,26.32,0,Low
08-10-2025 19:00,Z4,27.19,73.12,0,79.35,25.2,2959,Low
08-10-2025 20:00,Z4,25.05,75.55,0,79.32,23.99,0,Low
08-10-2025 21:00,Z4,24.01,79.44,0,79.37,21.89,4546,Low
08-10-2025 22:00,Z4,24.49,77.54,0,79.31,23.06,0,Low
08-10-2025 23:00,Z4,22.99,80.59,0,79.62,21.4,0,Low
09-10-2025 00:00,Z4,22.59,83.71,0,79.95,20.8,380,Low
09-10-2025 01:00,Z4,24.24,81.07,0,79.6,22.85,947,Low
09-10-2025 02:00,Z4,22.65,81.44,0,79.63,20.67,0,Low
09-10-2025 03:00,Z4,24.87,78.43,0,79.98,23.12,0,Low
09-10-2025 04:00,Z4,26.09,75.14,0,80.26,24.55,0,Low
09-10-2025 05:00,Z4,25.79,78.57,0.2,80.52,23.87,1714,Low
09-10-2025 06:00,Z4,28.44,74.07,0,80.58,27.22,0,Low
09-10-2025 07:00,Z4,27.57,75.45,0,80.57,26.24,15874,Low
09-10-2025 08:00,Z4,29.34,72.96,0,80.92,28,29996,Low
09-10-2025 09:00,Z4,32.33,69,0,81.42,30.48,40822,Low
09-10-2025 10:00,Z4,32.38,67.45,0,81.08,31.24,49851,Low
09-10-2025 11:00,Z4,32.24,66.92,0,81.4,30.79,52509,Low
09-10-2025 12:00,Z4,32.08,66.93,0,81.73,30.64,56408,Low
09-10-2025 13:00,Z4,31.74,69,0,81.68,30.35,54881,Low
09-10-2025 14:00,Z4,30.71,68.98,0,81.98,29.05,48106,Low
09-10-2025 15:00,Z4,30.8,72.85,0,81.99,29.64,39300,Low
09-10-2025 16:00,Z4,29.35,70.96,0,82.1,26.99,28884,Low
09-10-2025 17:00,Z4,28.81,73.92,0,82.37,27.52,15812,Low
09-10-2025 18:00,Z4,28.51,74.42,0,82.39,26.69,1371,Low
09-10-2025 19:00,Z4,26.65,75.33,0,82.42,25.26,0,Low
09-10-2025 20:00,Z4,24.69,79.95,0,82.29,23.77,275,Low
09-10-2025 21:00,Z4,24.6,81.64,0,82.52,22.85,0,Low
09-10-2025 22:00,Z4,22.71,85.11,0,82.35,20.6,0,Low
09-10-2025 23:00,Z4,23.7,78.52,0,82.41,22.23,0,Low
10-10-2025 00:00,Z4,22.6,79.67,0,82.05,21.04,1067,Low
10-10-2025 01:00,Z4,23.24,80.2,0,81.63,21.81,1125,Low
10-10-2025 02:00,Z4,23.94,77.67,0,81.31,23.23,831,Low
10-10-2025 03:00,Z4,24.6,77.34,0,81.59,23.7,0,Low
10-10-2025 04:00,Z4,26.33,77.22,0,81.65,25.02,1478,Low
10-10-2025 05:00,Z4,26.91,73.95,0,82.27,25.47,567,Low
10-10-2025 06:00,Z4,28.01,73.17,0,82.5,27,0,Low
10-10-2025 07:00,Z4,29.56,71.39,0,82.63,27.46,16321,Low
10-10-2025 08:00,Z4,29.38,73.72,0,83.05,28.91,30870,Low
10-10-2025 09:00,Z4,30.9,68.01,0,82.94,28.61,38254,Low
10-10-2025 10:00,Z4,32.35,66.73,0,82.8,31.07,48957,Low
10-10-2025 11:00,Z4,31.51,66.97,0,82.53,30.35,54884,Low
10-10-2025 12:00,Z4,32.58,67.74,0,82.13,31.23,54489,Low
10-10-2025 13:00,Z4,31.41,72.56,0,82.1,30.46,55339,Low
10-10-2025 14:00,Z4,32.28,70.35,0,82.46,30.92,44066,Low
10-10-2025 15:00,Z4,31.23,69.68,0,82.28,29.61,39108,Low
10-10-2025 16:00,Z4,29.58,67.68,0,81.89,28.35,27610,Low
10-10-2025 17:00,Z4,28.09,71.68,0,81.51,26.26,15907,Low
10-10-2025 18:00,Z4,27.63,73.51,0,81.44,26.73,846,Low
10-10-2025 19:00,Z4,26.22,77.43,0,80.96,24.41,0,Low
10-10-2025 20:00,Z4,25.05,77.18,0,81.14,23.75,0,Low
10-10-2025 21:00,Z4,24.4,79.79,0,81.67,23.58,0,Low
10-10-2025 22:00,Z4,23.64,78.22,0,81.05,22.95,815,Low
10-10-2025 23:00,Z4,23.1,80.42,0,81.43,21.4,0,Low
11-10-2025 00:00,Z4,22.03,83.09,0,81.59,20.87,19,Low
11-10-2025 01:00,Z4,23.97,79.31,0,81.68,22.64,0,Low
11-10-2025 02:00,Z4,22.84,80.38,0,81.48,20.85,545,Low
11-10-2025 03:00,Z4,24.85,76.6,0,81.12,23.08,0,Low
11-10-2025 04:00,Z4,25.98,75.46,0,81.24,24.75,3628,Low
11-10-2025 05:00,Z4,26.09,73.29,0,81.19,24.71,0,Low
11-10-2025 06:00,Z4,28.93,73.18,0,81.03,27.72,0,Low
11-10-2025 07:00,Z4,28.41,71.9,0,80.34,26.41,14800,Low
11-10-2025 08:00,Z4,30.06,71.06,0,80.35,27.52,27621,Low
11-10-2025 09:00,Z4,31.05,68.75,0,80.44,29.28,39630,Low
11-10-2025 10:00,Z4,33.05,64.91,0,80.03,31.58,43124,Low
11-10-2025 11:00,Z4,32.2,69.32,0,80.18,30.96,52076,Low
11-10-2025 12:00,Z4,32.46,66.13,0,80.13,30.56,54736,Low
11-10-2025 13:00,Z4,33.29,63.44,0,80.08,31.78,53316,Low
11-10-2025 14:00,Z4,31.64,70.65,0,79.5,31.02,48810,Low
11-10-2025 15:00,Z4,30.97,68.28,0,79.65,29.6,39577,Low
11-10-2025 16:00,Z4,30.29,67.97,0,79.08,29.23,26390,Low
11-10-2025 17:00,Z4,29.3,69.62,0,79.57,27.75,16077,Low
11-10-2025 18:00,Z4,27.86,72.77,0,79.4,26.01,0,Low
11-10-2025 19:00,Z4,26.49,76.79,0,79.51,24.82,1057,Low
11-10-2025 20:00,Z4,24.26,79.39,0,79.38,21.84,3290,Low
11-10-2025 21:00,Z4,23.68,78.16,0,79.19,21.91,4358,Low
11-10-2025 22:00,Z4,23.96,79.57,0,78.78,22.41,0,Low
11-10-2025 23:00,Z4,24.23,78.36,0,78.78,22.29,3845,Low
12-10-2025 00:00,Z4,23.99,79.05,0,78.73,22.82,823,Low
12-10-2025 01:00,Z4,22.03,79.39,0,79.15,20.14,0,Low
12-10-2025 02:00,Z4,23.87,77.63,0,79.32,21.86,0,Low
12-10-2025 03:00,Z4,23.79,82,0,79.28,21.82,3043,Low
12-10-2025 04:00,Z4,25.7,74.95,0,78.83,24.51,2298,Low
12-10-2025 05:00,Z4,27.31,73.71,0.2,79.27,26.13,769,Low
12-10-2025 06:00,Z4,27.82,74.78,0,79.3,25.42,664,Low
12-10-2025 07:00,Z4,28.92,73.71,0,79.36,27.32,14887,Low
12-10-2025 08:00,Z4,31.2,69.5,0,79.63,29.48,30518,Low
12-10-2025 09:00,Z4,31.11,67.74,0,79.76,29.44,39467,Low
12-10-2025 10:00,Z4,31.02,70.9,0,79.94,29.76,49440,Low
12-10-2025 11:00,Z4,32.07,65.85,0,79.71,29.98,52622,Low
12-10-2025 12:00,Z4,31.83,65.45,0,79.72,30.79,52587,Low
12-10-2025 13:00,Z4,30.81,69.72,0,79.47,28.88,55961,Low
12-10-2025 14:00,Z4,31.42,69.28,0,79.51,30.48,47611,Low
12-10-2025 15:00,Z4,30.35,71.38,0,79.71,28.3,41922,Low
12-10-2025 16:00,Z4,30.22,73.65,0,80.14,29.1,26590,Low
12-10-2025 17:00,Z4,28.38,75.32,0,79.79,27.46,12124,Low
12-10-2025 18:00,Z4,27.49,74.98,0,79.62,25.6,36,Low
12-10-2025 19:00,Z4,26.5,78.87,1,81.22,25.04,0,Low
12-10-2025 20:00,Z4,25.1,76.91,0,81.12,23.66,492,Low
12-10-2025 21:00,Z4,24.51,78.34,0,81.38,22.75,810,Low
12-10-2025 22:00,Z4,24.11,77.5,0,81.36,22.17,0,Low
12-10-2025 23:00,Z4,22.9,81.46,0,81.44,22.12,0,Low
13-10-2025 00:00,Z4,23.6,76.25,0,80.59,21.34,0,Low
13-10-2025 01:00,Z4,22.84,78.3,0,80.52,20.85,4402,Low
13-10-2025 02:00,Z4,23.39,78.76,0,80.83,22.1,0,Low
13-10-2025 03:00,Z4,23.91,78.04,0,80.62,22.19,0,Low
13-10-2025 04:00,Z4,25.52,74.73,0,81.1,23.62,0,Low
13-10-2025 05:00,Z4,26,73.9,0,81.15,24.33,1146,Low
13-10-2025 06:00,Z4,28.19,70.5,0,81.62,26.64,218,Low
13-10-2025 07:00,Z4,29.47,75.55,0,81.82,28.58,15141,Low
13-10-2025 08:00,Z4,29.29,74.35,0,82.04,27.26,28337,Low
13-10-2025 09:00,Z4,30.5,70.25,0,82.5,29.26,35976,Low
13-10-2025 10:00,Z4,32.08,67.54,0,82.49,30.42,49767,Low
13-10-2025 11:00,Z4,31.86,69.25,0,82.78,30.17,53731,Low
13-10-2025 12:00,Z4,33.14,70,0,82.84,31.4,58029,Low
13-10-2025 13:00,Z4,32.65,67.26,0,82.93,30.94,56336,Low
13-10-2025 14:00,Z4,31.78,70.86,1,83.68,29.96,21882,Low
13-10-2025 15:00,Z4,31.41,71.13,0,83.94,29.44,40543,Low
13-10-2025 16:00,Z4,29.89,69.29,0,83.8,28.73,28572,Low
13-10-2025 17:00,Z4,28.28,69.56,0,84.08,27.03,13186,Low
13-10-2025 18:00,Z4,26.87,77.03,0,83.58,26.07,0,Low
13-10-2025 19:00,Z4,27.4,72.27,0,83.36,25.71,0,Low
13-10-2025 20:00,Z4,24.68,82.94,0,83.05,23.79,0,Low
13-10-2025 21:00,Z4,23.6,78.84,0,82.55,21.83,0,Low
13-10-2025 22:00,Z4,23.55,78.25,0,82.64,22.16,344,Low
13-10-2025 23:00,Z4,23.77,79.31,0,82.89,21.71,0,Low
14-10-2025 00:00,Z4,23.47,81.84,0,82.54,22.07,0,Low
14-10-2025 01:00,Z4,23.28,83.12,0,81.64,21.61,0,Low
14-10-2025 02:00,Z4,23.76,77.4,0,81.24,21.63,0,Low
14-10-2025 03:00,Z4,25.27,76.69,0,81.07,23.97,0,Low
14-10-2025 04:00,Z4,25.89,76.84,0,80.95,23.82,0,Low
14-10-2025 05:00,Z4,26.51,71.71,0,81.04,25.47,0,Low
14-10-2025 06:00,Z4,26.26,73.34,0,81.12,25.42,0,Low
14-10-2025 07:00,Z4,28.38,74.1,0,80.75,27.1,14110,Low
14-10-2025 08:00,Z4,30.81,69.45,0,80.34,29.16,26172,Low
14-10-2025 09:00,Z4,30.66,70.7,0,80.54,29.62,38426,Low
14-10-2025 10:00,Z4,31.55,67.33,0,80.59,30.35,46100,Low
14-10-2025 11:00,Z4,31.78,67.01,0,80.87,30.23,52641,Low
14-10-2025 12:00,Z4,32.74,65.16,0,80.55,31.02,59457,Low
14-10-2025 13:00,Z4,32.2,67.68,0,80.65,30.66,51333,Low
14-10-2025 14:00,Z4,31.67,67.82,0,80.7,30.03,48917,Low
14-10-2025 15:00,Z4,31.23,72.89,0,80.52,30.25,40689,Low
14-10-2025 16:00,Z4,30.25,68.95,0,80.4,28.6,31769,Low
14-10-2025 17:00,Z4,28.1,74.62,0,80.25,26.06,18350,Low
14-10-2025 18:00,Z4,28.14,72.82,0,80.77,26.81,0,Low
14-10-2025 19:00,Z4,26.34,79.65,0,80.3,25.47,0,Low
14-10-2025 20:00,Z4,25.07,75.68,0,80.42,24.32,1674,Low
14-10-2025 21:00,Z4,24.6,76.63,0,80.15,23.58,691,Low
14-10-2025 22:00,Z4,24.47,78.09,0,80.16,23,1969,Low
14-10-2025 23:00,Z4,22.74,81.74,0,79.74,21.63,302,Low
15-10-2025 00:00,Z4,22.89,80.51,0,79.52,21.78,2732,Low
15-10-2025 01:00,Z4,22.66,83.13,0,79.2,20.91,491,Low
15-10-2025 02:00,Z4,23.61,81.21,0,79.8,22.26,0,Low
15-10-2025 03:00,Z4,24.17,79.26,0,79.55,22.45,1392,Low
15-10-2025 04:00,Z4,26.04,76.62,0,80.08,23.87,3720,Low
15-10-2025 05:00,Z4,27.31,76.05,0,79.95,25.68,1740,Low
15-10-2025 06:00,Z4,28.97,70.68,0,79.9,27.5,0,Low
15-10-2025 07:00,Z4,28.77,71.42,0,79.92,26.92,15459,Low
15-10-2025 08:00,Z4,29.68,72.3,0,80.33,28.23,28457,Low
15-10-2025 09:00,Z4,31.41,69.36,0,80.35,29.7,40618,Low
15-10-2025 10:00,Z4,30.47,69.78,0,80.39,28.74,48159,Low
15-10-2025 11:00,Z4,31.58,66.88,0,80.43,29.49,51571,Low
15-10-2025 12:00,Z4,32.23,63.9,0,79.75,30.64,59816,Low
15-10-2025 13:00,Z4,31.43,69.68,0.2,79.92,29.77,25870,Low
15-10-2025 14:00,Z4,31.64,68.69,0,80.12,30.41,48780,Low
15-10-2025 15:00,Z4,30.29,70.95,0,79.67,28.42,37389,Low
15-10-2025 16:00,Z4,30.37,69.23,0,79.22,29.41,24482,Low
15-10-2025 17:00,Z4,28.6,73.07,0,79.36,27.69,16700,Low
15-10-2025 18:00,Z4,28.23,71.02,0,79.18,27.21,1657,Low
15-10-2025 19:00,Z4,26.72,74.62,0,79.5,24.84,0,Low
15-10-2025 20:00,Z4,24.95,75.12,0,79.77,23.86,821,Low
15-10-2025 21:00,Z4,24.45,78.68,0,79.16,21.57,1349,Low
15-10-2025 22:00,Z4,25.42,76.77,0,79.46,23.68,0,Low
15-10-2025 23:00,Z4,23.2,80.34,0,79.71,22.08,0,Low
16-10-2025 00:00,Z4,22.35,80.66,0,79.87,20.86,442,Low
16-10-2025 01:00,Z4,23.55,79.66,0,79.98,22.33,0,Low
16-10-2025 02:00,Z4,24.35,76.76,0,80.09,23.23,331,Low
16-10-2025 03:00,Z4,23.83,79.37,0,80.51,22.43,1008,Low
16-10-2025 04:00,Z4,26.1,77.09,0,80.22,24.28,2474,Low
16-10-2025 05:00,Z4,27.36,72.15,0,80.35,25.35,1835,Low
16-10-2025 06:00,Z4,26.71,74.74,0,79.71,24.72,0,Low
16-10-2025 07:00,Z4,28.39,72.32,0,80.2,26.64,16109,Low
16-10-2025 08:00,Z4,30.31,68.9,0,79.88,28.84,27868,Low
16-10-2025 09:00,Z4,30.18,69.36,0,80.63,28.29,42858,Low
16-10-2025 10:00,Z4,30.83,69.16,0,80.44,29.35,46211,Low
16-10-2025 11:00,Z4,31.78,69.62,0,80.25,30.18,51160,Low
16-10-2025 12:00,Z4,31.22,71.53,0,80.22,29.19,55612,Low
16-10-2025 13:00,Z4,32.09,67.87,0,80.23,30.38,53652,Low
16-10-2025 14:00,Z4,31.8,65.35,0,79.68,29.56,50305,Low
16-10-2025 15:00,Z4,30.76,71.45,0,79.45,29.52,38935,Low
16-10-2025 16:00,Z4,29.41,66.29,0,79.5,28.01,27633,Low
16-10-2025 17:00,Z4,28.76,70.05,0,79.19,27.54,11961,Low
16-10-2025 18:00,Z4,27.7,70.46,0,78.86,26.17,0,Low
16-10-2025 19:00,Z4,26.34,74.69,0,79.09,25.28,224,Low
16-10-2025 20:00,Z4,26.05,74.89,0,79.27,23.84,0,Low
16-10-2025 21:00,Z4,24.01,78.07,0,79.69,22.73,1253,Low
16-10-2025 22:00,Z4,24.41,83.92,0,79.56,22.84,0,Low
16-10-2025 23:00,Z4,23.97,80.85,0,79.4,22.66,0,Low
17-10-2025 00:00,Z4,23.2,81.59,0,79.54,20.72,2974,Low
17-10-2025 01:00,Z4,22.95,80.34,0,79.35,21.8,0,Low
17-10-2025 02:00,Z4,24.38,78,0,79.38,23.03,1528,Low
17-10-2025 03:00,Z4,24.15,79.07,0,79.22,22.5,2212,Low
17-10-2025 04:00,Z4,25.48,78.3,0,79.83,24.05,1549,Low
17-10-2025 05:00,Z4,26.69,74.91,0,79.78,25.63,1214,Low
17-10-2025 06:00,Z4,28.15,74.48,0,80.39,26.45,727,Low
17-10-2025 07:00,Z4,28.96,72.21,0,79.63,27.57,16415,Low
17-10-2025 08:00,Z4,29.61,70.17,0,79.23,28.36,26921,Low
17-10-2025 09:00,Z4,30.59,70.23,0,78.92,28.43,41010,Low
17-10-2025 10:00,Z4,31.02,66.91,0,79.07,30.44,47500,Low
17-10-2025 11:00,Z4,33.01,66.4,0,79.24,32.24,54216,Low
17-10-2025 12:00,Z4,30.84,69.38,0,79.5,29.06,55107,Low
17-10-2025 13:00,Z4,31.03,70.34,1,81.15,29.63,29450,Low
17-10-2025 14:00,Z4,31.85,65.57,0,80.98,31,48889,Low
17-10-2025 15:00,Z4,30.23,70.08,0,80.79,28.39,41773,Low
17-10-2025 16:00,Z4,29.96,69.96,0,80.74,28.16,23280,Low
17-10-2025 17:00,Z4,28.57,74.05,0,80.87,27.36,15042,Low
17-10-2025 18:00,Z4,28.16,75.68,0,81.09,26.33,0,Low
17-10-2025 19:00,Z4,26.02,75.39,0,81.18,25.21,158,Low
17-10-2025 20:00,Z4,25.45,75.31,0,81.79,24.47,0,Low
17-10-2025 21:00,Z4,23.79,77.37,0,82.19,21.82,0,Low
17-10-2025 22:00,Z4,23.53,80.72,0,82.36,21.38,115,Low
17-10-2025 23:00,Z4,24.06,78.67,0,81.71,22.64,0,Low
18-10-2025 00:00,Z4,23.59,80,0,81.32,22.54,0,Low
18-10-2025 01:00,Z4,22.5,79.71,0,81.46,20.76,0,Low
18-10-2025 02:00,Z4,23.59,80.89,0,81.24,22.33,0,Low
18-10-2025 03:00,Z4,24.39,78.15,0,81.41,22.75,0,Low
18-10-2025 04:00,Z4,25.3,79.35,0,81.83,23.38,0,Low
18-10-2025 05:00,Z4,27.07,74.4,0,81.58,25.77,0,Low
18-10-2025 06:00,Z4,28.81,70.55,0,81.7,27.34,0,Low
18-10-2025 07:00,Z4,29.13,74.26,0,81.81,28.12,11247,Low
18-10-2025 08:00,Z4,30.6,70.87,0,81.86,29.24,29042,Low
18-10-2025 09:00,Z4,30.48,69.63,0,81.83,28.97,36286,Low
18-10-2025 10:00,Z4,31.22,68.17,0,82.24,30.65,47415,Low
18-10-2025 11:00,Z4,31.72,64.34,0,82.06,30.67,53843,Low
18-10-2025 12:00,Z4,31.39,67.14,0,82.12,29.64,55601,Low
18-10-2025 13:00,Z4,32.2,65.63,0,82.03,30.86,52966,Low
18-10-2025 14:00,Z4,32.04,69.53,0,82.01,30.78,48856,Low
18-10-2025 15:00,Z4,30.05,71.7,0,82.02,28.68,40870,Low
18-10-2025 16:00,Z4,29.31,72.85,0,82.07,28.24,28036,Low
18-10-2025 17:00,Z4,27.99,72.61,0,81.6,26.12,14990,Low
18-10-2025 18:00,Z4,27.88,72.22,0,81.04,26.39,2435,Low
18-10-2025 19:00,Z4,26.91,75.51,0,80.67,25.64,0,Low
18-10-2025 20:00,Z4,25.25,78.95,0,80.36,23.49,0,Low
18-10-2025 21:00,Z4,24.94,79.95,0,80.74,23.03,0,Low
18-10-2025 22:00,Z4,22.58,80.18,0,80.42,20.91,0,Low
18-10-2025 23:00,Z4,23.45,78.94,0,79.73,21.74,717,Low
19-10-2025 00:00,Z4,22.59,82.43,0,79.52,21.16,0,Low
19-10-2025 01:00,Z4,24.05,76.17,0,79.89,23.15,0,Low
19-10-2025 02:00,Z4,23.81,77.02,0,80.04,22.57,0,Low
19-10-2025 03:00,Z4,24.44,79.2,0,80.04,22.9,0,Low
19-10-2025 04:00,Z4,26.59,76.4,0,80.17,25.01,1454,Low
19-10-2025 05:00,Z4,26.39,77.15,0,80.05,25.18,4170,Low
19-10-2025 06:00,Z4,27.82,76.85,0,79.92,26.38,1207,Low
19-10-2025 07:00,Z4,28.48,71.82,0,79.55,27.61,20050,Low
19-10-2025 08:00,Z4,30.69,67.21,0,79.43,29.64,31219,Low
19-10-2025 09:00,Z4,31.1,70.68,0,79.82,29.36,39052,Low
19-10-2025 10:00,Z4,31.8,69.44,0,80.1,30.05,51851,Low
19-10-2025 11:00,Z4,32.43,67.41,0,79.7,30.64,58085,Low
19-10-2025 12:00,Z4,32.02,67.57,0,79.94,30.71,56414,Low
19-10-2025 13:00,Z4,31.14,72.09,0,80.56,29.6,49851,Low
19-10-2025 14:00,Z4,30.72,68.8,0,80.61,29.93,49076,Low
19-10-2025 15:00,Z4,30.97,69.86,0,80.28,28.99,39656,Low
19-10-2025 16:00,Z4,29.4,70.89,0,79.85,27.47,25566,Low
19-10-2025 17:00,Z4,28.58,73.19,0,79.6,26.52,16075,Low
19-10-2025 18:00,Z4,27.49,70.84,0,79.15,26.3,383,Low
19-10-2025 19:00,Z4,26.7,73.38,0,78.87,25.28,0,Low
19-10-2025 20:00,Z4,25.31,79,0,78.6,24.25,0,Low
19-10-2025 21:00,Z4,24.52,78.96,0,78.59,23.01,0,Low
19-10-2025 22:00,Z4,24.37,77.27,0,79.01,22.76,0,Low
19-10-2025 23:00,Z4,23.02,82.2,0,78.58,21.49,1488,Low
20-10-2025 00:00,Z4,22.53,82,0,78.65,20.78,1142,Low
20-10-2025 01:00,Z4,23.95,77.77,0,78.39,22.73,680,Low
20-10-2025 02:00,Z4,24.52,78.62,0.2,78.46,22.14,191,Low
20-10-2025 03:00,Z4,24.46,78.54,0,78.02,22.67,0,Low
20-10-2025 04:00,Z4,25.9,74.21,0,78.12,24.03,1923,Low
20-10-2025 05:00,Z4,25.69,78.66,0,78.12,23.06,1091,Low
20-10-2025 06:00,Z4,27.29,75.37,0,77.83,25.31,0,Low
20-10-2025 07:00,Z4,29.14,75.53,0,78.13,27.35,16505,Low
20-10-2025 08:00,Z4,29.43,70.2,0,78.09,28.12,28864,Low
20-10-2025 09:00,Z4,30.74,70.06,0,78,29.5,39153,Low
20-10-2025 10:00,Z4,30.82,73.06,0,78.38,29.41,49808,Low
20-10-2025 11:00,Z4,31.51,66.78,0,78.06,30.11,54513,Low
20-10-2025 12:00,Z4,32.55,66.25,0,77.8,31.17,57506,Low
20-10-2025 13:00,Z4,31.67,66.64,0,77.82,29.63,57056,Low
20-10-2025 14:00,Z4,31.5,70.12,0,77.29,29.62,42412,Low
20-10-2025 15:00,Z4,31.84,66.3,0,77.17,30.34,40497,Low
20-10-2025 16:00,Z4,30.83,72,0,76.77,29.89,26501,Low
20-10-2025 17:00,Z4,29.76,67.89,0,76.5,28,15646,Low
20-10-2025 18:00,Z4,27.57,73.73,0,76.51,26.27,0,Low
20-10-2025 19:00,Z4,26.06,74.93,0,76.06,23.85,0,Low
20-10-2025 20:00,Z4,24.4,77.39,0,76.42,22.81,0,Low
20-10-2025 21:00,Z4,24.52,80.02,0,76.62,23.08,583,Low
20-10-2025 22:00,Z4,23.5,80.71,0,76.7,22.72,0,Low
20-10-2025 23:00,Z4,23.03,80.21,0,76.77,21.86,0,Low
21-10-2025 00:00,Z4,22.43,80.32,0,76.96,21.58,560,Low
21-10-2025 01:00,Z4,22.98,83.17,0,77.26,21.44,5441,Low
21-10-2025 02:00,Z4,22.9,82.98,0,77.15,21.63,0,Low
21-10-2025 03:00,Z4,24,78.36,0,77.16,22.14,0,Low
21-10-2025 04:00,Z4,26.15,76.08,0,76.87,24.61,2522,Low
21-10-2025 05:00,Z4,25.6,77.97,0,76.48,23.92,354,Low
21-10-2025 06:00,Z4,26.7,75.45,0,76.43,24.76,0,Low
21-10-2025 07:00,Z4,28.13,74.11,0,76.02,26.3,14405,Low
21-10-2025 08:00,Z4,30.38,68.12,0,76.13,28.36,31989,Low
21-10-2025 09:00,Z4,30.44,72.13,0,76.1,29.43,39900,Low
21-10-2025 10:00,Z4,32.11,70.26,0,75.91,29.93,49049,Low
21-10-2025 11:00,Z4,31.45,67.74,0,76.23,29.94,52596,Low
21-10-2025 12:00,Z4,31.26,69.01,0,75.85,29.93,59541,Low
21-10-2025 13:00,Z4,32.19,70.26,0,76.01,30.61,57279,Low
21-10-2025 14:00,Z4,32.66,65.37,0,76.14,32.22,55380,Low
21-10-2025 15:00,Z4,29.48,71.07,0,76.15,27.74,38492,Low
21-10-2025 16:00,Z4,29.24,71.3,0,76.68,28.24,26309,Low
21-10-2025 17:00,Z4,30.07,70.27,0,76.27,28.94,14364,Low
21-10-2025 18:00,Z4,28.21,74.3,0,76.47,27.67,0,Low
21-10-2025 19:00,Z4,26.88,73.31,0,76.97,25.59,1300,Low
21-10-2025 20:00,Z4,24.46,78.49,0,77.28,22.59,1630,Low
21-10-2025 21:00,Z4,24.24,73.1,0,77.17,22.56,0,Low
21-10-2025 22:00,Z4,22.83,81.97,0,77.25,21.61,0,Low
21-10-2025 23:00,Z4,24.42,76.94,0,77.56,22.73,0,Low
22-10-2025 00:00,Z4,23.88,77.54,0,77.66,21.92,1005,Low
22-10-2025 01:00,Z4,22.82,78.75,0,77.22,20.77,3508,Low
22-10-2025 02:00,Z4,22.76,80.16,0,76.61,21.13,0,Low
22-10-2025 03:00,Z4,23.82,78.57,0,76.26,22.8,0,Low
22-10-2025 04:00,Z4,25.54,78.61,0.5,76.93,24.51,0,Low
22-10-2025 05:00,Z4,26.74,74.7,0,77.38,24.73,0,Low
22-10-2025 06:00,Z4,25.69,78.74,0,77.62,23.38,0,Low
22-10-2025 07:00,Z4,28.86,73.53,0,77.9,27.23,12282,Low
22-10-2025 08:00,Z4,29.81,71.97,0,77.74,28.65,29813,Low
22-10-2025 09:00,Z4,31.25,70.47,0,77.36,29.32,42758,Low
22-10-2025 10:00,Z4,30.72,70.72,0,77.73,29.41,51321,Low
22-10-2025 11:00,Z4,32.45,66.53,0,78.04,30.69,56502,Low
22-10-2025 12:00,Z4,30.89,70.75,0,78.23,28.84,57130,Low
22-10-2025 13:00,Z4,30.77,71.26,0,78.41,29.14,56636,Low
22-10-2025 14:00,Z4,31.83,67.12,0,78.43,31.35,46294,Low
22-10-2025 15:00,Z4,30.37,71.03,0,78.96,28.84,36552,Low
22-10-2025 16:00,Z4,29.8,72.64,0,78.96,27.77,28083,Low
22-10-2025 17:00,Z4,28.79,74.41,0,79.06,27.11,13449,Low
22-10-2025 18:00,Z4,27.43,76.46,0,79.1,25.99,907,Low
22-10-2025 19:00,Z4,26.64,76.08,0,78.9,24.94,0,Low
22-10-2025 20:00,Z4,23.76,78.01,0,78.69,22.2,0,Low
22-10-2025 21:00,Z4,25.68,77.31,0,78.56,24.62,1277,Low
22-10-2025 22:00,Z4,23.72,78.77,0,78.93,21.69,1912,Low
22-10-2025 23:00,Z4,23.91,79.32,0,78.42,22.62,0,Low
23-10-2025 00:00,Z4,22.91,82.46,0,78.36,22.02,0,Low
23-10-2025 01:00,Z4,23.43,76.31,0,78.7,20.84,0,Low
23-10-2025 02:00,Z4,24.67,80.15,0,78.81,23.26,0,Low
23-10-2025 03:00,Z4,24.47,78.41,0,78.51,23.17,4477,Low
23-10-2025 04:00,Z4,24.65,80.44,0,78.51,23.43,0,Low
23-10-2025 05:00,Z4,25.94,73.37,0,78.55,24.56,0,Low
23-10-2025 06:00,Z4,27.4,74.74,0,78.24,25.42,0,Low
23-10-2025 07:00,Z4,28.36,73.42,0,78.79,27.22,13066,Low
23-10-2025 08:00,Z4,29.33,70.89,0,78.79,27.39,29380,Low
23-10-2025 09:00,Z4,30.8,68.33,0,78.98,29.38,39599,Low
23-10-2025 10:00,Z4,32.29,67.36,0,79.3,31.54,47001,Low
23-10-2025 11:00,Z4,32.03,69.5,0,79.15,30.13,53955,Low
23-10-2025 12:00,Z4,32.7,67.13,0,79.22,30.99,57513,Low
23-10-2025 13:00,Z4,32.35,66.24,0,79,31.06,52832,Low
23-10-2025 14:00,Z4,31.56,68.8,0,79.12,29.36,47845,Low
23-10-2025 15:00,Z4,30.33,68.34,0,78.98,28.49,39351,Low
23-10-2025 16:00,Z4,29.35,69.52,0,79.03,27.57,29896,Low
23-10-2025 17:00,Z4,29.02,72.29,0,79.01,27.71,15417,Low
23-10-2025 18:00,Z4,27.54,72.96,0,79.27,25.27,0,Low
23-10-2025 19:00,Z4,25.82,76.23,0,79.38,23.88,0,Low
23-10-2025 20:00,Z4,25.41,78.5,0,80.25,24.16,0,Low
23-10-2025 21:00,Z4,25.13,78.36,0,80.41,23.6,2572,Low
23-10-2025 22:00,Z4,24.07,79.65,0,80.31,22.79,0,Low
23-10-2025 23:00,Z4,22.68,80.35,0,81,21.49,0,Low
24-10-2025 00:00,Z4,23.92,79.89,0,81.17,22.55,0,Low
24-10-2025 01:00,Z4,23.07,83.34,0,81.09,21.76,1755,Low
24-10-2025 02:00,Z4,24.32,79.49,0,81.02,22.6,0,Low
24-10-2025 03:00,Z4,24.1,77.08,0,81.49,23.12,1826,Low
24-10-2025 04:00,Z4,25.67,78.19,0,81.41,24.1,1653,Low
24-10-2025 05:00,Z4,27.04,70.28,0,81.7,25.46,0,Low
24-10-2025 06:00,Z4,27.65,74.37,0,82.08,25.52,0,Low
24-10-2025 07:00,Z4,28.91,73.79,0,81.76,27.15,15905,Low
24-10-2025 08:00,Z4,29.22,74,0,81.36,27.9,28125,Low
24-10-2025 09:00,Z4,30.23,68.09,0,81.28,29.26,43093,Low
24-10-2025 10:00,Z4,31.21,64.84,0,81.19,29.64,47591,Low
24-10-2025 11:00,Z4,33.24,65.69,0,81.74,32.44,57552,Low
24-10-2025 12:00,Z4,31.92,70.8,0,81.86,30.05,55521,Low
24-10-2025 13:00,Z4,31.52,71.52,0,82.09,30.36,56589,Low
24-10-2025 14:00,Z4,30.85,71.16,0,82.07,28.9,47410,Low
24-10-2025 15:00,Z4,30.69,68.62,0,82.36,29.48,41580,Low
24-10-2025 16:00,Z4,30.35,72.76,0,82.15,28.39,28102,Low
24-10-2025 17:00,Z4,28.95,72.08,0,81.98,27.65,16012,Low
24-10-2025 18:00,Z4,26.76,76.04,0,81.82,25.37,419,Low
24-10-2025 19:00,Z4,26.35,75.51,0,81.97,25.41,1788,Low
24-10-2025 20:00,Z4,24.51,77.56,0,81.69,22.67,111,Low
24-10-2025 21:00,Z4,24.42,78.13,0,82.14,23.13,0,Low
24-10-2025 22:00,Z4,24.1,77.76,0,82.25,22.76,0,Low
24-10-2025 23:00,Z4,22.82,82.74,0,81.78,20.83,0,Low
25-10-2025 00:00,Z4,23.74,80.59,0,81.79,22.29,1590,Low
25-10-2025 01:00,Z4,23.74,78.09,0,81.07,22.74,2086,Low
25-10-2025 02:00,Z4,24.12,80.24,0,80.7,23.11,1039,Low
25-10-2025 03:00,Z4,24.47,80.51,0,80.29,22.65,0,Low
25-10-2025 04:00,Z4,25.66,75.8,0,79.65,24.3,1274,Low
25-10-2025 05:00,Z4,27.09,74.52,0,79.7,26.14,298,Low
25-10-2025 06:00,Z4,26.25,75.05,0,79.59,24.59,991,Low
25-10-2025 07:00,Z4,28.7,73.7,0,79.54,27.37,14120,Low
25-10-2025 08:00,Z4,30.59,70.29,0,79.22,28.72,25606,Low
25-10-2025 09:00,Z4,31.29,70.55,0,79.02,29.45,39886,Low
25-10-2025 10:00,Z4,31.21,68.35,0,78.83,29.75,50470,Low
25-10-2025 11:00,Z4,31.88,69.94,0,78.99,30.36,50500,Low
25-10-2025 12:00,Z4,32.61,80.48,10,89.18,31.03,26441,Low
25-10-2025 13:00,Z4,31.4,68.55,0,88.55,30.59,54284,Low
25-10-2025 14:00,Z4,30.76,69.38,0,88.6,29.1,48667,Low
25-10-2025 15:00,Z4,30.82,67.54,0,88.89,28.39,36927,Low
25-10-2025 16:00,Z4,30.05,72.44,0,89.71,27.92,31026,Low
25-10-2025 17:00,Z4,28.15,78.25,0,89.7,26.35,16567,Low
25-10-2025 18:00,Z4,28.41,73.26,0,89.38,27.3,560,Low
25-10-2025 19:00,Z4,26.63,72.69,0,89.09,25.14,4092,Low
25-10-2025 20:00,Z4,25.55,75.03,0,89.1,23.28,0,Low
25-10-2025 21:00,Z4,24.51,78.36,0,89.05,23.07,0,Low
25-10-2025 22:00,Z4,24.03,77.19,0,89.44,22.72,1410,Low
25-10-2025 23:00,Z4,23.37,81.24,0.5,89.89,21.88,0,Low
26-10-2025 00:00,Z4,23.07,80.87,0,89.65,21.73,3027,Low
26-10-2025 01:00,Z4,24.51,75.87,0,89.81,23.07,380,Low
26-10-2025 02:00,Z4,24.6,77.31,0,90,22.94,0,Low
26-10-2025 03:00,Z4,24.55,78.43,0,89.72,23.45,0,Low
26-10-2025 04:00,Z4,25.1,77.41,0,89.55,23.84,0,Low
26-10-2025 05:00,Z4,26.54,77.94,0,89.32,25.75,1521,Low
26-10-2025 06:00,Z4,26.93,74.99,0,88.85,25.51,3337,Low
26-10-2025 07:00,Z4,29.51,67.89,0,88.34,27.78,12510,Low
26-10-2025 08:00,Z4,30.45,69.87,0,88.29,29.45,27680,Low
26-10-2025 09:00,Z4,29.79,69.33,0,88.24,28.08,35320,Low
26-10-2025 10:00,Z4,31.8,69.47,0,88.49,30.54,50369,Low
26-10-2025 11:00,Z4,31.96,65.73,0,88.34,30.57,50432,Low
26-10-2025 12:00,Z4,32.91,67.7,0,88.34,31.24,57174,Low
26-10-2025 13:00,Z4,32.29,67.47,0,88.21,30.21,53101,Low
26-10-2025 14:00,Z4,33.2,69.06,0,88.11,31.47,46232,Low
26-10-2025 15:00,Z4,30.3,69.33,0,87.39,28.42,41104,Low
26-10-2025 16:00,Z4,29.82,71.07,0,87.09,28.27,32476,Low
26-10-2025 17:00,Z4,29.45,68.66,0,87.24,28.31,13491,Low
26-10-2025 18:00,Z4,28.37,72.44,0,87.33,26.52,0,Low
26-10-2025 19:00,Z4,24.88,78.98,0,87.6,23.86,0,Low
26-10-2025 20:00,Z4,25.39,75.59,0,87.58,24.05,412,Low
26-10-2025 21:00,Z4,24.01,77.36,0,87.21,22.67,1705,Low
26-10-2025 22:00,Z4,23.45,81.04,0,87.38,21.78,0,Low
26-10-2025 23:00,Z4,23.82,80.88,0,87.29,22.75,1678,Low
27-10-2025 00:00,Z4,23.04,80.37,0,87.67,20.89,0,Low
27-10-2025 01:00,Z4,23.41,79.91,0,88.3,21.63,1349,Low
27-10-2025 02:00,Z4,23.47,84.21,0,88.19,22.51,0,Low
27-10-2025 03:00,Z4,23.36,76.02,0,88.29,21.86,1400,Low
27-10-2025 04:00,Z4,25.16,78.99,0,88.64,23.7,1862,Low
27-10-2025 05:00,Z4,26.67,76.01,0,88.79,24.45,0,Low
27-10-2025 06:00,Z4,27.68,73.66,0,88.43,26.93,0,Low
27-10-2025 07:00,Z4,28.8,72.74,0,88.5,27.43,14867,Low
27-10-2025 08:00,Z4,30.69,71.05,0,88.77,29.69,23398,Low
27-10-2025 09:00,Z4,31.37,67.86,0,88.66,29.72,35641,Low
27-10-2025 10:00,Z4,32.16,65.6,0,88.2,30.95,49825,Low
27-10-2025 11:00,Z4,32.58,65.5,0,88.24,31.11,51662,Low
27-10-2025 12:00,Z4,32.48,65.62,0,87.98,30.62,58115,Low
27-10-2025 13:00,Z4,32.06,65.95,0,87.99,30.26,54318,Low
27-10-2025 14:00,Z4,31.91,67.24,0,87.62,29.71,47372,Low
27-10-2025 15:00,Z4,31.55,66.89,0,87.33,30.48,43195,Low
27-10-2025 16:00,Z4,29.39,69.84,0,87.21,27.98,29808,Low
27-10-2025 17:00,Z4,28.2,70.2,0,86.84,26.78,16120,Low
27-10-2025 18:00,Z4,28,73.59,0,87.07,26.74,4228,Low
27-10-2025 19:00,Z4,27.28,77.78,0,86.69,25.55,819,Low
27-10-2025 20:00,Z4,25.86,75.64,0,86.23,24.38,0,Low
27-10-2025 21:00,Z4,24.35,80.47,0,85.76,23.03,119,Low
27-10-2025 22:00,Z4,24.27,79.21,0,85.57,22.52,0,Low
27-10-2025 23:00,Z4,24.32,80.78,0,85.57,22.67,2431,Low
28-10-2025 00:00,Z4,24.36,78.24,0,85.32,22.53,0,Low
28-10-2025 01:00,Z4,23.17,82.57,0,85.65,22.23,2141,Low
28-10-2025 02:00,Z4,23.49,80.23,0,85.51,22.82,0,Low
28-10-2025 03:00,Z4,23.49,79.71,0,85.88,22.69,0,Low
28-10-2025 04:00,Z4,25.16,79.41,0,85.53,23.37,311,Low
28-10-2025 05:00,Z4,25.3,77.7,0,85.44,23.82,5089,Low
28-10-2025 06:00,Z4,28.25,76.29,0,85.77,26.51,0,Low
28-10-2025 07:00,Z4,29.17,71.93,0,85.66,27.71,15456,Low
28-10-2025 08:00,Z4,30.12,70.96,0,85.62,28.01,24267,Low
28-10-2025 09:00,Z4,30.83,69.3,0,85.33,29.67,42242,Low
28-10-2025 10:00,Z4,30.59,72.41,0,85.91,29.23,49328,Low
28-10-2025 11:00,Z4,32.28,70.17,0,85.98,31.04,55474,Low
28-10-2025 12:00,Z4,32.08,67.35,0,86.02,30.43,54212,Low
28-10-2025 13:00,Z4,33.08,63.52,0,86.48,31.72,57198,Low
28-10-2025 14:00,Z4,31.02,67.95,0,86.66,29.97,51944,Low
28-10-2025 15:00,Z4,31.4,69.39,0,86.78,30.24,39001,Low
28-10-2025 16:00,Z4,30.2,69.47,0,87.17,28.36,27722,Low
28-10-2025 17:00,Z4,28.68,72.96,0,86.95,27.66,17129,Low
28-10-2025 18:00,Z4,26.87,75.59,0,86.85,24.96,906,Low
28-10-2025 19:00,Z4,26.47,79.56,0,87.7,24.99,2873,Low
28-10-2025 20:00,Z4,25.71,77.74,0.2,87.89,24.23,2617,Low
28-10-2025 21:00,Z4,25.05,76.34,0,88.04,23.55,420,Low
28-10-2025 22:00,Z4,23.94,79.67,0,88.39,21.46,0,Low
28-10-2025 23:00,Z4,23.74,79.55,0,88.08,22.78,0,Low
29-10-2025 00:00,Z4,24.16,79.41,0,87.77,22.65,343,Low
29-10-2025 01:00,Z4,23.92,78.07,0,88.13,22.89,0,Low
29-10-2025 02:00,Z4,23.57,79.3,0,88.16,22.09,0,Low
29-10-2025 03:00,Z4,23.77,78.19,0,88.46,21.9,0,Low
29-10-2025 04:00,Z4,26.13,77.08,0,88.52,24.44,0,Low
29-10-2025 05:00,Z4,26.11,77.58,0,88.5,24.79,3141,Low
29-10-2025 06:00,Z4,27.92,71.99,0,88.17,26.6,1564,Low
29-10-2025 07:00,Z4,28.21,70.58,0,87.73,26.49,13096,Low
29-10-2025 08:00,Z4,29.61,72.33,0,87.99,28.26,30264,Low
29-10-2025 09:00,Z4,29.89,68.93,0,87.72,28.21,39920,Low
29-10-2025 10:00,Z4,31.46,68.5,0,87.48,30.11,43574,Low
29-10-2025 11:00,Z4,32.34,68.31,0,87.92,30.78,51762,Low
29-10-2025 12:00,Z4,31.75,68.38,0,87.82,30.67,60232,Low
29-10-2025 13:00,Z4,31.71,63.28,0,87.88,30.14,53305,Low
29-10-2025 14:00,Z4,31.41,68.77,0,88,29.57,48521,Low
29-10-2025 15:00,Z4,30.47,67.98,0,87.99,28.92,40307,Low
29-10-2025 16:00,Z4,30.67,64.19,0,88.29,29.18,27596,Low
29-10-2025 17:00,Z4,28.91,69.69,0,88.42,27.38,12558,Low
29-10-2025 18:00,Z4,27.37,76.31,0,88.47,26.04,292,Low
29-10-2025 19:00,Z4,26.71,76.59,0,88.47,25.45,1761,Low
29-10-2025 20:00,Z4,24.77,78.31,0,88.53,23.38,1757,Low
29-10-2025 21:00,Z4,24,79.07,0,88.06,23.28,0,Low
29-10-2025 22:00,Z4,23.5,80.31,0,88.44,21.43,0,Low
29-10-2025 23:00,Z4,22.99,80.72,0,88.07,21.14,3741,Low
30-10-2025 00:00,Z4,23.48,78.66,0,87.73,21.92,704,Low
30-10-2025 01:00,Z4,23.51,79.25,0,87.79,22.96,0,Low
30-10-2025 02:00,Z4,23.7,79.59,0,87.91,22.57,0,Low
30-10-2025 03:00,Z4,23.82,79.48,0,88.51,22.32,0,Low
30-10-2025 04:00,Z4,24.94,79.92,1,90,23.28,3603,Low
30-10-2025 05:00,Z4,26.59,76.36,0,90,25.59,1227,Low
30-10-2025 06:00,Z4,27.41,72.82,0,90,25.8,494,Low
30-10-2025 07:00,Z4,29.31,70.84,0,90,28.61,15562,Low
30-10-2025 08:00,Z4,30.92,70.77,0,89.87,29.45,26547,Low
30-10-2025 09:00,Z4,31.16,64.74,0,89.4,29.27,40013,Low
30-10-2025 10:00,Z4,31.36,69.67,0,88.93,29.53,47991,Low
30-10-2025 11:00,Z4,31.42,69.39,0,89.05,29.76,53951,Low
30-10-2025 12:00,Z4,32.18,66.51,0,88.9,31.25,55875,Low
30-10-2025 13:00,Z4,32.41,70.08,0,88.92,30.75,55820,Low
30-10-2025 14:00,Z4,30,69.56,0,88.68,28.67,49451,Low
30-10-2025 15:00,Z4,30.69,71.17,0,89.06,29.35,38121,Low
30-10-2025 16:00,Z4,29.93,69.63,0,89.27,27.77,27824,Low
30-10-2025 17:00,Z4,27.76,75.38,0,89.19,26.75,13656,Low
30-10-2025 18:00,Z4,26.83,72.9,0,88.61,24.49,0,Low
30-10-2025 19:00,Z4,25.15,75.47,0,88.63,23.62,1197,Low
30-10-2025 20:00,Z4,26.23,76.87,0,88.76,25.05,642,Low
30-10-2025 21:00,Z4,24.89,77.57,0,88.21,23.17,0,Low
30-10-2025 22:00,Z4,24.33,76.1,0,88.01,22.77,4586,Low
30-10-2025 23:00,Z4,22.87,81.54,0,87.53,21.42,125,Low
31-10-2025 00:00,Z4,24.01,79.46,0,87.24,22.03,16,Low
31-10-2025 01:00,Z4,23.39,83.9,1,89.08,21.9,0,Low
31-10-2025 02:00,Z4,24.07,80.91,0,89.09,22.52,3500,Low
31-10-2025 03:00,Z4,24.15,79.44,0,88.82,22.02,0,Low
31-10-2025 04:00,Z4,25.18,77.1,0,88.68,23.67,0,Low
31-10-2025 05:00,Z4,26.43,76.77,0,89.04,24.69,0,Low
31-10-2025 06:00,Z4,27.92,71.43,0,88.71,26.87,0,Low
31-10-2025 07:00,Z4,28.38,69.92,0,88.94,27.24,15604,Low
31-10-2025 08:00,Z4,29.54,68.95,0,88.58,28.63,26505,Low
31-10-2025 09:00,Z4,30.94,66.23,0,88.2,30.16,41253,Low
31-10-2025 10:00,Z4,31.4,70.42,0,88.33,29.85,48286,Low
31-10-2025 11:00,Z4,31.67,68.72,0.5,88.61,29.59,26746,Low
31-10-2025 12:00,Z4,32.37,67.06,0,88.84,32.02,57630,Low
31-10-2025 13:00,Z4,32.09,68.21,0,88.47,30.4,51924,Low
31-10-2025 14:00,Z4,30.5,70.27,0,88.59,29.14,46768,Low
31-10-2025 15:00,Z4,31.55,68.53,0,88.78,30.26,36020,Low
31-10-2025 16:00,Z4,29.47,70.18,0,88.88,27.59,27757,Low
31-10-2025 17:00,Z4,29.62,74.22,0,88.78,28.89,15098,Low
31-10-2025 18:00,Z4,27.22,73.22,0,88.69,25.64,0,Low
31-10-2025 19:00,Z4,27.24,75.26,0,88.76,25.13,2581,Low
31-10-2025 20:00,Z4,26.5,75.27,0,88.43,24.73,0,Low
31-10-2025 21:00,Z4,25.31,76.84,0,88.25,24.22,1532,Low
31-10-2025 22:00,Z4,24.02,81.63,0,88.46,22.54,2082,Low
31-10-2025 23:00,Z4,23.59,76.55,0,88.8,22.64,0,Low
01-08-2025 00:00,Z5,20.32,89.46,0,68.53,19.27,1771,Low
01-08-2025 01:00,Z5,21.62,85.31,0,68.66,19.91,0,Low
01-08-2025 02:00,Z5,20.51,90.39,0,68.66,18.92,2226,Low
01-08-2025 03:00,Z5,21.96,84.68,0,68.85,20.61,451,Low
01-08-2025 04:00,Z5,22.59,84,0,68.91,21.76,1452,Low
01-08-2025 05:00,Z5,24.55,84.77,0,69.46,23.04,308,Low
01-08-2025 06:00,Z5,25.77,85.96,2,71.59,24.5,0,Low
01-08-2025 07:00,Z5,27.28,75.74,0,71.96,25.93,23350,Low
01-08-2025 08:00,Z5,27.43,77.78,0,71.84,25.84,44833,Low
01-08-2025 09:00,Z5,29.35,90.64,10,84.85,27.58,30666,Low
01-08-2025 10:00,Z5,28.4,75.39,0,85.23,27.97,74354,Low
01-08-2025 11:00,Z5,29.12,76.28,0,85.1,27.69,85520,Low
01-08-2025 12:00,Z5,31.56,73.36,0,85.02,29.89,88877,Low
01-08-2025 13:00,Z5,29.16,77.14,0,85.43,26.89,89151,Low
01-08-2025 14:00,Z5,29.28,74.37,0,84.95,28.22,83200,Low
01-08-2025 15:00,Z5,28.06,81.08,0,84.59,27.09,63806,Low
01-08-2025 16:00,Z5,28.03,75.45,0,84.77,25.68,43892,Low
01-08-2025 17:00,Z5,27.34,77.47,0,84.88,26.34,23619,Low
01-08-2025 18:00,Z5,25.72,83.5,0,85.15,23.86,3184,Low
01-08-2025 19:00,Z5,25.29,79.5,0,84.96,23.98,556,Low
01-08-2025 20:00,Z5,23.31,84.08,0,85.01,21.51,1998,Low
01-08-2025 21:00,Z5,23.69,83.46,0,84.7,22.34,0,Low
01-08-2025 22:00,Z5,21.49,86.5,0,84.34,19.59,0,Low
01-08-2025 23:00,Z5,21.92,88.01,0,84.07,20.47,0,Low
02-08-2025 00:00,Z5,20.36,88.73,0,83.97,18.72,0,Low
02-08-2025 01:00,Z5,20.6,87.59,0,84.45,19.08,0,Low
02-08-2025 02:00,Z5,20.91,88.27,0,84.35,19.74,0,Low
02-08-2025 03:00,Z5,22.62,87.35,1,85.56,20.87,2434,Low
02-08-2025 04:00,Z5,22.75,84.01,0,85.73,20.77,3883,Low
02-08-2025 05:00,Z5,24.94,96.55,5,90,23.09,3633,Low
02-08-2025 06:00,Z5,25.78,80.96,0,89.79,24.16,0,Low
02-08-2025 07:00,Z5,25.96,79.89,0,89.84,23.76,22350,Low
02-08-2025 08:00,Z5,28.28,78.56,0,89.59,26.79,44558,Low
02-08-2025 09:00,Z5,28.32,78.59,1,90,27.34,32120,Low
02-08-2025 10:00,Z5,30.18,76.4,0,90,29.07,77509,Low
02-08-2025 11:00,Z5,30.51,69.32,0,89.84,28.72,84500,Low
02-08-2025 12:00,Z5,30.36,73.66,0,90,28.84,87549,Low
02-08-2025 13:00,Z5,31.28,86.55,5,90,29.65,42780,Low
02-08-2025 14:00,Z5,30.78,77.12,0,89.86,28.86,75885,Low
02-08-2025 15:00,Z5,29.84,76.27,0,89.65,28.66,59883,Low
02-08-2025 16:00,Z5,27.6,77.68,0,89.76,25.96,46598,Low
02-08-2025 17:00,Z5,27.55,77.65,0,90,26.27,22104,Low
02-08-2025 18:00,Z5,25.87,82.02,0,89.59,24.23,0,Low
02-08-2025 19:00,Z5,25.56,81.76,0,89.46,24.31,0,Low
02-08-2025 20:00,Z5,24.21,82.76,0,89.66,22.37,0,Low
02-08-2025 21:00,Z5,22.41,87.62,0,89.84,20.2,0,Low
02-08-2025 22:00,Z5,22.22,87.21,0,90,20.97,2154,Low
02-08-2025 23:00,Z5,20.45,87.88,0,90,18.73,0,Low
03-08-2025 00:00,Z5,21.25,86.99,0,89.52,20.02,0,Low
03-08-2025 01:00,Z5,20.61,86.67,0,89.48,19.06,0,Low
03-08-2025 02:00,Z5,22.63,86.06,0.2,90,20.88,0,Low
03-08-2025 03:00,Z5,22.72,82.48,0.2,90,21.48,0,Low
03-08-2025 04:00,Z5,23.82,86.64,0,90,22.43,0,Low
03-08-2025 05:00,Z5,23.87,81.69,0,90,22.78,1750,Low
03-08-2025 06:00,Z5,25.98,76.53,0,90,25.44,913,Low
03-08-2025 07:00,Z5,26.99,79.7,0,89.26,25.36,22990,Low
03-08-2025 08:00,Z5,27.61,80.61,0,89.25,26.38,40719,Low
03-08-2025 09:00,Z5,28.62,79.38,0,88.61,27.14,60781,Low
03-08-2025 10:00,Z5,30.32,71.84,0,89.03,29.15,75644,Low
03-08-2025 11:00,Z5,29.02,72.55,0,89.6,27.38,84223,Low
03-08-2025 12:00,Z5,30.59,91.03,10,90,29.02,46427,Low
03-08-2025 13:00,Z5,29.72,77.26,0,89.95,27.94,84615,Low
03-08-2025 14:00,Z5,29.43,74.35,0,90,27.83,80575,Low
03-08-2025 15:00,Z5,28.84,82.22,2,90,27.99,30964,Low
03-08-2025 16:00,Z5,27.22,79.06,0,90,25.83,44641,Low
03-08-2025 17:00,Z5,27.29,78.62,0,89.4,25.76,21271,Low
03-08-2025 18:00,Z5,25.5,84.89,0,89.69,23.66,0,Low
03-08-2025 19:00,Z5,23.86,83.92,0.5,90,22.73,0,Low
03-08-2025 20:00,Z5,23.15,89.94,2,90,21.89,0,Low
03-08-2025 21:00,Z5,22.58,86.44,0,90,21.03,1265,Low
03-08-2025 22:00,Z5,21.54,86.12,0,90,20.03,0,Low
03-08-2025 23:00,Z5,22.46,87.38,0.2,90,21,1125,Low
04-08-2025 00:00,Z5,20.73,88.73,0,90,18.7,0,Low
04-08-2025 01:00,Z5,20.37,88.97,0,90,18.89,0,Low
04-08-2025 02:00,Z5,21.91,86.74,0,90,20.18,2084,Low
04-08-2025 03:00,Z5,23.69,83.01,0,89.66,22.11,0,Low
04-08-2025 04:00,Z5,23.59,86.82,0,89.9,22.33,2133,Low
04-08-2025 05:00,Z5,24.49,90.72,1,90,23.59,872,Low
04-08-2025 06:00,Z5,25.56,79.96,0,90,24.13,1640,Low
04-08-2025 07:00,Z5,25.51,82.9,0,89.69,23.7,23271,Low
04-08-2025 08:00,Z5,27.95,76.09,0,90,26.93,44605,Low
04-08-2025 09:00,Z5,30.04,75.28,0,90,29.01,62730,Low
04-08-2025 10:00,Z5,29.56,76.08,0,90,28.12,76330,Low
04-08-2025 11:00,Z5,29.89,72.74,0,89.92,27.93,86783,Low
04-08-2025 12:00,Z5,30.42,73.57,0.2,90,29.45,44970,Low
04-08-2025 13:00,Z5,30.16,77.75,1,90,28.14,43283,Low
04-08-2025 14:00,Z5,30.02,75.43,0,89.67,27.81,75577,Low
04-08-2025 15:00,Z5,29.58,76.42,0,89.2,28.32,61980,Low
04-08-2025 16:00,Z5,27.12,80.18,0,89.04,25.68,46531,Low
04-08-2025 17:00,Z5,27.37,78.18,0,88.82,25.78,24657,Low
04-08-2025 18:00,Z5,25.54,80.93,0,89.18,23.96,0,Low
04-08-2025 19:00,Z5,24.84,83.35,0,88.55,23.01,3124,Low
04-08-2025 20:00,Z5,23.11,86.41,0,88.77,21.48,0,Low
04-08-2025 21:00,Z5,23.2,85.52,0.2,89.2,21.46,1548,Low
04-08-2025 22:00,Z5,21.9,86.89,0,89.35,20.12,0,Low
04-08-2025 23:00,Z5,21.62,86.56,0,89.72,20.4,1113,Low
05-08-2025 00:00,Z5,20.55,88.38,0,89.67,19.14,1290,Low
05-08-2025 01:00,Z5,21.48,86.98,0,89.81,20.15,31,Low
05-08-2025 02:00,Z5,21.1,86.65,0,89.74,19.28,748,Low
05-08-2025 03:00,Z5,22.4,83.85,0,89.39,20.59,0,Low
05-08-2025 04:00,Z5,22.82,87.38,0,89.46,21.7,1450,Low
05-08-2025 05:00,Z5,24.58,80.13,0,88.84,23,0,Low
05-08-2025 06:00,Z5,24.45,84.04,0,89.03,23.35,3797,Low
05-08-2025 07:00,Z5,27.16,79.36,0,88.98,26.05,23097,Low
05-08-2025 08:00,Z5,27.92,75.8,0,88.78,26.27,43779,Low
05-08-2025 09:00,Z5,28.48,77.4,0,88.23,27.35,64043,Low
05-08-2025 10:00,Z5,29.32,74.33,0.2,88.35,27.52,40643,Low
05-08-2025 11:00,Z5,30.29,73.39,0,88.42,28.24,86117,Low
05-08-2025 12:00,Z5,30.42,74.66,0,88.89,28.59,89888,Low
05-08-2025 13:00,Z5,29.79,76.6,0,88.61,28.76,82428,Low
05-08-2025 14:00,Z5,30.06,77.49,0.5,88.99,28.22,38341,Low
05-08-2025 15:00,Z5,28.55,77.77,0,88.79,27.32,60263,Low
05-08-2025 16:00,Z5,28.4,77.56,0,88.93,26.97,44586,Low
05-08-2025 17:00,Z5,26.76,80.93,0.2,88.77,25.46,13471,Low
05-08-2025 18:00,Z5,24.4,83.42,0,88.87,22.94,534,Low
05-08-2025 19:00,Z5,24.32,83.02,0,88.56,22.49,177,Low
05-08-2025 20:00,Z5,24.68,79.72,0,89.42,23.67,0,Low
05-08-2025 21:00,Z5,22.95,83.24,0,89.15,22.07,1546,Low
05-08-2025 22:00,Z5,20.62,88.84,0,89.13,18.78,0,Low
05-08-2025 23:00,Z5,21.29,89.21,0,88.82,19.57,759,Low
06-08-2025 00:00,Z5,20.54,88.11,0,88.77,18.32,0,Low
06-08-2025 01:00,Z5,21.16,85.66,0,88.62,19.96,1854,Low
06-08-2025 02:00,Z5,22.62,80.67,0,88.57,21.01,620,Low
06-08-2025 03:00,Z5,22.61,81.69,0,88.19,21.07,0,Low
06-08-2025 04:00,Z5,23.8,83.31,0,88.04,23.19,1309,Low
06-08-2025 05:00,Z5,23.81,84.49,1,88.68,22.91,1007,Low
06-08-2025 06:00,Z5,25.54,82.06,0,88.82,23.69,0,Low
06-08-2025 07:00,Z5,26.14,82.06,0.2,88.91,24.77,12673,Low
06-08-2025 08:00,Z5,27.12,82.9,0,88.43,25.4,46160,Low
06-08-2025 09:00,Z5,28.78,80.75,0,88.49,27.22,66021,Low
06-08-2025 10:00,Z5,29.26,76.05,0,88.74,27.1,74022,Low
06-08-2025 11:00,Z5,30.2,78.39,0,88.78,28.24,83650,Low
06-08-2025 12:00,Z5,31.35,71.46,0,88.58,29.52,89316,Low
06-08-2025 13:00,Z5,29.13,74.78,0,88.75,27.87,86444,Low
06-08-2025 14:00,Z5,29.1,74.91,0,89.02,27.39,76116,Low
06-08-2025 15:00,Z5,28.76,75.14,0,89.62,27.89,61926,Low
06-08-2025 16:00,Z5,27.8,78.25,0,89.71,26.67,44200,Low
06-08-2025 17:00,Z5,27.24,81.37,0,88.85,25.93,22878,Low
06-08-2025 18:00,Z5,26.11,79.11,0,88.63,24.52,1951,Low
06-08-2025 19:00,Z5,24.6,83.91,0,88.78,22.67,0,Low
06-08-2025 20:00,Z5,23.42,82.53,0,88.51,22.45,2253,Low
06-08-2025 21:00,Z5,21.85,87.96,0,88.97,19.73,0,Low
06-08-2025 22:00,Z5,21.23,90.61,2,90,20.26,1189,Low
06-08-2025 23:00,Z5,21.4,85.94,0,89.93,19.98,0,Low
07-08-2025 00:00,Z5,21.2,87.77,0,89.81,19.69,705,Low
07-08-2025 01:00,Z5,20.55,89.12,0.5,90,19.04,1185,Low
07-08-2025 02:00,Z5,22.55,84.88,0,90,20.5,0,Low
07-08-2025 03:00,Z5,23.03,84.66,0.5,90,20.6,0,Low
07-08-2025 04:00,Z5,24.45,83.59,0,90,22.58,633,Low
07-08-2025 05:00,Z5,24.59,82.93,0,90,23.85,0,Low
07-08-2025 06:00,Z5,25.37,79.19,0,90,23.34,2171,Low
07-08-2025 07:00,Z5,27.05,81.33,0,89.84,25.35,24774,Low
07-08-2025 08:00,Z5,27.35,75.64,0,89.76,25.79,45222,Low
07-08-2025 09:00,Z5,28.32,77.21,0,89.77,25.79,61136,Low
07-08-2025 10:00,Z5,29.41,75.28,0,89.58,28.3,74656,Low
07-08-2025 11:00,Z5,29.99,76.68,0,89.23,27.98,86981,Low
07-08-2025 12:00,Z5,31.42,88.96,5,90,30.43,41694,Low
07-08-2025 13:00,Z5,31,74.46,0,90,29.59,83053,Low
07-08-2025 14:00,Z5,29.99,73.38,0,90,28.7,76613,Low
07-08-2025 15:00,Z5,28.45,78.64,0,89.73,27.17,60743,Low
07-08-2025 16:00,Z5,28.51,74.23,0,89.39,26.87,44559,Low
07-08-2025 17:00,Z5,26.18,80.21,0,89.62,24.8,20691,Low
07-08-2025 18:00,Z5,25.6,79.43,0,89.22,23.65,959,Low
07-08-2025 19:00,Z5,24.91,82.27,0,89.25,22.73,4023,Low
07-08-2025 20:00,Z5,22.58,90.48,2,90,20.72,1171,Low
07-08-2025 21:00,Z5,22.94,83.86,0,89.63,21.68,0,Low
07-08-2025 22:00,Z5,21.49,86.83,0,89.88,19.99,0,Low
07-08-2025 23:00,Z5,21.78,86.23,0,89.65,19.93,0,Low
08-08-2025 00:00,Z5,21.04,87.84,0,89.62,20.16,1335,Low
08-08-2025 01:00,Z5,22.36,85.88,0,89.21,21.03,0,Low
08-08-2025 02:00,Z5,21.48,87.32,0,89.45,19.83,867,Low
08-08-2025 03:00,Z5,22.45,85.43,0,88.78,20.93,0,Low
08-08-2025 04:00,Z5,23.8,85.67,0,88.93,22.2,0,Low
08-08-2025 05:00,Z5,25.18,81.92,0,88.17,22.92,0,Low
08-08-2025 06:00,Z5,25.03,80.29,0.2,88.58,23.26,0,Low
08-08-2025 07:00,Z5,26.75,79.78,0,89.02,25.17,22662,Low
08-08-2025 08:00,Z5,27.07,79.41,0,89.09,24.95,42680,Low
08-08-2025 09:00,Z5,29.15,75.61,0.2,89.67,27.78,28248,Low
08-08-2025 10:00,Z5,30.41,76.57,0,89.6,28.82,75976,Low
08-08-2025 11:00,Z5,30.77,71.36,0.2,89.06,28.65,45943,Low
08-08-2025 12:00,Z5,30.45,71.83,0,88.77,28.46,87354,Low
08-08-2025 13:00,Z5,30.53,73.28,0,88.92,28.26,83620,Low
08-08-2025 14:00,Z5,29.61,76.43,0,89.39,28.34,76705,Low
08-08-2025 15:00,Z5,28.7,76.75,0,89.09,27.54,63682,Low
08-08-2025 16:00,Z5,27.88,79.83,0,88.72,26.85,44840,Low
08-08-2025 17:00,Z5,27.61,79.87,0,88.07,26.09,21428,Low
08-08-2025 18:00,Z5,25.57,82.15,0,88.01,24,0,Low
08-08-2025 19:00,Z5,25.38,79.93,0,87.83,24.04,3344,Low
08-08-2025 20:00,Z5,23.19,86.89,0,87.9,21.19,954,Low
08-08-2025 21:00,Z5,23.05,84.84,0,87.9,21.88,0,Low
08-08-2025 22:00,Z5,21.54,85.93,0,87.75,19.58,2441,Low
08-08-2025 23:00,Z5,20.85,85.57,0,87.56,18.93,1030,Low
09-08-2025 00:00,Z5,22.34,87.3,0.5,88.34,21.13,328,Low
09-08-2025 01:00,Z5,21.07,87.93,0,88.31,19.06,1822,Low
09-08-2025 02:00,Z5,22.61,82.63,0,88.44,21.45,0,Low
09-08-2025 03:00,Z5,22.81,84.94,0,88.21,21.37,939,Low
09-08-2025 04:00,Z5,22.55,85.89,0,88.31,21.04,0,Low
09-08-2025 05:00,Z5,24.79,81.82,0,88.58,23.49,1216,Low
09-08-2025 06:00,Z5,25.93,81.82,0,88.2,25.12,0,Low
09-08-2025 07:00,Z5,26.51,81.71,0,87.86,25.37,20708,Low
09-08-2025 08:00,Z5,27.95,77.29,0,88.11,26.92,43784,Low
09-08-2025 09:00,Z5,29.39,73.88,0,88.04,28.33,67754,Low
09-08-2025 10:00,Z5,29.73,76.53,0,88.03,28.79,72525,Low
09-08-2025 11:00,Z5,30.3,74.29,0,88.13,29.17,83532,Low
09-08-2025 12:00,Z5,30.39,75.39,0,88.03,29.01,88525,Low
09-08-2025 13:00,Z5,29.98,75.99,0,87.88,28.5,86040,Low
09-08-2025 14:00,Z5,29.85,78.53,1,89.31,28.21,38189,Low
09-08-2025 15:00,Z5,28.64,77.4,0,88.96,26.62,62284,Low
09-08-2025 16:00,Z5,27.56,77.74,0,89.23,26.13,42276,Low
09-08-2025 17:00,Z5,27.83,77.32,0,88.94,26.33,20185,Low
09-08-2025 18:00,Z5,26.81,80.05,0,89.15,24.83,0,Low
09-08-2025 19:00,Z5,25.3,85.69,0,88.99,23.13,2537,Low
09-08-2025 20:00,Z5,23.42,98,5,90,22.2,0,Low
09-08-2025 21:00,Z5,23.43,87.11,0,89.98,21.62,5090,Low
09-08-2025 22:00,Z5,21.21,84.43,0,90,19.89,1673,Low
09-08-2025 23:00,Z5,21.24,87.6,0,89.92,19.6,0,Low
10-08-2025 00:00,Z5,20.59,90.61,0,90,19.69,0,Low
10-08-2025 01:00,Z5,21.69,86.1,0,89.86,20.05,0,Low
10-08-2025 02:00,Z5,21.68,84.9,0,89.91,20.17,811,Low
10-08-2025 03:00,Z5,21.68,87.4,0,89.32,19.99,0,Low
10-08-2025 04:00,Z5,23.35,82.69,0,89.55,21.84,868,Low
10-08-2025 05:00,Z5,23.12,83.35,0,89.67,21.88,905,Low
10-08-2025 06:00,Z5,25.58,81.67,0,89.79,24.1,0,Low
10-08-2025 07:00,Z5,27.16,80.07,0,89.8,24.7,24237,Low
10-08-2025 08:00,Z5,26.56,80.21,0,89.68,24.58,46241,Low
10-08-2025 09:00,Z5,28.73,78.18,0,89.34,27.34,59661,Low
10-08-2025 10:00,Z5,30.23,78.24,1,90,29.5,36974,Low
10-08-2025 11:00,Z5,30.08,74.83,0,90,28.07,87382,Low
10-08-2025 12:00,Z5,30.46,75.6,0,89.63,29.22,88924,Low
10-08-2025 13:00,Z5,31.05,70.51,0,89.31,30.06,87642,Low
10-08-2025 14:00,Z5,29.46,76.47,0,89,27.45,71811,Low
10-08-2025 15:00,Z5,28.57,79.56,0,89.03,26.71,61354,Low
10-08-2025 16:00,Z5,28.8,75.96,0,88.9,27.06,42038,Low
10-08-2025 17:00,Z5,28.11,77.11,0,88.71,26.91,23831,Low
10-08-2025 18:00,Z5,26.25,80.92,0,88.46,24.6,0,Low
10-08-2025 19:00,Z5,24.29,80.58,0,89.02,22.37,1012,Low
10-08-2025 20:00,Z5,23.69,84.67,0,88.96,22.5,0,Low
10-08-2025 21:00,Z5,21.84,87.61,0,89.22,20.06,686,Low
10-08-2025 22:00,Z5,22.12,83.63,0,89.23,20.34,983,Low
10-08-2025 23:00,Z5,22.28,84.38,0,89.04,20.9,817,Low
11-08-2025 00:00,Z5,21.18,88.99,0,88.76,20.08,0,Low
11-08-2025 01:00,Z5,20.98,91.31,0,88.58,19.07,0,Low
11-08-2025 02:00,Z5,22.69,87.09,0,88.26,21.11,0,Low
11-08-2025 03:00,Z5,23.32,85,0,88.48,22.09,0,Low
11-08-2025 04:00,Z5,23.84,84.17,0,88.24,22.31,0,Low
11-08-2025 05:00,Z5,23.99,87.18,0,88.18,22.98,0,Low
11-08-2025 06:00,Z5,25.22,85.56,0,88.35,23.52,0,Low
11-08-2025 07:00,Z5,26.54,77.71,0,88.16,26.53,20886,Low
11-08-2025 08:00,Z5,28.29,75.64,0,88.4,26.89,41246,Low
11-08-2025 09:00,Z5,28.9,75.45,0.5,88.18,27.72,31698,Low
11-08-2025 10:00,Z5,30.67,78.57,0.5,88.53,28.44,35872,Low
11-08-2025 11:00,Z5,30.32,76.85,0,88.79,29.26,83910,Low
11-08-2025 12:00,Z5,29.26,73.16,0,88.79,28.24,89701,Low
11-08-2025 13:00,Z5,29.04,78.67,0,88.19,27.63,86628,Low
11-08-2025 14:00,Z5,29.26,78.52,0.2,88.83,28.89,40532,Low
11-08-2025 15:00,Z5,28.66,78.38,0,88.64,27.43,61588,Low
11-08-2025 16:00,Z5,27.94,78.43,0,88.28,25.76,41519,Low
11-08-2025 17:00,Z5,26.61,81.35,0,88.15,24.82,22672,Low
11-08-2025 18:00,Z5,26.21,82.37,0,88.67,24.47,0,Low
11-08-2025 19:00,Z5,23.97,83.9,0,88.27,21.6,975,Low
11-08-2025 20:00,Z5,23.78,83.8,0,88.67,22.56,280,Low
11-08-2025 21:00,Z5,22.29,83.89,0,88.55,20.78,0,Low
11-08-2025 22:00,Z5,22.49,90.89,0.2,89.08,21.12,1542,Low
11-08-2025 23:00,Z5,21.72,89.13,0,89.18,20.6,0,Low
12-08-2025 00:00,Z5,20.35,90.81,0,89.25,18.33,0,Low
12-08-2025 01:00,Z5,20.21,91.35,0,89.09,19.12,1027,Low
12-08-2025 02:00,Z5,22.41,86.83,0,88.83,21.09,332,Low
12-08-2025 03:00,Z5,22.35,85.72,0,88.48,21.69,0,Low
12-08-2025 04:00,Z5,23.31,87.99,0,88.55,22.42,0,Low
12-08-2025 05:00,Z5,24.37,83.03,0,88.26,22.68,846,Low
12-08-2025 06:00,Z5,25.15,84.95,0,88.3,23.89,0,Low
12-08-2025 07:00,Z5,26.05,77.2,0,88.21,24.3,21027,Low
12-08-2025 08:00,Z5,27.6,78.23,0,88.09,25.9,42062,Low
12-08-2025 09:00,Z5,27.76,81.38,0.2,88.23,26.15,26768,Low
12-08-2025 10:00,Z5,29.27,75.88,0,87.85,28.11,77264,Low
12-08-2025 11:00,Z5,30.26,75.66,0,87.84,28.14,88183,Low
12-08-2025 12:00,Z5,30.03,77.03,0,88.02,28.49,83612,Low
12-08-2025 13:00,Z5,28.89,75.04,0,88.22,27.28,86299,Low
12-08-2025 14:00,Z5,29.8,76.63,0,87.65,27.4,76933,Low
12-08-2025 15:00,Z5,29.73,75.58,0,87.84,27.81,61415,Low
12-08-2025 16:00,Z5,27.93,80.16,0,88.21,25.94,43794,Low
12-08-2025 17:00,Z5,26.22,78.39,0,88.24,24.75,21304,Low
12-08-2025 18:00,Z5,25.54,79.66,0,88.41,24.03,0,Low
12-08-2025 19:00,Z5,23.93,83.41,0,88.45,21.99,2719,Low
12-08-2025 20:00,Z5,24.29,82.31,0,88.15,22.79,2316,Low
12-08-2025 21:00,Z5,22.34,85.26,0,88.43,21.24,0,Low
12-08-2025 22:00,Z5,22.42,86.48,0,88.6,20.92,0,Low
12-08-2025 23:00,Z5,21.27,87.59,0,88.74,19.83,0,Low
13-08-2025 00:00,Z5,21.01,90.37,0,88.6,20.26,585,Low
13-08-2025 01:00,Z5,20.63,87.01,0,88.56,19.05,151,Low
13-08-2025 02:00,Z5,21.96,85.13,0,88.06,20.45,0,Low
13-08-2025 03:00,Z5,22.82,88.14,0,88.39,21.25,2712,Low
13-08-2025 04:00,Z5,24.37,83.28,0,88.28,22.92,475,Low
13-08-2025 05:00,Z5,24.25,83.05,0.2,88.2,22.16,0,Low
13-08-2025 06:00,Z5,26.05,82.59,0.2,88.37,24.05,1383,Low
13-08-2025 07:00,Z5,26.49,83.63,0,88.48,24.7,23129,Low
13-08-2025 08:00,Z5,28.17,77.59,0,88.79,27.15,45946,Low
13-08-2025 09:00,Z5,27.93,75.95,0,88.76,26.94,62239,Low
13-08-2025 10:00,Z5,29.99,75.32,0.5,89.32,28.61,37057,Low
13-08-2025 11:00,Z5,30.93,74.15,0,89.18,29.08,80682,Low
13-08-2025 12:00,Z5,30.28,74.46,0,89.18,28.17,90033,Low
13-08-2025 13:00,Z5,30.4,73.88,0,89.38,28.69,85304,Low
13-08-2025 14:00,Z5,30.64,76.27,0,89.28,28.81,74477,Low
13-08-2025 15:00,Z5,28.47,78.72,0,89.43,27.56,63342,Low
13-08-2025 16:00,Z5,27.72,77.34,0,89.54,26.87,42701,Low
13-08-2025 17:00,Z5,27.33,80.95,0.5,89.68,26.7,8618,Low
13-08-2025 18:00,Z5,25.42,80.72,0,89.72,24.01,1020,Low
13-08-2025 19:00,Z5,24.32,83.33,0,89.35,22.82,1850,Low
13-08-2025 20:00,Z5,23.61,85.84,0,89.58,22.11,4716,Low
13-08-2025 21:00,Z5,22.26,86.43,0,89.32,21.31,1207,Low
13-08-2025 22:00,Z5,21.95,86.41,0,89.39,20.19,1783,Low
13-08-2025 23:00,Z5,21.67,86.84,1,90,20.11,39,Low
14-08-2025 00:00,Z5,20.66,91.61,0.5,90,18.58,640,Low
14-08-2025 01:00,Z5,20.96,86.68,0,90,19.09,0,Low
14-08-2025 02:00,Z5,20.89,87.98,0,89.95,19.83,2156,Low
14-08-2025 03:00,Z5,22.38,85.5,0,89.93,20.57,0,Low
14-08-2025 04:00,Z5,22.9,81.99,0,89.31,20.62,0,Low
14-08-2025 05:00,Z5,24.64,82.29,0,89.42,23.02,1717,Low
14-08-2025 06:00,Z5,25.47,81.41,0,89.83,24.36,0,Low
14-08-2025 07:00,Z5,27,77.89,0,89.83,25.5,23284,Low
14-08-2025 08:00,Z5,28.28,77.76,0,89.34,26.36,47748,Low
14-08-2025 09:00,Z5,29.38,78.49,0,89.51,27.47,65959,Low
14-08-2025 10:00,Z5,28.59,77.25,0,89.2,27.17,77348,Low
14-08-2025 11:00,Z5,30.28,75.45,0,88.52,28.79,84504,Low
14-08-2025 12:00,Z5,30.21,73.19,0.2,88.77,28.69,44740,Low
14-08-2025 13:00,Z5,29.47,77.23,0.2,89.21,27.91,45661,Low
14-08-2025 14:00,Z5,29.49,75.65,0,89.03,28.59,74938,Low
14-08-2025 15:00,Z5,29.21,74.42,0.2,89.09,27.97,31276,Low
14-08-2025 16:00,Z5,26.97,81.01,0,88.65,26.31,46455,Low
14-08-2025 17:00,Z5,28.05,83.81,2,90,26.48,9062,Low
14-08-2025 18:00,Z5,27.07,80.98,0,90,25.22,1098,Low
14-08-2025 19:00,Z5,25.18,86.63,1,90,24.32,547,Low
14-08-2025 20:00,Z5,22.57,85.47,0,89.62,20.94,0,Low
14-08-2025 21:00,Z5,23.03,86.7,0,89.83,21.78,35,Low
14-08-2025 22:00,Z5,21.97,83.4,0,89.7,20.41,3693,Low
14-08-2025 23:00,Z5,21.26,88.66,0,89.49,20.1,1375,Low
15-08-2025 00:00,Z5,21.66,85.36,0,89.43,19.69,0,Low
15-08-2025 01:00,Z5,20.48,90.31,0,89.3,18.79,1234,Low
15-08-2025 02:00,Z5,21.98,86.11,0,89.54,20.29,1070,Low
15-08-2025 03:00,Z5,22.78,87.26,0,89.66,20.98,0,Low
15-08-2025 04:00,Z5,23.71,82.29,0,89.81,22.47,0,Low
15-08-2025 05:00,Z5,23.78,86.62,0,89.36,22.26,0,Low
15-08-2025 06:00,Z5,25.77,81.53,0,89.6,24.15,0,Low
15-08-2025 07:00,Z5,25.94,77.46,0,89.52,24.69,22457,Low
15-08-2025 08:00,Z5,28.14,75.97,0,89.37,26.62,42305,Low
15-08-2025 09:00,Z5,28.38,74.82,0,89.84,26.72,63012,Low
15-08-2025 10:00,Z5,29.96,74.79,0,89.87,27.88,73519,Low
15-08-2025 11:00,Z5,29.55,72.23,0,90,28.13,82543,Low
15-08-2025 12:00,Z5,30.85,74.89,0,89.74,29.24,87475,Low
15-08-2025 13:00,Z5,30.2,76.56,0,90,28.8,86744,Low
15-08-2025 14:00,Z5,29.86,88.6,5,90,28.09,35839,Low
15-08-2025 15:00,Z5,27.87,76.86,0,90,26.19,65090,Low
15-08-2025 16:00,Z5,27.76,78.02,0,90,26.36,41096,Low
15-08-2025 17:00,Z5,27.34,82.37,0,89.71,26.46,25839,Low
15-08-2025 18:00,Z5,25.22,81.96,0,89.33,24.08,581,Low
15-08-2025 19:00,Z5,24.69,82.8,0,89.63,22.76,5156,Low
15-08-2025 20:00,Z5,23.16,98,5,90,21.46,0,Low
15-08-2025 21:00,Z5,23.14,86.62,0.2,90,21.36,0,Low
15-08-2025 22:00,Z5,21.18,85.38,0,90,20.11,931,Low
15-08-2025 23:00,Z5,20.78,86.59,0,89.63,18.66,0,Low
16-08-2025 00:00,Z5,20.84,87.44,0,89.52,19.64,2455,Low
16-08-2025 01:00,Z5,20.86,88.17,0,89.96,19.08,0,Low
16-08-2025 02:00,Z5,22.8,87.92,0,89.7,22.25,2279,Low
16-08-2025 03:00,Z5,22.98,82.43,0,89.82,21.72,830,Low
16-08-2025 04:00,Z5,23.41,82.11,0,89.45,22.15,1923,Low
16-08-2025 05:00,Z5,24.35,84.19,0,89.39,21.96,0,Low
16-08-2025 06:00,Z5,26.07,81.35,0,89.22,24.99,3495,Low
16-08-2025 07:00,Z5,27,81.02,0,89.2,24.93,25063,Low
16-08-2025 08:00,Z5,26.46,82.03,0,89.3,25.14,41679,Low
16-08-2025 09:00,Z5,30.48,74.38,0.5,89.94,29.22,31380,Low
16-08-2025 10:00,Z5,29.21,76.77,0.5,90,27.84,37213,Low
16-08-2025 11:00,Z5,30.1,74.85,0,89.77,29.06,84206,Low
16-08-2025 12:00,Z5,29.9,75.62,0,89.86,27.47,93192,Low
16-08-2025 13:00,Z5,30.84,74.22,0,89.69,28.71,83991,Low
16-08-2025 14:00,Z5,30.01,74.63,0.2,89.45,27.99,38689,Low
16-08-2025 15:00,Z5,29.34,74.61,0,89.45,27.43,64594,Low
16-08-2025 16:00,Z5,28.72,75.6,0,89.06,27.41,44066,Low
16-08-2025 17:00,Z5,27.19,78.38,0.2,89.1,25.44,12561,Low
16-08-2025 18:00,Z5,26.79,80.27,0,88.87,25.95,0,Low
16-08-2025 19:00,Z5,25.18,86.45,2,90,23.3,1421,Low
16-08-2025 20:00,Z5,24.13,81.1,0,89.62,23.06,295,Low
16-08-2025 21:00,Z5,22.54,85.25,0.2,89.98,21.33,0,Low
16-08-2025 22:00,Z5,21.65,83.87,0,90,20.11,547,Low
16-08-2025 23:00,Z5,21.68,87.12,0,89.85,19.8,0,Low
17-08-2025 00:00,Z5,21.28,84.23,0,89.88,19.37,2202,Low
17-08-2025 01:00,Z5,20.57,86.46,0,90,19.15,0,Low
17-08-2025 02:00,Z5,21.21,88.47,0,90,19.18,0,Low
17-08-2025 03:00,Z5,22.64,84.38,0,90,21.15,0,Low
17-08-2025 04:00,Z5,24.37,84.94,0,89.74,22.63,0,Low
17-08-2025 05:00,Z5,24.32,84.38,0,89.86,22.13,3227,Low
17-08-2025 06:00,Z5,25.07,82.66,1,90,23.03,1509,Low
17-08-2025 07:00,Z5,26.4,81.24,0,90,24.68,22871,Low
17-08-2025 08:00,Z5,27.69,79.49,0,90,26.52,43910,Low
17-08-2025 09:00,Z5,28.76,75.36,0,90,27.57,62774,Low
17-08-2025 10:00,Z5,30.45,77.58,0.5,90,29.02,37108,Low
17-08-2025 11:00,Z5,29.75,78.24,0.5,90,27.61,37579,Low
17-08-2025 12:00,Z5,30.07,75.13,0.2,90,28.34,41236,Low
17-08-2025 13:00,Z5,30,76.34,1,90,28.35,42004,Low
17-08-2025 14:00,Z5,30.57,72.73,0,89.65,29.02,75934,Low
17-08-2025 15:00,Z5,28.94,76.69,0,89.65,27.8,60882,Low
17-08-2025 16:00,Z5,27.49,75.84,0,89.94,26.17,44721,Low
17-08-2025 17:00,Z5,27.06,80.95,0,90,26.24,19275,Low
17-08-2025 18:00,Z5,26.49,81.36,0,89.95,24.29,0,Low
17-08-2025 19:00,Z5,24.71,79.54,0,89.93,23.87,324,Low
17-08-2025 20:00,Z5,22.54,80.89,0,89.64,21.23,448,Low
17-08-2025 21:00,Z5,23.21,84.7,0,89.25,21.92,0,Low
17-08-2025 22:00,Z5,20.86,98,10,90,19.53,2277,Low
17-08-2025 23:00,Z5,20.98,93.08,2,90,19.94,644,Low
18-08-2025 00:00,Z5,20.19,86.71,0,89.32,19.07,0,Low
18-08-2025 01:00,Z5,21.23,86.1,0,89.11,19.83,2517,Low
18-08-2025 02:00,Z5,22.6,86.25,0.5,89.52,21.82,912,Low
18-08-2025 03:00,Z5,22.89,81.9,0,89.91,21.12,505,Low
18-08-2025 04:00,Z5,23.56,81.85,0,89.9,21.88,0,Low
18-08-2025 05:00,Z5,24.7,83.79,0,89.95,23.39,0,Low
18-08-2025 06:00,Z5,25.08,80.97,0,90,23.2,299,Low
18-08-2025 07:00,Z5,26.93,81.58,0,90,25.79,25394,Low
18-08-2025 08:00,Z5,29.84,76.5,0,90,27.68,43718,Low
18-08-2025 09:00,Z5,28.83,73.62,0,89.91,26.89,60772,Low
18-08-2025 10:00,Z5,30.09,72.22,0,90,28.65,75161,Low
18-08-2025 11:00,Z5,30.84,76.14,0.2,90,29.87,43997,Low
18-08-2025 12:00,Z5,31.31,73.81,0,89.5,29,85524,Low
18-08-2025 13:00,Z5,29.73,78.31,0,89.77,27.99,85504,Low
18-08-2025 14:00,Z5,29.43,74.19,0,89.72,27.74,74189,Low
18-08-2025 15:00,Z5,29.64,73.11,0,89.6,28.51,63061,Low
18-08-2025 16:00,Z5,27.3,76.98,0,89.75,25.46,45927,Low
18-08-2025 17:00,Z5,26.84,77.45,0,89.36,25.23,19685,Low
18-08-2025 18:00,Z5,25.57,81.27,0,89.71,23.87,0,Low
18-08-2025 19:00,Z5,24.31,84.38,0,89.56,22.71,607,Low
18-08-2025 20:00,Z5,23.81,86.75,0,89.78,22.15,0,Low
18-08-2025 21:00,Z5,22.28,98,10,90,21.01,0,Low
18-08-2025 22:00,Z5,20.62,85.8,0,89.86,18.73,2540,Low
18-08-2025 23:00,Z5,22.43,82.2,0,89.92,20.69,2765,Low
19-08-2025 00:00,Z5,21.48,87.44,0,89.63,19.41,0,Low
19-08-2025 01:00,Z5,22.34,84.43,0,89.99,20.93,1570,Low
19-08-2025 02:00,Z5,22.53,81.7,0,89.95,21.2,0,Low
19-08-2025 03:00,Z5,22.79,84.58,0,90,21.68,0,Low
19-08-2025 04:00,Z5,22.34,82.96,0,89.86,20.65,0,Low
19-08-2025 05:00,Z5,25.12,84.4,0,90,23.53,3729,Low
19-08-2025 06:00,Z5,25.54,82.43,0,89.52,23.32,274,Low
19-08-2025 07:00,Z5,27.71,77.18,0,89.71,25.65,20991,Low
19-08-2025 08:00,Z5,28.34,77.07,0,89.43,26.68,46911,Low
19-08-2025 09:00,Z5,29.37,75.18,0,89.71,27.79,60630,Low
19-08-2025 10:00,Z5,30.09,73.5,0,90,28.38,74373,Low
19-08-2025 11:00,Z5,30.38,75.39,0,89.57,28.87,86645,Low
19-08-2025 12:00,Z5,29.68,72.92,0,89.67,28.23,86548,Low
19-08-2025 13:00,Z5,30.21,75.64,0.2,90,28.98,43413,Low
19-08-2025 14:00,Z5,29.26,75.22,0,89.65,27.54,77867,Low
19-08-2025 15:00,Z5,29.22,74.57,0,89.73,27.78,61281,Low
19-08-2025 16:00,Z5,27.16,78.41,0,89.76,26.13,41169,Low
19-08-2025 17:00,Z5,27.69,80.19,0,89.8,26.04,24113,Low
19-08-2025 18:00,Z5,25.68,81.32,0,89.83,23.75,1282,Low
19-08-2025 19:00,Z5,24.46,79.4,0,89.63,22.98,132,Low
19-08-2025 20:00,Z5,23.35,84.99,0,89.04,21.91,0,Low
19-08-2025 21:00,Z5,22.27,89.13,0,88.85,20.84,1872,Low
19-08-2025 22:00,Z5,22.31,88.7,0,88.29,20.64,0,Low
19-08-2025 23:00,Z5,21.36,88.27,0,87.97,19.71,0,Low
20-08-2025 00:00,Z5,20.68,86.82,0,87.81,18.79,230,Low
20-08-2025 01:00,Z5,21.02,85.17,0,87.52,19.48,0,Low
20-08-2025 02:00,Z5,21.55,90.11,2,89.85,19.53,4636,Low
20-08-2025 03:00,Z5,22.79,87.91,0,89.82,20.78,2947,Low
20-08-2025 04:00,Z5,23.29,83.86,0,90,21.76,1002,Low
20-08-2025 05:00,Z5,24.32,81.05,0,89.54,23.04,0,Low
20-08-2025 06:00,Z5,26.1,79.01,0,89.62,24.93,0,Low
20-08-2025 07:00,Z5,27.51,76.88,0,89.17,26.28,20946,Low
20-08-2025 08:00,Z5,26.35,80.26,0,89.31,25.26,45225,Low
20-08-2025 09:00,Z5,29.99,75.83,0,89.2,28.52,64321,Low
20-08-2025 10:00,Z5,29.33,77.02,0,89.15,27.39,76208,Low
20-08-2025 11:00,Z5,29.84,77.78,0,89.01,28.24,85781,Low
20-08-2025 12:00,Z5,30.5,74.01,0,89.19,29.27,87576,Low
20-08-2025 13:00,Z5,30.19,73.77,0,88.52,28.68,85926,Low
20-08-2025 14:00,Z5,30.49,75.54,0,88.63,28.92,78750,Low
20-08-2025 15:00,Z5,29.98,76.83,0,88.66,28.22,61540,Low
20-08-2025 16:00,Z5,28.39,77.98,0,88.9,27.86,46263,Low
20-08-2025 17:00,Z5,26.05,81.13,0,89.27,24.86,24698,Low
20-08-2025 18:00,Z5,26.13,82.53,0,89.39,24.47,210,Low
20-08-2025 19:00,Z5,23.75,86.27,1,90,22.61,3161,Low
20-08-2025 20:00,Z5,22.77,85.77,0,90,21.65,0,Low
20-08-2025 21:00,Z5,21.6,86.56,0,90,19.83,993,Low
20-08-2025 22:00,Z5,20.71,89.79,0,90,19.23,0,Low
20-08-2025 23:00,Z5,21.48,86.9,0,90,20.57,0,Low
21-08-2025 00:00,Z5,20.66,89.01,0,90,18.39,0,Low
21-08-2025 01:00,Z5,20.42,88.53,0,90,19.14,1675,Low
21-08-2025 02:00,Z5,22.17,85.1,0,90,21.19,0,Low
21-08-2025 03:00,Z5,22.96,85.46,0,89.04,21.37,1247,Low
21-08-2025 04:00,Z5,23.42,86.55,0,89.25,21.86,0,Low
21-08-2025 05:00,Z5,25.82,81.13,1,90,24.71,0,Low
21-08-2025 06:00,Z5,25.65,80.81,0,90,24.63,1394,Low
21-08-2025 07:00,Z5,26.88,80.89,0,89.75,25.13,27815,Low
21-08-2025 08:00,Z5,27.74,77.21,0,89.32,25.98,42836,Low
21-08-2025 09:00,Z5,28.98,74.85,0,88.87,26.86,63383,Low
21-08-2025 10:00,Z5,29.4,76.99,0.5,88.98,28.63,37386,Low
21-08-2025 11:00,Z5,28.99,72.97,0,88.99,27.94,86807,Low
21-08-2025 12:00,Z5,30.8,71.44,0,88.92,28.86,87782,Low
21-08-2025 13:00,Z5,30.63,71,0,88.7,29.12,83771,Low
21-08-2025 14:00,Z5,29.73,76.97,0,88.7,28.47,77677,Low
21-08-2025 15:00,Z5,29.65,77,0,88.95,28.47,66037,Low
21-08-2025 16:00,Z5,28.36,77.82,0,88.36,26.71,42172,Low
21-08-2025 17:00,Z5,27.26,80.14,0,88.62,25.3,23219,Low
21-08-2025 18:00,Z5,26.12,81.31,0,88.5,25.58,591,Low
21-08-2025 19:00,Z5,23.43,81.22,0,88.55,21.93,2139,Low
21-08-2025 20:00,Z5,23.49,83.04,0,88.64,21.79,2961,Low
21-08-2025 21:00,Z5,23.06,87.15,0,89.01,22.21,0,Low
21-08-2025 22:00,Z5,21.05,86.96,0,88.71,19.58,0,Low
21-08-2025 23:00,Z5,21.64,83.76,0,88.49,20.31,931,Low
22-08-2025 00:00,Z5,20.25,87.48,0,88.56,18.73,0,Low
22-08-2025 01:00,Z5,19.99,88.52,0,88.32,18.5,0,Low
22-08-2025 02:00,Z5,22,82.64,0,88.29,20.68,0,Low
22-08-2025 03:00,Z5,24.41,80.93,0,88.37,22.68,0,Low
22-08-2025 04:00,Z5,23.25,84.47,0,87.94,21.43,0,Low
22-08-2025 05:00,Z5,24.18,83.01,0,88.18,22.57,3199,Low
22-08-2025 06:00,Z5,25.38,81.88,0,88.52,23.32,877,Low
22-08-2025 07:00,Z5,27.76,79.28,0,88.39,26.26,23324,Low
22-08-2025 08:00,Z5,27.89,76.44,0.2,88.97,26.73,20398,Low
22-08-2025 09:00,Z5,28.52,75.87,0,88.38,27.29,65010,Low
22-08-2025 10:00,Z5,29.37,72.79,0,88.42,27.96,76912,Low
22-08-2025 11:00,Z5,30.09,74.98,0,88.25,29.24,84836,Low
22-08-2025 12:00,Z5,30.51,73.02,0,88.31,28.71,88702,Low
22-08-2025 13:00,Z5,30.38,74.12,0,88.34,29.17,87049,Low
22-08-2025 14:00,Z5,30.49,75.71,0,88.27,29.34,78054,Low
22-08-2025 15:00,Z5,28.23,77.69,0,88.37,27.35,58159,Low
22-08-2025 16:00,Z5,27.69,75.29,0,88.35,26.2,40614,Low
22-08-2025 17:00,Z5,26.9,78.3,0,87.98,25.33,22135,Low
22-08-2025 18:00,Z5,26.31,80.37,0,88.16,24.75,0,Low
22-08-2025 19:00,Z5,23.74,83.47,0,88.4,22.24,12,Low
22-08-2025 20:00,Z5,23.56,82.57,0.2,88.73,22.32,0,Low
22-08-2025 21:00,Z5,22.03,84.84,0,89.09,20.9,294,Low
22-08-2025 22:00,Z5,21.97,86.63,0,89.17,20.62,0,Low
22-08-2025 23:00,Z5,20.74,87.68,0.2,89.28,19.13,0,Low
23-08-2025 00:00,Z5,21.34,90.38,0,89.05,19.89,0,Low
23-08-2025 01:00,Z5,21.52,88.12,0,89.3,19.93,1912,Low
23-08-2025 02:00,Z5,22.28,85.12,0,89.16,21.05,1387,Low
23-08-2025 03:00,Z5,22.17,85.94,0,89.27,20.55,0,Low
23-08-2025 04:00,Z5,22.98,83.24,0,89.23,21.44,554,Low
23-08-2025 05:00,Z5,24.5,88.72,2,90,22.82,4157,Low
23-08-2025 06:00,Z5,26.19,77.73,0,89.68,24.71,0,Low
23-08-2025 07:00,Z5,26.76,83.94,2,90,25.22,9880,Low
23-08-2025 08:00,Z5,27.8,76.56,0,89.05,26.31,43386,Low
23-08-2025 09:00,Z5,29.62,77.37,0.2,89.53,28.06,32065,Low
23-08-2025 10:00,Z5,29.12,75.05,0,89.49,27.69,75697,Low
23-08-2025 11:00,Z5,29.95,71.79,0,89.26,28.83,84382,Low
23-08-2025 12:00,Z5,29.99,76.3,0,89.06,28.77,87387,Low
23-08-2025 13:00,Z5,30.27,74.52,0,88.93,28.75,87659,Low
23-08-2025 14:00,Z5,29.66,77.9,0,88.99,28.96,81366,Low
23-08-2025 15:00,Z5,29.61,78.3,0,88.65,28.55,63817,Low
23-08-2025 16:00,Z5,27.52,80.01,0,88.69,26.21,42856,Low
23-08-2025 17:00,Z5,25.77,82.6,0,88.54,25.1,20933,Low
23-08-2025 18:00,Z5,26.54,81.57,0,87.99,24.7,0,Low
23-08-2025 19:00,Z5,25.11,81.91,0,87.95,23.51,0,Low
23-08-2025 20:00,Z5,22.74,86.87,0.2,88.34,20.96,0,Low
23-08-2025 21:00,Z5,22.63,83.52,0,88.38,20.58,0,Low
23-08-2025 22:00,Z5,22.8,88.25,0,88.21,20.63,861,Low
23-08-2025 23:00,Z5,22.07,84.24,0,88.45,20.76,1280,Low
24-08-2025 00:00,Z5,22.12,85.12,0,88.4,20.64,0,Low
24-08-2025 01:00,Z5,20.96,87.84,0.5,88.74,19.14,358,Low
24-08-2025 02:00,Z5,21.84,86.42,0,88.24,19.88,0,Low
24-08-2025 03:00,Z5,23.11,83.84,0,88.5,21.64,2296,Low
24-08-2025 04:00,Z5,21.75,87.45,0,88.65,20.07,1979,Low
24-08-2025 05:00,Z5,25.1,79.19,0,88.48,23.5,196,Low
24-08-2025 06:00,Z5,25.74,80.27,0.2,88.17,24.68,0,Low
24-08-2025 07:00,Z5,26.76,78.21,0,87.79,25.35,23677,Low
24-08-2025 08:00,Z5,27.5,78.03,0,87.41,25.99,46666,Low
24-08-2025 09:00,Z5,29.84,79.08,2,89.56,27.82,31525,Low
24-08-2025 10:00,Z5,29.14,77.48,0,89.89,27.24,74234,Low
24-08-2025 11:00,Z5,29.71,74.45,0,89.29,28.06,83809,Low
24-08-2025 12:00,Z5,29.77,76.23,0,89.57,28.49,88883,Low
24-08-2025 13:00,Z5,30.12,74.27,0,89.4,29.07,84553,Low
24-08-2025 14:00,Z5,30.13,77.14,0.5,90,28.5,36679,Low
24-08-2025 15:00,Z5,29.25,76.32,0,89.95,27.46,62433,Low
24-08-2025 16:00,Z5,28.19,77.34,0,90,27.03,47435,Low
24-08-2025 17:00,Z5,27.16,81.43,0,89.55,24.92,22408,Low
24-08-2025 18:00,Z5,26.81,78.84,0,89.61,25.44,943,Low
24-08-2025 19:00,Z5,24.32,87.76,0,89.59,22.81,0,Low
24-08-2025 20:00,Z5,23.07,84.21,0,89.64,21.52,0,Low
24-08-2025 21:00,Z5,24.14,82.48,0,89.82,22.28,613,Low
24-08-2025 22:00,Z5,21.55,88.98,0,89.97,20.33,0,Low
24-08-2025 23:00,Z5,21.72,83.18,0,90,19.61,2803,Low
25-08-2025 00:00,Z5,21.82,88.45,0,90,20.03,0,Low
25-08-2025 01:00,Z5,21.82,85.57,0,90,20.67,1759,Low
25-08-2025 02:00,Z5,23.29,84.5,0,90,21.47,0,Low
25-08-2025 03:00,Z5,21.22,90.81,0.2,90,20.05,0,Low
25-08-2025 04:00,Z5,23.88,84.45,0,90,23.27,4622,Low
25-08-2025 05:00,Z5,25.88,78.87,0,90,24.57,3287,Low
25-08-2025 06:00,Z5,25.37,81.53,0,90,23.78,0,Low
25-08-2025 07:00,Z5,26.59,80.54,0,89.96,25.37,23527,Low
25-08-2025 08:00,Z5,27.78,74.39,0,89.91,26.07,45998,Low
25-08-2025 09:00,Z5,29.69,77.6,0,90,28.09,59901,Low
25-08-2025 10:00,Z5,29.85,73.33,0.5,90,29.22,36261,Low
25-08-2025 11:00,Z5,29.81,76.43,0,89.6,28.64,86617,Low
25-08-2025 12:00,Z5,31.04,74.33,0,89.42,29.07,88210,Low
25-08-2025 13:00,Z5,29.95,73.78,0.5,90,29,42792,Low
25-08-2025 14:00,Z5,30.07,76.7,0,90,28.83,78476,Low
25-08-2025 15:00,Z5,28.38,78.52,0,90,26.61,61407,Low
25-08-2025 16:00,Z5,27.24,80.59,0,89.74,25.8,45148,Low
25-08-2025 17:00,Z5,26.83,78.32,0,89.34,25.71,25734,Low
25-08-2025 18:00,Z5,25.27,84.65,0,88.93,23.95,0,Low
25-08-2025 19:00,Z5,24.94,83.86,0,89.15,23.45,0,Low
25-08-2025 20:00,Z5,23.8,85.48,0,89.08,22.69,0,Low
25-08-2025 21:00,Z5,22.19,85.93,0,88.79,20.61,1298,Low
25-08-2025 22:00,Z5,21.46,85.4,0,88.44,20.47,307,Low
25-08-2025 23:00,Z5,21.06,89.43,0,88.22,20.36,1236,Low
26-08-2025 00:00,Z5,21.87,85.67,0,88.4,20.04,0,Low
26-08-2025 01:00,Z5,19.89,90.33,0,88.29,18.18,0,Low
26-08-2025 02:00,Z5,21.36,86.37,0,88.21,20.29,0,Low
26-08-2025 03:00,Z5,22.7,87.67,0,88.23,20.94,0,Low
26-08-2025 04:00,Z5,22.33,84.55,0,88.17,20.81,1093,Low
26-08-2025 05:00,Z5,25.41,80,0,87.88,23.84,0,Low
26-08-2025 06:00,Z5,26.05,86.92,1,89,24.43,56,Low
26-08-2025 07:00,Z5,26.77,79.82,0,88.95,25.14,24743,Low
26-08-2025 08:00,Z5,27.1,79.5,0,89.01,25.11,41337,Low
26-08-2025 09:00,Z5,28.77,78.28,0,88.83,27.38,65033,Low
26-08-2025 10:00,Z5,30.47,75.52,0,88.75,29.09,75851,Low
26-08-2025 11:00,Z5,29.6,76.25,0,88.46,27.72,87096,Low
26-08-2025 12:00,Z5,28.85,75.93,0.2,88.65,27.85,44937,Low
26-08-2025 13:00,Z5,29.39,73.64,0,88.73,27.07,83484,Low
26-08-2025 14:00,Z5,30.2,93.06,10,90,28.61,40341,Low
26-08-2025 15:00,Z5,27.27,79.19,0,89.71,25.64,60306,Low
26-08-2025 16:00,Z5,28.7,75.52,0,89.58,27.23,44361,Low
26-08-2025 17:00,Z5,27.36,77.87,0,89.57,26.47,21554,Low
26-08-2025 18:00,Z5,25.92,79.4,0,89.01,24.34,81,Low
26-08-2025 19:00,Z5,25.64,81.46,0,88.96,23.62,0,Low
26-08-2025 20:00,Z5,23.63,85.25,0,88.74,22.24,1375,Low
26-08-2025 21:00,Z5,21.95,88.06,0,88.49,19.97,670,Low
26-08-2025 22:00,Z5,21.88,88.47,0,88.77,20.05,0,Low
26-08-2025 23:00,Z5,20.04,91.24,0,88.68,19.02,0,Low
27-08-2025 00:00,Z5,21.3,88.44,0,89.08,20.31,0,Low
27-08-2025 01:00,Z5,20.86,89.45,0,89.16,18.59,361,Low
27-08-2025 02:00,Z5,21.61,81.21,0,89.04,19.85,1013,Low
27-08-2025 03:00,Z5,22.8,89.5,0,88.83,21.23,0,Low
27-08-2025 04:00,Z5,23.8,83.49,0,89.1,22,0,Low
27-08-2025 05:00,Z5,24.63,80.84,0,89.37,22.85,0,Low
27-08-2025 06:00,Z5,25.97,79.25,0,89.2,24.76,1505,Low
27-08-2025 07:00,Z5,26.78,81.63,1,90,25.16,10401,Low
27-08-2025 08:00,Z5,27.3,75.81,0,90,25.15,46409,Low
27-08-2025 09:00,Z5,28.84,76.97,0,89.83,27.44,60935,Low
27-08-2025 10:00,Z5,28.85,74.32,0,89.68,27.43,73585,Low
27-08-2025 11:00,Z5,30.53,75.07,0,89.68,29.28,88276,Low
27-08-2025 12:00,Z5,30.24,76.22,0,89.92,28.76,86515,Low
27-08-2025 13:00,Z5,29.47,76.93,0,89.45,27.77,84739,Low
27-08-2025 14:00,Z5,29.37,76.61,0,89.55,28.03,75396,Low
27-08-2025 15:00,Z5,28.4,77.86,0,89.91,26.3,63993,Low
27-08-2025 16:00,Z5,27.26,80.11,0,90,25.59,42923,Low
27-08-2025 17:00,Z5,27.25,78.74,0,89.84,26.04,19878,Low
27-08-2025 18:00,Z5,25.78,80.96,0,90,24.69,0,Low
27-08-2025 19:00,Z5,23.62,83.72,0,90,22.29,0,Low
27-08-2025 20:00,Z5,23.56,86.64,0,90,22.32,1858,Low
27-08-2025 21:00,Z5,22.83,84.11,0,90,21.32,0,Low
27-08-2025 22:00,Z5,22.38,89.6,0,90,20.74,1805,Low
27-08-2025 23:00,Z5,21.7,84.26,0,90,20.05,883,Low
28-08-2025 00:00,Z5,20.59,90.83,0,89.6,19.19,0,Low
28-08-2025 01:00,Z5,21.8,87.99,0,89.45,20.4,0,Low
28-08-2025 02:00,Z5,22.45,84.73,0,89.27,21.47,0,Low
28-08-2025 03:00,Z5,21.36,87.79,0,88.9,20.44,0,Low
28-08-2025 04:00,Z5,23.26,81.41,0,89.29,21.93,0,Low
28-08-2025 05:00,Z5,24.4,80.71,0,89.53,22.77,943,Low
28-08-2025 06:00,Z5,25.8,81.03,0,89.95,24.95,0,Low
28-08-2025 07:00,Z5,26.66,77.23,0,90,24.76,24144,Low
28-08-2025 08:00,Z5,27.96,78.82,0,89.77,26.1,41689,Low
28-08-2025 09:00,Z5,28.39,77.89,0,89.73,26.68,63011,Low
28-08-2025 10:00,Z5,29.06,91.73,5,90,27.88,41071,Low
28-08-2025 11:00,Z5,30.57,73.94,0,89.69,29.26,83426,Low
28-08-2025 12:00,Z5,29.75,77.35,0,89.46,28.63,91170,Low
28-08-2025 13:00,Z5,29.84,73.37,0,89.12,27.73,88306,Low
28-08-2025 14:00,Z5,29.96,79.41,0,89.12,27.57,75947,Low
28-08-2025 15:00,Z5,28.61,77.49,0,88.73,26.68,64071,Low
28-08-2025 16:00,Z5,28.14,79.6,0,89.48,26.41,41709,Low
28-08-2025 17:00,Z5,26.92,75.99,0,89.28,25.49,21140,Low
28-08-2025 18:00,Z5,25.11,79.54,0,89.32,24.18,0,Low
28-08-2025 19:00,Z5,24.94,87.38,0,89.43,23.32,238,Low
28-08-2025 20:00,Z5,22.87,84.34,0,89.53,22.13,499,Low
28-08-2025 21:00,Z5,22.42,86.86,0,89.58,21.61,1993,Low
28-08-2025 22:00,Z5,21.04,88.84,0,89.43,19.39,0,Low
28-08-2025 23:00,Z5,21.4,89.98,0.5,90,19.6,0,Low
29-08-2025 00:00,Z5,19.96,90.25,0,90,17.28,0,Low
29-08-2025 01:00,Z5,21.2,84.47,0,89.81,19.75,0,Low
29-08-2025 02:00,Z5,22.62,83.76,0,90,21.32,0,Low
29-08-2025 03:00,Z5,22.97,81.76,0,90,21.27,0,Low
29-08-2025 04:00,Z5,23.03,87.94,2,90,22.04,2132,Low
29-08-2025 05:00,Z5,24.39,81.55,0,90,22.99,1026,Low
29-08-2025 06:00,Z5,26.23,80.44,0,89.96,25.06,561,Low
29-08-2025 07:00,Z5,26.13,82.09,0,89.71,24.53,23571,Low
29-08-2025 08:00,Z5,27.3,78.74,0,89.72,26.27,48882,Low
29-08-2025 09:00,Z5,29.69,74.6,0,89.55,28.39,62366,Low
29-08-2025 10:00,Z5,28.86,77.65,0,89.02,27.04,75333,Low
29-08-2025 11:00,Z5,29.16,78.21,0,88.96,28.02,82188,Low
29-08-2025 12:00,Z5,30.44,76.57,0,88.65,29.01,88865,Low
29-08-2025 13:00,Z5,30.53,73.55,0,88.64,29.81,86028,Low
29-08-2025 14:00,Z5,29.53,75.42,0,88.43,28.08,73018,Low
29-08-2025 15:00,Z5,28.39,77.07,0,88.25,27.04,61820,Low
29-08-2025 16:00,Z5,27.69,78.72,0,88.35,26.44,44209,Low
29-08-2025 17:00,Z5,26.31,79.87,0,88.04,24.5,20402,Low
29-08-2025 18:00,Z5,25.8,82.89,0,87.89,24.13,0,Low
29-08-2025 19:00,Z5,24.9,80.33,0,88,23.24,214,Low
29-08-2025 20:00,Z5,24.23,82.98,0,87.84,22.3,1460,Low
29-08-2025 21:00,Z5,22.77,84.97,0,87.9,22.21,0,Low
29-08-2025 22:00,Z5,22.01,84.69,0,87.98,19.93,0,Low
29-08-2025 23:00,Z5,21.61,84.9,0,87.9,20.65,0,Low
30-08-2025 00:00,Z5,21.64,90.95,0,87.96,20.68,443,Low
30-08-2025 01:00,Z5,21.3,83.05,0,88.24,19.69,0,Low
30-08-2025 02:00,Z5,21.77,87.57,0,88.56,20.04,1428,Low
30-08-2025 03:00,Z5,22.65,92.8,2,90,20.98,0,Low
30-08-2025 04:00,Z5,24.05,83.42,0,89.75,22.18,2127,Low
30-08-2025 05:00,Z5,25.16,82.22,0,89.52,23.96,0,Low
30-08-2025 06:00,Z5,25.15,79.47,0,90,23.64,0,Low
30-08-2025 07:00,Z5,27.6,77.25,0,90,26.07,21887,Low
30-08-2025 08:00,Z5,29.34,74.72,0,90,28.02,42880,Low
30-08-2025 09:00,Z5,28.84,76.04,0,90,27.36,61101,Low
30-08-2025 10:00,Z5,29.13,74.93,0,89.96,27.86,76200,Low
30-08-2025 11:00,Z5,30.06,74.7,0,89.91,28.86,83697,Low
30-08-2025 12:00,Z5,29.84,75.22,0,89.92,27.77,90856,Low
30-08-2025 13:00,Z5,30.3,74.84,0,90,29.33,84232,Low
30-08-2025 14:00,Z5,29.08,74.95,0,90,27.85,78657,Low
30-08-2025 15:00,Z5,28.27,80.03,0,90,26.87,63775,Low
30-08-2025 16:00,Z5,27.97,75.25,0,90,26.88,42344,Low
30-08-2025 17:00,Z5,26.73,96.63,10,90,24.75,10978,Low
30-08-2025 18:00,Z5,26.04,78.4,0,90,24.69,0,Low
30-08-2025 19:00,Z5,24.17,83.14,0,89.46,22.8,0,Low
30-08-2025 20:00,Z5,22.43,86.37,0,89.07,20.23,1148,Low
30-08-2025 21:00,Z5,21.08,86.71,0,89.36,19.48,0,Low
30-08-2025 22:00,Z5,21.71,88.14,0,89.48,20.46,0,Low
30-08-2025 23:00,Z5,20.33,92.7,0,89.88,19.28,1302,Low
31-08-2025 00:00,Z5,20.53,92.5,0,89.65,19,0,Low
31-08-2025 01:00,Z5,21.52,87.24,0.2,89.54,20.14,4536,Low
31-08-2025 02:00,Z5,21.49,88.65,0,89.78,20.42,0,Low
31-08-2025 03:00,Z5,22.35,87.12,0.2,90,20.75,2322,Low
31-08-2025 04:00,Z5,24.32,83.24,0,90,22.76,0,Low
31-08-2025 05:00,Z5,24.28,83.76,0,90,22.51,0,Low
31-08-2025 06:00,Z5,26.46,77.2,0,89.6,24.55,2939,Low
31-08-2025 07:00,Z5,27.71,74.28,0,89.76,27.26,21264,Low
31-08-2025 08:00,Z5,26.91,79.57,0,89.69,25.85,44102,Low
31-08-2025 09:00,Z5,29.52,74.8,0,89.28,27.42,61082,Low
31-08-2025 10:00,Z5,28.98,78.08,0,88.93,27.28,71886,Low
31-08-2025 11:00,Z5,29.87,73.21,0,88.67,28.58,86836,Low
31-08-2025 12:00,Z5,30.13,75.37,0,88.55,28.46,89911,Low
31-08-2025 13:00,Z5,30.77,73.68,0,88.63,29.02,85243,Low
31-08-2025 14:00,Z5,30.32,74.63,0,88.88,28.72,76124,Low
31-08-2025 15:00,Z5,28.84,79.36,0,88.73,27.37,65285,Low
31-08-2025 16:00,Z5,28.83,75.83,0,88.29,27.02,42843,Low
31-08-2025 17:00,Z5,26.61,81.82,0,88.61,25.57,21664,Low
31-08-2025 18:00,Z5,26.08,77.93,0,88.24,24.72,0,Low
31-08-2025 19:00,Z5,24.06,84.72,0,88.2,22.99,1917,Low
31-08-2025 20:00,Z5,23.18,81.65,0,88.5,21.21,57,Low
31-08-2025 21:00,Z5,21.95,90.32,1,89.84,20.27,302,Low
31-08-2025 22:00,Z5,21.4,84.97,0,89.64,20.32,513,Low
31-08-2025 23:00,Z5,22.29,89.37,0,89.34,20.55,3030,Low
01-09-2025 00:00,Z5,20.57,91.62,0,89.28,19.07,2770,Low
01-09-2025 01:00,Z5,21.47,89.27,0,89.54,20.1,0,Low
01-09-2025 02:00,Z5,20.83,87.28,0,89.39,19.49,1037,Low
01-09-2025 03:00,Z5,22.59,86.26,0,89.44,20.67,0,Low
01-09-2025 04:00,Z5,23.64,83.23,0,88.8,22,0,Low
01-09-2025 05:00,Z5,24.88,82.66,0,88.03,22.41,0,Low
01-09-2025 06:00,Z5,24.87,83.52,0,87.97,23.17,2935,Low
01-09-2025 07:00,Z5,25.42,79.52,0,87.83,24,19342,Low
01-09-2025 08:00,Z5,27.59,79.56,0,87.23,26.32,47623,Low
01-09-2025 09:00,Z5,28.64,78.21,0,87.59,27.01,60096,Low
01-09-2025 10:00,Z5,29.25,76.32,0,87.38,26.88,75761,Low
01-09-2025 11:00,Z5,30.1,74.74,0,87.62,28.69,86131,Low
01-09-2025 12:00,Z5,29.75,76.52,0.5,88.51,28.23,45607,Low
01-09-2025 13:00,Z5,29.56,75.47,0,88.19,27.94,86650,Low
01-09-2025 14:00,Z5,29.18,77.88,0,87.76,26.62,73658,Low
01-09-2025 15:00,Z5,28.61,74.06,0,87.37,26.91,59475,Low
01-09-2025 16:00,Z5,27.51,76.34,0,86.99,26.01,40449,Low
01-09-2025 17:00,Z5,26,79.58,0,87.04,24.1,22253,Low
01-09-2025 18:00,Z5,25.35,79.82,0,87.28,24.62,0,Low
01-09-2025 19:00,Z5,24.29,83.52,0,87.52,23.13,0,Low
01-09-2025 20:00,Z5,22.11,87.66,0,86.94,20.13,107,Low
01-09-2025 21:00,Z5,21.99,87.06,0,86.93,20.33,4758,Low
01-09-2025 22:00,Z5,20.84,90.5,0,86.83,19.58,0,Low
01-09-2025 23:00,Z5,21,83.66,0,86.33,19.12,595,Low
02-09-2025 00:00,Z5,20.85,89.46,0,86.09,18.91,0,Low
02-09-2025 01:00,Z5,21.17,90.07,0,86.01,19.62,0,Low
02-09-2025 02:00,Z5,22.03,84.82,0,86.08,21.21,0,Low
02-09-2025 03:00,Z5,21.72,87.59,0,86.25,20.12,1066,Low
02-09-2025 04:00,Z5,22.58,81.88,0,85.76,20.41,0,Low
02-09-2025 05:00,Z5,22.96,86.2,0.2,85.71,21.22,579,Low
02-09-2025 06:00,Z5,25.67,82.65,0,85.92,24.4,0,Low
02-09-2025 07:00,Z5,26.77,78.06,0,85.68,24.87,27067,Low
02-09-2025 08:00,Z5,26.2,78.43,0.2,85.78,24.1,20448,Low
02-09-2025 09:00,Z5,27.51,80.08,0,85.54,26.43,62859,Low
02-09-2025 10:00,Z5,29.49,74.09,0,85.47,28.63,76379,Low
02-09-2025 11:00,Z5,28.84,76.19,0.2,85.69,27.07,41580,Low
02-09-2025 12:00,Z5,28.96,78.41,0,85.34,27.81,87197,Low
02-09-2025 13:00,Z5,28.72,74.59,0,85,27.85,84076,Low
02-09-2025 14:00,Z5,28.84,74.82,0,85.31,27.19,80656,Low
02-09-2025 15:00,Z5,29.17,76.4,0,85.43,27.09,60578,Low
02-09-2025 16:00,Z5,26.38,78.51,0,85.67,24.91,43593,Low
02-09-2025 17:00,Z5,26.72,80.66,0,85.72,24.84,22222,Low
02-09-2025 18:00,Z5,25.61,78.17,0,85.44,24.1,0,Low
02-09-2025 19:00,Z5,24.39,82.94,0,85.53,22.69,0,Low
02-09-2025 20:00,Z5,23.67,82.15,0,85.9,22.69,1473,Low
02-09-2025 21:00,Z5,21.89,88.87,0,85.66,20.08,0,Low
02-09-2025 22:00,Z5,20.97,85.76,0,85.43,19.19,1544,Low
02-09-2025 23:00,Z5,21.59,88.3,0,86.01,20.29,0,Low
03-09-2025 00:00,Z5,19.97,85.39,0,86.05,19.11,2442,Low
03-09-2025 01:00,Z5,21.13,89.64,0,86.22,20.25,1179,Low
03-09-2025 02:00,Z5,21.92,88.69,0.2,86.42,19.62,0,Low
03-09-2025 03:00,Z5,23.42,83.91,0,86.15,22.3,1766,Low
03-09-2025 04:00,Z5,23.72,83.8,0.2,86.65,22.09,2842,Low
03-09-2025 05:00,Z5,24.81,80.21,0,86.3,23.34,1214,Low
03-09-2025 06:00,Z5,25.8,80.89,0,86.48,24.03,0,Low
03-09-2025 07:00,Z5,26.54,82.73,0,86.71,24.49,24809,Low
03-09-2025 08:00,Z5,28.01,83.19,0,86.64,26.46,44964,Low
03-09-2025 09:00,Z5,27.4,79.12,0,86.51,25.87,62127,Low
03-09-2025 10:00,Z5,27.73,76.53,0,86.04,26.59,75163,Low
03-09-2025 11:00,Z5,29.82,70.22,0,85.71,28.38,84551,Low
03-09-2025 12:00,Z5,30.12,75.01,0,84.97,28.68,89293,Low
03-09-2025 13:00,Z5,29.61,75.15,0,84.8,27.99,84542,Low
03-09-2025 14:00,Z5,28.72,73.64,0,84.76,26.94,76768,Low
03-09-2025 15:00,Z5,28.18,78.67,0,84.27,26.34,62210,Low
03-09-2025 16:00,Z5,26.17,80.96,0,84,25.09,44537,Low
03-09-2025 17:00,Z5,25.73,82.24,0,83.36,24.05,22074,Low
03-09-2025 18:00,Z5,23.63,82.97,0,82.92,21.57,687,Low
03-09-2025 19:00,Z5,23.43,85.99,0,82.76,22.31,4605,Low
03-09-2025 20:00,Z5,22.51,83.75,0,82.56,21.32,0,Low
03-09-2025 21:00,Z5,22.1,88.49,0,82.63,20.38,0,Low
03-09-2025 22:00,Z5,22.14,83.15,0,82.76,20.05,0,Low
03-09-2025 23:00,Z5,20.51,90.16,0,82.81,19.3,0,Low
04-09-2025 00:00,Z5,20.81,87.72,0,82.73,18.98,0,Low
04-09-2025 01:00,Z5,21,89.61,0,82.8,18.91,1260,Low
04-09-2025 02:00,Z5,22,87.96,0,83.14,20.62,0,Low
04-09-2025 03:00,Z5,21.94,86.73,0.2,83.38,20.54,0,Low
04-09-2025 04:00,Z5,23.15,85.5,0,83.47,21.59,598,Low
04-09-2025 05:00,Z5,24.33,81.88,0,83.49,22.65,0,Low
04-09-2025 06:00,Z5,25.17,81.52,0,83.47,23.71,936,Low
04-09-2025 07:00,Z5,26.08,80.65,0,83.27,24.59,22464,Low
04-09-2025 08:00,Z5,27.37,81.09,0,83.46,25.65,45926,Low
04-09-2025 09:00,Z5,26.97,80.65,0,83.13,25.77,61366,Low
04-09-2025 10:00,Z5,30.06,74.14,0,82.94,29.13,79235,Low
04-09-2025 11:00,Z5,29.42,75.56,0,83.08,27.95,84242,Low
04-09-2025 12:00,Z5,29.13,76.65,0,82.88,27.83,92274,Low
04-09-2025 13:00,Z5,30.53,85.1,5,88.85,29.05,40055,Low
04-09-2025 14:00,Z5,29.39,76,0,88.74,27.21,75432,Low
04-09-2025 15:00,Z5,28.71,78.45,0,89.28,27.48,59582,Low
04-09-2025 16:00,Z5,27.34,78.65,0,88.99,25.93,43255,Low
04-09-2025 17:00,Z5,26.29,80.8,0,88.84,24.45,24694,Low
04-09-2025 18:00,Z5,24.88,85.08,0,88.76,22.64,364,Low
04-09-2025 19:00,Z5,24.92,81.05,0,88.92,22.76,0,Low
04-09-2025 20:00,Z5,23.47,84.45,0,89.09,21.76,0,Low
04-09-2025 21:00,Z5,20.98,87.32,0.2,89.27,18.97,1243,Low
04-09-2025 22:00,Z5,22.72,85.11,0,89.07,21.64,1609,Low
04-09-2025 23:00,Z5,22,85.49,0,89.1,20.04,1037,Low
05-09-2025 00:00,Z5,20.32,91.44,0,88.63,18.31,0,Low
05-09-2025 01:00,Z5,20.83,85.99,0,89.24,19.57,1535,Low
05-09-2025 02:00,Z5,21.48,87.98,0,89.23,20.09,0,Low
05-09-2025 03:00,Z5,21.84,85.1,0,89.95,20.32,0,Low
05-09-2025 04:00,Z5,23.7,83.73,0,90,22.74,584,Low
05-09-2025 05:00,Z5,24.48,82.87,0,89.98,22.25,0,Low
05-09-2025 06:00,Z5,24.96,85.67,0,89.87,23.69,1901,Low
05-09-2025 07:00,Z5,26.59,79.07,0,89.96,24.66,25004,Low
05-09-2025 08:00,Z5,26.47,81.91,0.2,90,25.09,22055,Low
05-09-2025 09:00,Z5,28.36,78.53,0,89.95,25.96,59161,Low
05-09-2025 10:00,Z5,29.64,76.28,0,89.99,28.09,77742,Low
05-09-2025 11:00,Z5,29.35,74.49,0,90,27.4,89003,Low
05-09-2025 12:00,Z5,29.44,76.02,0,89.7,28.89,86318,Low
05-09-2025 13:00,Z5,29.24,77.15,0,90,27.91,85259,Low
05-09-2025 14:00,Z5,27.57,78.44,0,89.69,25.77,76104,Low
05-09-2025 15:00,Z5,27.6,79.05,0,89.41,26.08,63604,Low
05-09-2025 16:00,Z5,27.77,79.76,0,89.15,26.14,41443,Low
05-09-2025 17:00,Z5,27,80.25,0,89.47,25.79,20798,Low
05-09-2025 18:00,Z5,25.64,79.26,0,89.42,23.66,398,Low
05-09-2025 19:00,Z5,24.62,82.09,0,89.21,23.07,0,Low
05-09-2025 20:00,Z5,22.48,84.14,0,89.29,21.52,0,Low
05-09-2025 21:00,Z5,22.24,85.1,0,89.15,20.27,0,Low
05-09-2025 22:00,Z5,20.99,86.79,0,89.27,19.41,0,Low
05-09-2025 23:00,Z5,19.74,85.3,0,88.71,17.88,0,Low
06-09-2025 00:00,Z5,20.2,89.47,0.2,89.23,18.72,0,Low
06-09-2025 01:00,Z5,20.5,86.9,0,89.41,19.28,0,Low
06-09-2025 02:00,Z5,20.97,93.57,0.5,89.92,18.78,313,Low
06-09-2025 03:00,Z5,21.39,87.34,0,90,20.38,0,Low
06-09-2025 04:00,Z5,22.46,88.11,0,89.63,21.5,1932,Low
06-09-2025 05:00,Z5,24.21,84.53,0,89.69,21.45,0,Low
06-09-2025 06:00,Z5,24.07,82.34,0,89.65,23.03,0,Low
06-09-2025 07:00,Z5,26.18,79.86,0,89.38,24.78,22493,Low
06-09-2025 08:00,Z5,28.02,75.11,0,89.39,26.43,44048,Low
06-09-2025 09:00,Z5,28.47,77.33,0,89.18,26.57,63321,Low
06-09-2025 10:00,Z5,28.27,75.19,0,89.1,26.21,76902,Low
06-09-2025 11:00,Z5,28.52,78.57,0,89.02,27.1,83332,Low
06-09-2025 12:00,Z5,30.03,73.55,0,88.23,28.44,86350,Low
06-09-2025 13:00,Z5,29.45,79.24,0,88.3,27.09,85932,Low
06-09-2025 14:00,Z5,29.01,79.04,0,88.07,28.01,76826,Low
06-09-2025 15:00,Z5,28.42,78.7,0,88.11,26.79,64002,Low
06-09-2025 16:00,Z5,27.06,81.01,0,88.31,26.44,42857,Low
06-09-2025 17:00,Z5,26.5,82.3,0,88.38,25.51,26241,Low
06-09-2025 18:00,Z5,26.19,80.34,0,88.31,24.46,1854,Low
06-09-2025 19:00,Z5,24.25,79,0,87.93,22.16,0,Low
06-09-2025 20:00,Z5,22.73,89.46,0,87.34,21.27,1987,Low
06-09-2025 21:00,Z5,21.73,87.32,0,87.15,20.64,0,Low
06-09-2025 22:00,Z5,21.28,88.75,0,87.21,20.14,342,Low
06-09-2025 23:00,Z5,20.49,87.95,0,87.01,20.1,86,Low
07-09-2025 00:00,Z5,20.77,90.04,0,87.03,19.19,599,Low
07-09-2025 01:00,Z5,21.48,89.89,0,86.64,19.31,0,Low
07-09-2025 02:00,Z5,21.28,85.15,0,86.29,19.72,0,Low
07-09-2025 03:00,Z5,22.27,84.04,0,86.35,20.71,314,Low
07-09-2025 04:00,Z5,22.5,86.5,0,86.31,21.07,574,Low
07-09-2025 05:00,Z5,23.63,83.06,0,85.88,22.16,1922,Low
07-09-2025 06:00,Z5,24.96,81.26,0,85.57,23.61,0,Low
07-09-2025 07:00,Z5,26.72,78,0,85.85,25.21,23682,Low
07-09-2025 08:00,Z5,28.94,75.73,0,85.92,28.02,42886,Low
07-09-2025 09:00,Z5,27.36,78.56,0,86.14,26.53,64478,Low
07-09-2025 10:00,Z5,28.36,80.73,0,86.02,26.85,75394,Low
07-09-2025 11:00,Z5,28.83,79.07,0,86.05,27.24,87177,Low
07-09-2025 12:00,Z5,29.35,78.77,0,85.87,27.66,89250,Low
07-09-2025 13:00,Z5,29.86,75.52,1,86.68,27.66,43141,Low
07-09-2025 14:00,Z5,29.16,74.47,0,86.2,27.78,74936,Low
07-09-2025 15:00,Z5,28.79,71.22,0,86.15,26.34,61731,Low
07-09-2025 16:00,Z5,27.15,78.66,0,86.33,26.17,42324,Low
07-09-2025 17:00,Z5,26.91,80.9,0,86.6,25.53,23541,Low
07-09-2025 18:00,Z5,25.24,82.57,1,87.8,23.76,0,Low
07-09-2025 19:00,Z5,22.68,87.28,0,87.76,20.92,294,Low
07-09-2025 20:00,Z5,22.8,84.83,0,87.7,21.1,1217,Low
07-09-2025 21:00,Z5,21.53,86.58,0,87.53,19.41,0,Low
07-09-2025 22:00,Z5,21.8,85.43,0,87.96,20.14,651,Low
07-09-2025 23:00,Z5,20.89,91.21,0,87.81,19.55,326,Low
08-09-2025 00:00,Z5,19.96,88.14,0,87.81,18.4,427,Low
08-09-2025 01:00,Z5,20.29,90.03,0,87.42,18.77,0,Low
08-09-2025 02:00,Z5,21.32,85.75,0,87.35,19.88,2255,Low
08-09-2025 03:00,Z5,21.64,89.33,0,86.97,19.99,0,Low
08-09-2025 04:00,Z5,22.97,83.48,0.5,87.24,20.98,0,Low
08-09-2025 05:00,Z5,24.18,83.07,0,87.54,22.62,0,Low
08-09-2025 06:00,Z5,25.9,79.67,0,87.88,25.08,0,Low
08-09-2025 07:00,Z5,26.21,78.53,0,87.75,24.43,22486,Low
08-09-2025 08:00,Z5,26.81,81.98,0,87.76,25.34,42351,Low
08-09-2025 09:00,Z5,28.41,79.52,0,87.58,26.64,60819,Low
08-09-2025 10:00,Z5,29.31,79.84,0,87.27,28.09,77316,Low
08-09-2025 11:00,Z5,28.73,78.16,0,86.74,27.37,87574,Low
08-09-2025 12:00,Z5,30.14,74.79,0,86.5,29.14,86607,Low
08-09-2025 13:00,Z5,30.65,73.59,0,86.96,29.79,81975,Low
08-09-2025 14:00,Z5,29.53,73.6,0,86.54,27.78,76591,Low
08-09-2025 15:00,Z5,28.14,78.64,0,86.29,27.05,63192,Low
08-09-2025 16:00,Z5,27.34,77.97,0,86.06,25.61,41701,Low
08-09-2025 17:00,Z5,26.86,79.8,0,85.98,25.3,21782,Low
08-09-2025 18:00,Z5,24.92,81.68,0,86.12,23.81,228,Low
08-09-2025 19:00,Z5,23.62,85.27,0,86.06,22.14,2049,Low
08-09-2025 20:00,Z5,23.54,95.46,2,88.29,22.35,0,Low
08-09-2025 21:00,Z5,22.82,92.32,2,90,20.84,0,Low
08-09-2025 22:00,Z5,21.35,89.48,0,90,20.03,0,Low
08-09-2025 23:00,Z5,22,89.54,0,89.82,20.76,0,Low
09-09-2025 00:00,Z5,20.32,89.9,0,89.89,19,2642,Low
09-09-2025 01:00,Z5,21.7,87.36,0,89.74,20.35,0,Low
09-09-2025 02:00,Z5,20.36,86.95,0,89.42,19.06,110,Low
09-09-2025 03:00,Z5,23.32,86.99,0,89.13,21.41,0,Low
09-09-2025 04:00,Z5,22.16,84.23,0,88.98,20.13,0,Low
09-09-2025 05:00,Z5,23.53,83.3,0,89.23,21.94,1264,Low
09-09-2025 06:00,Z5,26.55,84.16,0,89.24,25,94,Low
09-09-2025 07:00,Z5,26.43,78.11,0,89.36,24.54,23529,Low
09-09-2025 08:00,Z5,27.92,80.24,0,89.21,26.72,43116,Low
09-09-2025 09:00,Z5,28.88,77.88,0,89.42,27.29,58836,Low
09-09-2025 10:00,Z5,28.38,79.97,0,89.33,26.36,78219,Low
09-09-2025 11:00,Z5,28.8,78.49,0,88.75,28.44,83166,Low
09-09-2025 12:00,Z5,29.47,74.08,0,88.88,28.43,89240,Low
09-09-2025 13:00,Z5,28.8,80.03,0,88.85,27.24,85099,Low
09-09-2025 14:00,Z5,27.96,76.6,0,89.78,25.91,77173,Low
09-09-2025 15:00,Z5,29.44,76.83,0,90,27.51,64958,Low
09-09-2025 16:00,Z5,27.18,78.15,0,90,25.45,42100,Low
09-09-2025 17:00,Z5,26.94,77.17,0,89.61,25.37,23440,Low
09-09-2025 18:00,Z5,26.17,84.41,0,89.99,24.36,1110,Low
09-09-2025 19:00,Z5,23.76,83.52,0.2,89.84,21.93,0,Low
09-09-2025 20:00,Z5,22.81,86.07,0,89.77,21.32,3055,Low
09-09-2025 21:00,Z5,22.39,85.5,0,90,20.97,0,Low
09-09-2025 22:00,Z5,20.95,88.39,0,89.85,19.25,0,Low
09-09-2025 23:00,Z5,20.17,89.96,0,89.69,18.84,915,Low
10-09-2025 00:00,Z5,20.13,87.58,0,89.92,18.69,408,Low
10-09-2025 01:00,Z5,21.05,86.8,0,89.28,20.33,0,Low
10-09-2025 02:00,Z5,20.58,89.36,0,88.68,19.64,2519,Low
10-09-2025 03:00,Z5,21.91,82.98,0,89.09,20.13,0,Low
10-09-2025 04:00,Z5,23.08,84.95,0,89.48,20.97,158,Low
10-09-2025 05:00,Z5,23.83,81.41,0,89.07,22.4,0,Low
10-09-2025 06:00,Z5,25.14,79.9,0,88.79,24.02,1327,Low
10-09-2025 07:00,Z5,26.39,79.06,0,88.1,24.9,22139,Low
10-09-2025 08:00,Z5,26.91,79.9,0,87.83,25.58,43520,Low
10-09-2025 09:00,Z5,28.35,79.19,0,87.29,26.54,63505,Low
10-09-2025 10:00,Z5,29.36,75.46,0,86.74,27.13,74832,Low
10-09-2025 11:00,Z5,29.64,75.23,0,86.27,29.37,84260,Low
10-09-2025 12:00,Z5,29.25,74.41,0,86.77,27.77,84848,Low
10-09-2025 13:00,Z5,29.79,75.94,0,87.05,28,83961,Low
10-09-2025 14:00,Z5,29.56,74.44,0,86.69,28.16,76368,Low
10-09-2025 15:00,Z5,29.58,76.32,0,86.97,27.96,63418,Low
10-09-2025 16:00,Z5,27.72,76.43,0,86.99,26.96,44113,Low
10-09-2025 17:00,Z5,26.87,79.02,0,86.34,24.87,23807,Low
10-09-2025 18:00,Z5,24.76,81.09,0,86.46,23.45,2460,Low
10-09-2025 19:00,Z5,24.02,82.2,0,87.05,22.86,2049,Low
10-09-2025 20:00,Z5,23.86,84.47,0,86.68,22.88,0,Low
10-09-2025 21:00,Z5,22.48,86.46,0,86.75,20.48,0,Low
10-09-2025 22:00,Z5,21.38,98,10,90,20.23,1803,Low
10-09-2025 23:00,Z5,21.28,82.39,0,90,19.54,0,Low
11-09-2025 00:00,Z5,20.7,89.52,0,90,19.1,2047,Low
11-09-2025 01:00,Z5,20.79,89.33,0,89.77,19.2,1566,Low
11-09-2025 02:00,Z5,21.42,86.09,0,89.7,19.75,3174,Low
11-09-2025 03:00,Z5,22.04,85.58,0,90,20.93,1780,Low
11-09-2025 04:00,Z5,22.9,87.23,0,89.97,21.58,3666,Low
11-09-2025 05:00,Z5,23.48,83.33,0,89.34,21.92,0,Low
11-09-2025 06:00,Z5,24.86,79.24,0,89.35,23.65,190,Low
11-09-2025 07:00,Z5,26.78,79.09,0,89.38,25.24,21737,Low
11-09-2025 08:00,Z5,26.86,77.54,0,89.51,24.78,42698,Low
11-09-2025 09:00,Z5,28.81,73.57,0,89.09,27.01,62925,Low
11-09-2025 10:00,Z5,28.9,74.03,0,89.26,28.1,76948,Low
11-09-2025 11:00,Z5,29.22,76.62,0,89.09,28.07,84876,Low
11-09-2025 12:00,Z5,29.15,76.91,0,90,27.75,86280,Low
11-09-2025 13:00,Z5,30.8,74.5,0,89.63,29.44,84741,Low
11-09-2025 14:00,Z5,28.63,77.97,0,89.73,26.29,78152,Low
11-09-2025 15:00,Z5,27.4,80.14,0,89.73,25.4,60757,Low
11-09-2025 16:00,Z5,26.17,81,0,89.18,24.82,44463,Low
11-09-2025 17:00,Z5,25.29,79.17,0,89.1,23.65,20270,Low
11-09-2025 18:00,Z5,24.27,82.01,0,89.21,22.4,0,Low
11-09-2025 19:00,Z5,25.09,82.67,0,88.82,23.37,0,Low
11-09-2025 20:00,Z5,22.43,85.98,0,88.84,21.34,0,Low
11-09-2025 21:00,Z5,21.94,87.06,0,88.84,19.28,0,Low
11-09-2025 22:00,Z5,21.03,89.12,0,88.83,19.1,0,Low
11-09-2025 23:00,Z5,20.56,85.51,0,88.78,19.05,0,Low
12-09-2025 00:00,Z5,20.2,88.53,0,88.57,18.55,0,Low
12-09-2025 01:00,Z5,20.36,89.39,0,89.11,19.03,0,Low
12-09-2025 02:00,Z5,21.03,87.07,0,89.2,19.11,1825,Low
12-09-2025 03:00,Z5,22.19,85.82,0,89.21,20.8,450,Low
12-09-2025 04:00,Z5,22.78,89.3,0,89.08,20.89,1210,Low
12-09-2025 05:00,Z5,23.26,81.99,0,89.1,21.98,2594,Low
12-09-2025 06:00,Z5,26.42,79.85,0,89.09,24.77,686,Low
12-09-2025 07:00,Z5,26.31,81.1,0,89.16,24.89,22061,Low
12-09-2025 08:00,Z5,27.02,80.08,0,89.08,25,44111,Low
12-09-2025 09:00,Z5,28.63,77.68,0,88.72,27.43,63384,Low
12-09-2025 10:00,Z5,29.25,76.43,0,88.49,27.66,75968,Low
12-09-2025 11:00,Z5,29.65,72.69,0,88.05,28.54,84975,Low
12-09-2025 12:00,Z5,29.21,76.6,0,87.8,27.76,90332,Low
12-09-2025 13:00,Z5,28.93,77.47,0,87.58,26.49,84412,Low
12-09-2025 14:00,Z5,28.89,72.17,0,87.45,27.85,72802,Low
12-09-2025 15:00,Z5,27.93,76.74,0,86.99,26.97,61878,Low
12-09-2025 16:00,Z5,26.49,83.85,0,86.68,25.33,45866,Low
12-09-2025 17:00,Z5,27.46,80.97,0,86.53,25.76,24120,Low
12-09-2025 18:00,Z5,25.58,79.18,0,86.24,24.27,0,Low
12-09-2025 19:00,Z5,23.84,80.79,0,86.19,22.34,5771,Low
12-09-2025 20:00,Z5,22.71,83.87,0,86.29,20.4,195,Low
12-09-2025 21:00,Z5,21.09,89.71,0,86.25,19.51,208,Low
12-09-2025 22:00,Z5,21.45,85.94,0,86.16,20.09,4660,Low
12-09-2025 23:00,Z5,20.7,84.36,0,86.21,19.21,0,Low
13-09-2025 00:00,Z5,21.26,87.11,0,86.06,19.56,0,Low
13-09-2025 01:00,Z5,20.89,86.85,0,85.75,19.18,0,Low
13-09-2025 02:00,Z5,22.09,82.9,0,85.19,20.86,2038,Low
13-09-2025 03:00,Z5,21.96,88.68,0,85.1,20.87,0,Low
13-09-2025 04:00,Z5,22.81,85.22,0,85.1,20.87,118,Low
13-09-2025 05:00,Z5,23.59,86.52,0,85.68,21.9,2541,Low
13-09-2025 06:00,Z5,26.07,83.43,0,85.62,25.1,0,Low
13-09-2025 07:00,Z5,27.07,78.83,0,85.04,26.11,21540,Low
13-09-2025 08:00,Z5,27.81,83.73,2,87.96,26.74,20888,Low
13-09-2025 09:00,Z5,28.03,78.69,0,87.98,26.09,62441,Low
13-09-2025 10:00,Z5,29.18,76.43,0,88.24,27.14,74718,Low
13-09-2025 11:00,Z5,29.55,79.01,0,87.98,28.37,85242,Low
13-09-2025 12:00,Z5,30.85,72.45,0,88.24,29.78,91053,Low
13-09-2025 13:00,Z5,28.57,77.04,0,88.19,27.21,86575,Low
13-09-2025 14:00,Z5,28.75,75.72,0,88.57,26.73,75393,Low
13-09-2025 15:00,Z5,27.89,76.64,0,88.11,27.29,59267,Low
13-09-2025 16:00,Z5,27.85,76.66,0.2,88.25,26.21,22605,Low
13-09-2025 17:00,Z5,26.6,76.35,0,88.33,25.65,23380,Low
13-09-2025 18:00,Z5,24.89,77.96,0,88.21,23.44,201,Low
13-09-2025 19:00,Z5,24.54,82.97,0,88.29,23.42,0,Low
13-09-2025 20:00,Z5,22.84,83.97,0,88.64,21.6,0,Low
13-09-2025 21:00,Z5,21.99,86.51,0,89.22,20.77,0,Low
13-09-2025 22:00,Z5,20.54,88.15,0,89.13,19.06,0,Low
13-09-2025 23:00,Z5,21.59,86.46,0,89.44,20.03,2214,Low
14-09-2025 00:00,Z5,20.52,92.47,0,89.56,18.91,798,Low
14-09-2025 01:00,Z5,20.83,89.21,0,89.53,18.99,0,Low
14-09-2025 02:00,Z5,20.6,91.01,0,89.16,19.52,0,Low
14-09-2025 03:00,Z5,22.38,84.61,0,89.03,21.48,1128,Low
14-09-2025 04:00,Z5,22.54,81.46,0,89.22,21.5,0,Low
14-09-2025 05:00,Z5,24.21,84.03,0,89.23,23.08,2235,Low
14-09-2025 06:00,Z5,25.05,80.28,0,88.79,23.68,2161,Low
14-09-2025 07:00,Z5,27.06,79.46,0,88.78,26.1,24967,Low
14-09-2025 08:00,Z5,27.99,76,0,88.24,26.4,44521,Low
14-09-2025 09:00,Z5,28.57,77.32,0,88.03,27.38,59560,Low
14-09-2025 10:00,Z5,28.36,76.91,0,87.32,26.64,73914,Low
14-09-2025 11:00,Z5,30.85,74.25,0,87.56,28.82,83197,Low
14-09-2025 12:00,Z5,29.27,74.38,0,87.84,28.21,91057,Low
14-09-2025 13:00,Z5,28.56,75.02,0,87.91,27.32,85248,Low
14-09-2025 14:00,Z5,29.09,79.09,0,88.05,27.46,75356,Low
14-09-2025 15:00,Z5,28.18,77.9,0,87.94,26.33,61466,Low
14-09-2025 16:00,Z5,27.57,78.07,0,87.77,25.77,41529,Low
14-09-2025 17:00,Z5,26.89,84.03,2,89.88,25.67,9062,Low
14-09-2025 18:00,Z5,26.37,80.95,0,90,24.94,672,Low
14-09-2025 19:00,Z5,24.57,85.94,0,89.42,22.22,0,Low
14-09-2025 20:00,Z5,23.4,81.93,0,89.4,22,0,Low
14-09-2025 21:00,Z5,21.89,82.15,0,89.65,20.58,853,Low
14-09-2025 22:00,Z5,21.39,88.28,0,89.75,19.88,2301,Low
14-09-2025 23:00,Z5,19.69,90.4,0.2,89.72,18.42,0,Low
15-09-2025 00:00,Z5,21.01,87.03,0,90,19.92,1136,Low
15-09-2025 01:00,Z5,21.15,88.67,0,90,19.65,0,Low
15-09-2025 02:00,Z5,21.64,90.81,0,90,20.29,0,Low
15-09-2025 03:00,Z5,22.49,84.53,0,90,20.85,2865,Low
15-09-2025 04:00,Z5,22.94,86.1,0,90,21.23,0,Low
15-09-2025 05:00,Z5,23.2,84.56,0,89.83,21.48,0,Low
15-09-2025 06:00,Z5,25.21,79.89,0,89.87,23.16,791,Low
15-09-2025 07:00,Z5,26.96,78.17,0,90,25.57,25537,Low
15-09-2025 08:00,Z5,27.99,78.74,0,89.97,26.61,44906,Low
15-09-2025 09:00,Z5,28.31,76.45,0,90,27.11,62208,Low
15-09-2025 10:00,Z5,28.83,74.11,0,90,26.65,82033,Low
15-09-2025 11:00,Z5,30.07,72.14,0,89.87,27.98,83396,Low
15-09-2025 12:00,Z5,30.01,73.75,0,89.53,28.78,85922,Low
15-09-2025 13:00,Z5,29.78,73,0,90,28.28,84177,Low
15-09-2025 14:00,Z5,28.5,78.4,0,90,26.77,78971,Low
15-09-2025 15:00,Z5,29.15,74.75,0,89.84,28.81,60481,Low
15-09-2025 16:00,Z5,26.17,79.79,0,89.84,24.73,45426,Low
15-09-2025 17:00,Z5,28.05,77.09,0,89.23,26.45,22749,Low
15-09-2025 18:00,Z5,26.59,79.44,0,89.71,25.58,0,Low
15-09-2025 19:00,Z5,25.13,81.37,0,89.27,23.15,0,Low
15-09-2025 20:00,Z5,22.64,88.28,0,89.05,20.89,1262,Low
15-09-2025 21:00,Z5,21.54,86.21,0,88.66,20.55,1152,Low
15-09-2025 22:00,Z5,21.47,86.03,0,88.78,20.12,2555,Low
15-09-2025 23:00,Z5,21.26,82.5,0,88.69,20.33,0,Low
16-09-2025 00:00,Z5,20,88.04,0,88.4,18.34,2299,Low
16-09-2025 01:00,Z5,21.08,88.4,0,88.25,19.79,758,Low
16-09-2025 02:00,Z5,19.6,89.95,0,87.95,17.56,0,Low
16-09-2025 03:00,Z5,22.51,84.57,0,87.26,21.1,933,Low
16-09-2025 04:00,Z5,22.89,84.44,0,87.77,20.35,0,Low
16-09-2025 05:00,Z5,22.66,87.17,0,88.01,21.01,2076,Low
16-09-2025 06:00,Z5,25.35,83.52,1,89.27,24.26,0,Low
16-09-2025 07:00,Z5,25.43,80.54,0,88.81,23.34,25807,Low
16-09-2025 08:00,Z5,27.24,79.74,0,88.6,26.23,44023,Low
16-09-2025 09:00,Z5,28.93,78.12,0,88.25,27.28,61873,Low
16-09-2025 10:00,Z5,29.59,76.33,0,88.09,28.01,75679,Low
16-09-2025 11:00,Z5,30.24,75.54,0,88.02,28.53,87098,Low
16-09-2025 12:00,Z5,29.48,73.2,0,88.14,28,86955,Low
16-09-2025 13:00,Z5,29.44,75.2,0,88.03,28.26,83163,Low
16-09-2025 14:00,Z5,29.14,77.13,0,87.65,27.74,74906,Low
16-09-2025 15:00,Z5,28.24,76.31,0,87.46,27.08,64909,Low
16-09-2025 16:00,Z5,27.7,79.6,0,87.59,26.77,44000,Low
16-09-2025 17:00,Z5,26.37,80.83,0,88.11,25.3,23733,Low
16-09-2025 18:00,Z5,25.71,79.86,0,87.96,24.73,222,Low
16-09-2025 19:00,Z5,24.5,98,5,90,22.88,0,Low
16-09-2025 20:00,Z5,22.43,83.97,0,89.5,20.41,2641,Low
16-09-2025 21:00,Z5,22.12,88.77,0,88.8,20.91,0,Low
16-09-2025 22:00,Z5,22.3,83.58,0,88.49,20.91,0,Low
16-09-2025 23:00,Z5,20.23,88.25,0,88.2,18.8,545,Low
17-09-2025 00:00,Z5,20.88,85.66,0,88.49,19.6,2542,Low
17-09-2025 01:00,Z5,20.27,89.88,0,88.52,18.9,0,Low
17-09-2025 02:00,Z5,20.27,85.9,0,88.32,18.44,0,Low
17-09-2025 03:00,Z5,21.47,85.99,0,88.59,20.08,0,Low
17-09-2025 04:00,Z5,21.55,86.97,0,88.6,19.94,2951,Low
17-09-2025 05:00,Z5,24.84,80.38,0,88.06,23.33,2405,Low
17-09-2025 06:00,Z5,23.51,82.86,0,88.34,22.04,0,Low
17-09-2025 07:00,Z5,26.41,84.46,0,88.23,25.19,24768,Low
17-09-2025 08:00,Z5,26.73,81.35,0,88.04,25.53,42209,Low
17-09-2025 09:00,Z5,29.45,81.24,0,88.27,27.89,61492,Low
17-09-2025 10:00,Z5,29.39,77.24,0,88.74,28.21,75730,Low
17-09-2025 11:00,Z5,29.26,79.69,0.2,88.94,27.04,38547,Low
17-09-2025 12:00,Z5,28.4,80.14,0,88.77,26.89,87527,Low
17-09-2025 13:00,Z5,28.62,77.46,0,89.13,27.25,82513,Low
17-09-2025 14:00,Z5,28.55,77.72,0,89.32,26.92,77054,Low
17-09-2025 15:00,Z5,28.09,75.66,0,89.19,26.86,64941,Low
17-09-2025 16:00,Z5,26.9,79.75,0,88.93,26.27,42659,Low
17-09-2025 17:00,Z5,26.75,78.35,0,88.94,25.1,27988,Low
17-09-2025 18:00,Z5,24.61,81.18,0,88.8,22.86,0,Low
17-09-2025 19:00,Z5,23.64,84.12,0.5,89.03,21.96,0,Low
17-09-2025 20:00,Z5,22.1,85.61,0,88.8,20.82,0,Low
17-09-2025 21:00,Z5,22.18,86.04,0,88.73,21.1,786,Low
17-09-2025 22:00,Z5,20.84,88.23,0,88.38,19.38,0,Low
17-09-2025 23:00,Z5,20.74,86,0,88.44,19.01,0,Low
18-09-2025 00:00,Z5,20.37,87.06,0,87.53,18.5,83,Low
18-09-2025 01:00,Z5,20.75,89.2,0,87.01,19.36,0,Low
18-09-2025 02:00,Z5,21.06,86.92,0,87.43,19.39,328,Low
18-09-2025 03:00,Z5,21.95,82,0,87.38,20.58,0,Low
18-09-2025 04:00,Z5,22.54,86.43,0.2,87.16,20.68,739,Low
18-09-2025 05:00,Z5,23.91,80.26,0,86.96,22.45,604,Low
18-09-2025 06:00,Z5,25.28,81.4,0,86.93,23.54,0,Low
18-09-2025 07:00,Z5,25.87,79.98,0,86.89,24.77,22601,Low
18-09-2025 08:00,Z5,27.85,80.89,0.2,87.04,25.86,23968,Low
18-09-2025 09:00,Z5,28.9,76.49,0,87.28,27.53,57427,Low
18-09-2025 10:00,Z5,30,74.73,0,88.05,28.31,75522,Low
18-09-2025 11:00,Z5,29.58,78.56,0,88.09,27.87,86056,Low
18-09-2025 12:00,Z5,29.8,74.05,0,87.83,28.24,86983,Low
18-09-2025 13:00,Z5,28.87,77,0,87.96,27.81,86552,Low
18-09-2025 14:00,Z5,29.43,73.43,0,87.62,27.64,77916,Low
18-09-2025 15:00,Z5,28.66,76.2,0,87.52,27,62564,Low
18-09-2025 16:00,Z5,27.71,75.66,0,87.23,26.61,41452,Low
18-09-2025 17:00,Z5,26,81.01,0,86.68,24.58,23125,Low
18-09-2025 18:00,Z5,25.15,81.16,0,86.13,23.77,3460,Low
18-09-2025 19:00,Z5,23.39,98,5,90,21.3,42,Low
18-09-2025 20:00,Z5,22.43,88.68,0.5,90,21.52,0,Low
18-09-2025 21:00,Z5,22.7,87.08,0,90,21.45,0,Low
18-09-2025 22:00,Z5,19.97,87.77,0,89.94,18.42,0,Low
18-09-2025 23:00,Z5,21.04,90.57,0,89.68,19.68,878,Low
19-09-2025 00:00,Z5,19.83,89.12,0,90,18.55,1108,Low
19-09-2025 01:00,Z5,21.41,86.46,0,89.77,20.17,1255,Low
19-09-2025 02:00,Z5,22.09,87.2,0,89.65,21.1,0,Low
19-09-2025 03:00,Z5,21.88,88.33,0,89.48,20.43,0,Low
19-09-2025 04:00,Z5,23.29,80.35,0,89.19,22.1,0,Low
19-09-2025 05:00,Z5,24.44,82.47,0,88.83,23.37,803,Low
19-09-2025 06:00,Z5,24.78,81.24,0,88.03,23.24,0,Low
19-09-2025 07:00,Z5,26.49,78.75,0,88.32,25.16,21505,Low
19-09-2025 08:00,Z5,28.03,77.15,0,88.23,26.75,42977,Low
19-09-2025 09:00,Z5,27.99,79.37,0,87.65,26.7,60360,Low
19-09-2025 10:00,Z5,28.58,78.76,0,87.77,26.54,74747,Low
19-09-2025 11:00,Z5,29.14,76.51,0,87.66,27.66,83394,Low
19-09-2025 12:00,Z5,30.7,74.1,0,87.46,29.14,89919,Low
19-09-2025 13:00,Z5,29.61,75.04,0,86.78,27.57,89688,Low
19-09-2025 14:00,Z5,29.81,76.62,0,86.9,28.25,79312,Low
19-09-2025 15:00,Z5,27.55,79.82,0,86.6,26.5,63735,Low
19-09-2025 16:00,Z5,27.86,82.02,0,86.89,26.39,43950,Low
19-09-2025 17:00,Z5,26.85,81.39,0,86.92,26.03,22884,Low
19-09-2025 18:00,Z5,25.71,84.06,0,87.3,23.63,1849,Low
19-09-2025 19:00,Z5,23.79,86.28,0,87.05,21.23,111,Low
19-09-2025 20:00,Z5,22.78,87.68,0,87.19,21.41,0,Low
19-09-2025 21:00,Z5,22.33,87.17,0,87.28,21.6,3256,Low
19-09-2025 22:00,Z5,21.14,84.36,0,87.01,20.11,1381,Low
19-09-2025 23:00,Z5,21.15,85.96,0,87.15,19.53,1325,Low
20-09-2025 00:00,Z5,20.76,87.64,0,87.05,19.4,0,Low
20-09-2025 01:00,Z5,20.76,88.09,0,86.72,18.37,654,Low
20-09-2025 02:00,Z5,21.17,89.9,0,86.57,19.53,3774,Low
20-09-2025 03:00,Z5,23.35,85.06,0,86.17,21.31,929,Low
20-09-2025 04:00,Z5,23.21,86.43,0,86.33,21.66,1704,Low
20-09-2025 05:00,Z5,24.58,80.9,0,86.34,22.79,0,Low
20-09-2025 06:00,Z5,24.73,83.46,0,85.88,23.12,2693,Low
20-09-2025 07:00,Z5,26.33,76.51,0,85.75,24.37,21915,Low
20-09-2025 08:00,Z5,26.77,81.74,0.2,86.2,25.08,23378,Low
20-09-2025 09:00,Z5,28.86,76.33,0,86.51,27.25,63837,Low
20-09-2025 10:00,Z5,28.84,72.44,0,86.56,27.55,76303,Low
20-09-2025 11:00,Z5,30.29,74.88,0,86.71,28.49,82829,Low
20-09-2025 12:00,Z5,29.68,77.08,0,86.6,28.32,91441,Low
20-09-2025 13:00,Z5,30.37,74.74,0,87.02,28.34,86001,Low
20-09-2025 14:00,Z5,29.03,78.48,0,86.82,27.69,82100,Low
20-09-2025 15:00,Z5,28.59,76.05,0,86.71,27.55,59392,Low
20-09-2025 16:00,Z5,27.19,78.39,0,87.38,25.56,41910,Low
20-09-2025 17:00,Z5,26.59,86.07,2,89.21,25.16,9574,Low
20-09-2025 18:00,Z5,24.09,87.73,0,89.18,22.82,4805,Low
20-09-2025 19:00,Z5,23.96,85.71,0,88.95,22.07,1828,Low
20-09-2025 20:00,Z5,22.28,84.99,0,88.89,20.42,0,Low
20-09-2025 21:00,Z5,22.06,84.75,0,88.72,21.02,335,Low
20-09-2025 22:00,Z5,22.36,86.13,0,88.27,20.74,2869,Low
20-09-2025 23:00,Z5,21.13,90.24,0,88.5,19.09,0,Low
21-09-2025 00:00,Z5,20.02,86.96,0,88.18,18.05,1529,Low
21-09-2025 01:00,Z5,21.83,85.65,0,88.38,20.21,0,Low
21-09-2025 02:00,Z5,21.4,86.72,0,88.22,19.8,3018,Low
21-09-2025 03:00,Z5,21.89,86.68,0,88.32,20.6,0,Low
21-09-2025 04:00,Z5,22.92,84.06,0,88.41,21.38,0,Low
21-09-2025 05:00,Z5,23.85,80.88,0,88.51,23.05,0,Low
21-09-2025 06:00,Z5,26.06,81.59,0,88.35,24.45,0,Low
21-09-2025 07:00,Z5,25.67,81.94,0,88.34,24.25,26404,Low
21-09-2025 08:00,Z5,27.2,79.63,0,88.35,25.62,46374,Low
21-09-2025 09:00,Z5,28.72,76.88,0,88.04,27.49,62354,Low
21-09-2025 10:00,Z5,28.91,81.18,0,88.44,27.24,76986,Low
21-09-2025 11:00,Z5,29,75.31,0,88.19,27.58,86682,Low
21-09-2025 12:00,Z5,29.71,74.98,0,88.15,28.63,87890,Low
21-09-2025 13:00,Z5,29.62,76.88,0,87.5,28.17,86517,Low
21-09-2025 14:00,Z5,29.39,75.56,0,87.13,27.15,75268,Low
21-09-2025 15:00,Z5,28.42,76.98,0,87.34,27.13,64070,Low
21-09-2025 16:00,Z5,27.97,77.36,0,87.19,26.38,45227,Low
21-09-2025 17:00,Z5,26.35,80.97,0,87.25,25.44,20862,Low
21-09-2025 18:00,Z5,24.78,81.51,0,87.54,23.59,0,Low
21-09-2025 19:00,Z5,24.02,85.76,0,86.82,23.12,4308,Low
21-09-2025 20:00,Z5,23.19,84.7,0,87.28,21.36,434,Low
21-09-2025 21:00,Z5,21.13,86.51,0,87.58,19.58,2769,Low
21-09-2025 22:00,Z5,20.77,89.29,0,87.54,18.8,0,Low
21-09-2025 23:00,Z5,19.79,87.84,0,87.37,18.72,0,Low
22-09-2025 00:00,Z5,21.13,83.68,0,87.2,20.1,2110,Low
22-09-2025 01:00,Z5,20.71,87.75,0,87.2,19.03,0,Low
22-09-2025 02:00,Z5,21.01,83.89,0,87.36,19.12,0,Low
22-09-2025 03:00,Z5,22.19,87.11,0,87.37,20.8,0,Low
22-09-2025 04:00,Z5,22,86.46,0,87.22,20.38,0,Low
22-09-2025 05:00,Z5,24.11,85.05,0,86.89,23.11,0,Low
22-09-2025 06:00,Z5,24.93,79.25,0,86.45,23.69,0,Low
22-09-2025 07:00,Z5,26.79,80.08,0,86.39,24.47,27106,Low
22-09-2025 08:00,Z5,26.95,80.74,0,86.6,25.52,42886,Low
22-09-2025 09:00,Z5,28.23,77.71,0,87.01,26.71,63395,Low
22-09-2025 10:00,Z5,28.3,76.22,0,87.39,27.23,76536,Low
22-09-2025 11:00,Z5,28.8,77.56,0,87.35,27.25,87828,Low
22-09-2025 12:00,Z5,28.96,78.36,0,88.2,27.46,88308,Low
22-09-2025 13:00,Z5,29.93,71.78,0,88.57,28.83,85933,Low
22-09-2025 14:00,Z5,29.05,77.89,0,88.88,27.64,77078,Low
22-09-2025 15:00,Z5,28.32,78.96,0,89.18,27.26,61234,Low
22-09-2025 16:00,Z5,27.55,82.1,0,89.1,25.79,43472,Low
22-09-2025 17:00,Z5,25.51,82.49,0,88.87,24.17,22829,Low
22-09-2025 18:00,Z5,25.75,83.21,0,88.87,24.85,0,Low
22-09-2025 19:00,Z5,24.25,84.58,0,88.67,22.8,0,Low
22-09-2025 20:00,Z5,23.49,88.92,0,88.69,22.46,1165,Low
22-09-2025 21:00,Z5,21.99,88.75,1,89.31,20.34,0,Low
22-09-2025 22:00,Z5,21.46,84.53,0,89.1,20.21,462,Low
22-09-2025 23:00,Z5,20.97,85.15,0,89.46,19.26,2215,Low
23-09-2025 00:00,Z5,19.57,92.34,0,89.21,17.87,0,Low
23-09-2025 01:00,Z5,20.57,88.7,0,89.07,18.5,5527,Low
23-09-2025 02:00,Z5,21.44,82.63,0,88.77,20.44,0,Low
23-09-2025 03:00,Z5,22.85,88.68,0,89.11,21.3,0,Low
23-09-2025 04:00,Z5,23.22,85.32,0,88.97,22.03,0,Low
23-09-2025 05:00,Z5,24.61,85.13,0,88.82,23.41,301,Low
23-09-2025 06:00,Z5,24.91,83.74,0,88.35,23.29,0,Low
23-09-2025 07:00,Z5,26.99,80.8,0.5,89.2,25.23,11799,Low
23-09-2025 08:00,Z5,27.43,76.99,0,89.07,25.93,42061,Low
23-09-2025 09:00,Z5,27.86,79.97,0.2,89.5,27.36,33291,Low
23-09-2025 10:00,Z5,28.2,74.33,0,89.46,26.51,78498,Low
23-09-2025 11:00,Z5,30.24,75.16,0,89.35,28.66,83958,Low
23-09-2025 12:00,Z5,31.95,75.48,0,88.61,29.94,88300,Low
23-09-2025 13:00,Z5,29.16,76.01,0,89.06,28.18,85417,Low
23-09-2025 14:00,Z5,29.22,75.77,0.2,89.23,27.6,39718,Low
23-09-2025 15:00,Z5,28.77,76.01,0,88.98,27.14,65605,Low
23-09-2025 16:00,Z5,26.5,82.18,0,88.73,24.86,44680,Low
23-09-2025 17:00,Z5,25.16,95.48,5,90,24.12,10842,Low
23-09-2025 18:00,Z5,25.21,82.87,0,89.98,23.4,1626,Low
23-09-2025 19:00,Z5,25.11,80.96,0,89.75,23.6,2039,Low
23-09-2025 20:00,Z5,22.62,85.65,0,89.6,20.91,0,Low
23-09-2025 21:00,Z5,22.2,85.28,0,89.94,21.14,0,Low
23-09-2025 22:00,Z5,22.09,87.07,0,89.73,19.6,0,Low
23-09-2025 23:00,Z5,21.87,86.54,0,90,19.85,0,Low
24-09-2025 00:00,Z5,20.82,84.97,0,90,19.23,0,Low
24-09-2025 01:00,Z5,21.21,86.38,0.2,90,19.45,0,Low
24-09-2025 02:00,Z5,21.91,88.89,0,89.63,19.72,0,Low
24-09-2025 03:00,Z5,22.81,84,0,89.7,20.98,3376,Low
24-09-2025 04:00,Z5,23.27,86.9,0,89.58,22.23,26,Low
24-09-2025 05:00,Z5,24.65,82.06,0,89.59,22.78,1486,Low
24-09-2025 06:00,Z5,24.62,85.29,0,89.37,23.62,1728,Low
24-09-2025 07:00,Z5,26.25,75.76,0,89.37,25.37,21667,Low
24-09-2025 08:00,Z5,28.34,77.65,0,89.29,26.89,45178,Low
24-09-2025 09:00,Z5,27.84,76.77,0,89.5,26.72,58146,Low
24-09-2025 10:00,Z5,28.61,77.07,0,89.21,26.62,76336,Low
24-09-2025 11:00,Z5,30.55,72.36,0,89.48,29.37,84055,Low
24-09-2025 12:00,Z5,29.9,77.71,0,89.13,28.78,88995,Low
24-09-2025 13:00,Z5,30.34,74.05,0,89.23,29.12,85070,Low
24-09-2025 14:00,Z5,28.98,76.3,0,89.46,27.53,75078,Low
24-09-2025 15:00,Z5,28.66,77.8,0,89.81,26.81,64486,Low
24-09-2025 16:00,Z5,28.2,76.18,0,90,26.73,45169,Low
24-09-2025 17:00,Z5,26.16,78.99,0,89.83,24.83,25677,Low
24-09-2025 18:00,Z5,24.76,79.23,0,89.94,23.93,0,Low
24-09-2025 19:00,Z5,24.8,96.43,5,90,23.52,0,Low
24-09-2025 20:00,Z5,23.23,87.6,0,89.84,22.26,0,Low
24-09-2025 21:00,Z5,22.15,85.39,0,89.75,20.96,3107,Low
24-09-2025 22:00,Z5,21.61,87.97,0,89.47,19.22,1612,Low
24-09-2025 23:00,Z5,21.88,86,0,89.53,20.03,0,Low
25-09-2025 00:00,Z5,21.25,86.63,0,89.53,20.02,95,Low
25-09-2025 01:00,Z5,21.49,87.81,0,89.42,19.58,2774,Low
25-09-2025 02:00,Z5,21.23,92.05,0,89.13,19.92,4691,Low
25-09-2025 03:00,Z5,22.5,86.19,0,88.98,20.25,0,Low
25-09-2025 04:00,Z5,23.33,82.93,0,89.02,21.33,3208,Low
25-09-2025 05:00,Z5,24.93,95.39,10,90,23.86,1978,Low
25-09-2025 06:00,Z5,24.66,80.89,0,89.62,23.7,0,Low
25-09-2025 07:00,Z5,26.96,84,0,89.71,25.46,25695,Low
25-09-2025 08:00,Z5,27.51,78.98,0,89.66,25.06,40507,Low
25-09-2025 09:00,Z5,29.04,76.15,0,89.86,27.47,65103,Low
25-09-2025 10:00,Z5,28.81,79.96,0,89.86,26.56,75246,Low
25-09-2025 11:00,Z5,29.43,76.26,0,90,27.9,82353,Low
25-09-2025 12:00,Z5,29.51,74.68,0,89.3,27.47,88015,Low
25-09-2025 13:00,Z5,29.16,77.77,0,88.89,27.36,82932,Low
25-09-2025 14:00,Z5,29.32,75.61,0,88.91,28.05,73658,Low
25-09-2025 15:00,Z5,27.7,76.88,0,88.88,26.16,59292,Low
25-09-2025 16:00,Z5,27.09,78.54,0,89.39,25.66,43147,Low
25-09-2025 17:00,Z5,26.21,79.42,0,89.56,24.44,21783,Low
25-09-2025 18:00,Z5,25.86,80.14,0,88.85,24.5,0,Low
25-09-2025 19:00,Z5,24.27,81.3,0,89.27,22.73,2263,Low
25-09-2025 20:00,Z5,22.29,87.56,0,89.52,20.64,0,Low
25-09-2025 21:00,Z5,21.72,84.69,0,89.36,20.14,1430,Low
25-09-2025 22:00,Z5,22,88.21,0.2,89.77,20.3,1445,Low
25-09-2025 23:00,Z5,20.7,87.71,0,89.88,18.68,2990,Low
26-09-2025 00:00,Z5,20.86,91.45,0,89.94,19.22,0,Low
26-09-2025 01:00,Z5,21.17,89.62,0,90,18.88,108,Low
26-09-2025 02:00,Z5,21.92,83.48,0,89.97,19.85,0,Low
26-09-2025 03:00,Z5,23.05,84.71,0,90,21.32,1785,Low
26-09-2025 04:00,Z5,23.55,79.22,0,89.34,21.38,0,Low
26-09-2025 05:00,Z5,24.3,84.74,0,89.69,23.38,732,Low
26-09-2025 06:00,Z5,25.87,79.72,0,89.75,24.21,0,Low
26-09-2025 07:00,Z5,25.9,83.21,0,89.95,25.08,21612,Low
26-09-2025 08:00,Z5,28.2,77.5,0,90,27.15,45797,Low
26-09-2025 09:00,Z5,29.12,78.36,0,89.77,27.14,59625,Low
26-09-2025 10:00,Z5,29.18,77.01,0,89.42,27.88,73782,Low
26-09-2025 11:00,Z5,29.83,73.81,0,89.78,28.16,84052,Low
26-09-2025 12:00,Z5,28.42,79.79,0,90,26.85,86285,Low
26-09-2025 13:00,Z5,29.17,73.67,0,90,26.99,85030,Low
26-09-2025 14:00,Z5,29.45,73.01,0,89.55,26.93,77079,Low
26-09-2025 15:00,Z5,27.95,81.29,0,89.7,26.07,62146,Low
26-09-2025 16:00,Z5,26.43,78.54,0.2,90,25.07,23874,Low
26-09-2025 17:00,Z5,25.57,82.02,0,89.97,24.15,23779,Low
26-09-2025 18:00,Z5,24.69,81.92,0,90,23.19,949,Low
26-09-2025 19:00,Z5,23.78,82.56,0,90,21.94,3837,Low
26-09-2025 20:00,Z5,22.37,83.98,0,89.96,20.49,0,Low
26-09-2025 21:00,Z5,22.97,86.28,0,90,21.05,425,Low
26-09-2025 22:00,Z5,21.42,83.8,0,89.48,20.12,843,Low
26-09-2025 23:00,Z5,21.07,85.38,0,89.62,19.89,0,Low
27-09-2025 00:00,Z5,20.81,86.39,0,89.07,19.17,0,Low
27-09-2025 01:00,Z5,20.71,86.02,0,89.89,19.53,0,Low
27-09-2025 02:00,Z5,20.96,88.7,0.2,90,19.36,15,Low
27-09-2025 03:00,Z5,21.33,86.95,1,90,19.22,0,Low
27-09-2025 04:00,Z5,22.67,88.04,0,89.93,21.25,841,Low
27-09-2025 05:00,Z5,23.65,84.7,0,89.84,22.22,0,Low
27-09-2025 06:00,Z5,24.7,82.84,0,89.42,22.55,0,Low
27-09-2025 07:00,Z5,26.1,77.33,0,89.49,25.18,20097,Low
27-09-2025 08:00,Z5,28.55,79.46,0,89.4,27.56,44590,Low
27-09-2025 09:00,Z5,28.26,78.75,0,89.21,26.73,61416,Low
27-09-2025 10:00,Z5,28.77,80.36,0,89.57,26.69,75054,Low
27-09-2025 11:00,Z5,29.7,75.54,0,89.85,27.55,87714,Low
27-09-2025 12:00,Z5,29.45,76.4,0,89.67,27.73,88112,Low
27-09-2025 13:00,Z5,29.12,76.8,0,90,27.97,88248,Low
27-09-2025 14:00,Z5,28.02,78.92,0,89.81,25.82,75768,Low
27-09-2025 15:00,Z5,28.44,78.13,0,89.68,26.71,64245,Low
27-09-2025 16:00,Z5,27.51,78.15,0,89.27,27.17,47208,Low
27-09-2025 17:00,Z5,26.1,80.18,0,89.64,24.69,23591,Low
27-09-2025 18:00,Z5,24.83,83.63,0,89.68,23.75,0,Low
27-09-2025 19:00,Z5,22.72,84.5,0,90,21.38,2231,Low
27-09-2025 20:00,Z5,22.9,84.56,0,90,21.35,1948,Low
27-09-2025 21:00,Z5,21.95,87.13,0,89.87,20.66,1953,Low
27-09-2025 22:00,Z5,21.31,85.12,0,89.36,20.02,0,Low
27-09-2025 23:00,Z5,20.44,89.78,0,89.89,18.89,1748,Low
28-09-2025 00:00,Z5,20.22,88.15,0,89.94,18.94,4057,Low
28-09-2025 01:00,Z5,19.93,90.2,0,90,18.15,0,Low
28-09-2025 02:00,Z5,20.59,86.05,0,90,19.26,0,Low
28-09-2025 03:00,Z5,22.98,85.53,0,90,21.73,0,Low
28-09-2025 04:00,Z5,23.63,81.34,0,89.84,21.45,396,Low
28-09-2025 05:00,Z5,24.1,85.11,0,89.68,23.11,0,Low
28-09-2025 06:00,Z5,25.23,82.11,0,89.23,24.01,0,Low
28-09-2025 07:00,Z5,26.31,78.66,0,88.7,25.11,26925,Low
28-09-2025 08:00,Z5,27.59,75.54,0,88.77,25.86,42425,Low
28-09-2025 09:00,Z5,27.86,75.7,0,88.81,25.99,64124,Low
28-09-2025 10:00,Z5,29.08,76.18,0,89.59,27.26,76980,Low
28-09-2025 11:00,Z5,29.7,74.59,1,90,28.23,43397,Low
28-09-2025 12:00,Z5,29.52,73.06,0,89.79,27.72,90574,Low
28-09-2025 13:00,Z5,30.01,78.58,0,89.3,27.75,83230,Low
28-09-2025 14:00,Z5,28.87,74.5,0,89.32,27.37,75130,Low
28-09-2025 15:00,Z5,29.07,73.24,0,89.27,27.32,63371,Low
28-09-2025 16:00,Z5,26.98,78.7,0,89.45,25.44,42946,Low
28-09-2025 17:00,Z5,26.5,79.31,0,89.41,25.45,24583,Low
28-09-2025 18:00,Z5,25.59,82.19,0,89.36,24.3,3398,Low
28-09-2025 19:00,Z5,24.19,84.87,0,89.61,22.81,1955,Low
28-09-2025 20:00,Z5,23.16,85.99,0,89.09,21.35,0,Low
28-09-2025 21:00,Z5,22.13,85.36,0,88.64,20.66,0,Low
28-09-2025 22:00,Z5,21.11,86.03,0,88.47,19.71,0,Low
28-09-2025 23:00,Z5,19.75,89.44,0,88.81,17.96,0,Low
29-09-2025 00:00,Z5,20.56,87.17,0,88.51,19.46,2974,Low
29-09-2025 01:00,Z5,20.64,89.97,0,89.04,19.55,144,Low
29-09-2025 02:00,Z5,21.25,88.09,0,88.86,18.77,0,Low
29-09-2025 03:00,Z5,21.36,85.83,0,88.81,19.07,986,Low
29-09-2025 04:00,Z5,23.3,87.95,0,88.69,22.05,0,Low
29-09-2025 05:00,Z5,23.76,82.56,0,88.76,22.64,0,Low
29-09-2025 06:00,Z5,25.63,81.92,0,88.69,24.12,0,Low
29-09-2025 07:00,Z5,26.42,80.59,0,88.29,24.53,25664,Low
29-09-2025 08:00,Z5,28.32,79.48,0,88.2,26.84,45162,Low
29-09-2025 09:00,Z5,28.71,75.46,0,88.31,27.3,64347,Low
29-09-2025 10:00,Z5,27.81,78.79,0,88.46,26,79525,Low
29-09-2025 11:00,Z5,29.42,77.58,0,88.81,28.2,85916,Low
29-09-2025 12:00,Z5,28.28,75.73,0,88.9,26.43,87119,Low
29-09-2025 13:00,Z5,29.61,73.78,0,88.88,27.91,82341,Low
29-09-2025 14:00,Z5,28.8,81.65,1,90,27.22,36268,Low
29-09-2025 15:00,Z5,27.88,78.66,0,89.76,26.74,62725,Low
29-09-2025 16:00,Z5,28.26,77.86,0,89.43,27.11,46316,Low
29-09-2025 17:00,Z5,26.05,77.75,0,89.65,24.33,22002,Low
29-09-2025 18:00,Z5,25.48,79.36,0,89.65,24.04,0,Low
29-09-2025 19:00,Z5,24.44,84.64,0,89.31,23.23,0,Low
29-09-2025 20:00,Z5,22.41,84.2,0,89.57,21,861,Low
29-09-2025 21:00,Z5,22.16,85.73,0,88.72,21.23,559,Low
29-09-2025 22:00,Z5,21.59,90.66,0,88.79,20,0,Low
29-09-2025 23:00,Z5,20.69,84.46,0,88.29,18.96,394,Low
30-09-2025 00:00,Z5,21.03,86.83,0,87.84,19.57,441,Low
30-09-2025 01:00,Z5,20.77,87.83,0,87.63,19.18,0,Low
30-09-2025 02:00,Z5,21.86,85.79,0,87.15,20.7,0,Low
30-09-2025 03:00,Z5,21.73,85.96,0,86.92,20.05,0,Low
30-09-2025 04:00,Z5,22.18,83.91,0,86.88,20.87,0,Low
30-09-2025 05:00,Z5,23.3,81.3,0,87.57,21.03,0,Low
30-09-2025 06:00,Z5,24.46,85.91,0,87.67,23.36,0,Low
30-09-2025 07:00,Z5,27.33,76.83,0,87.51,25.98,23427,Low
30-09-2025 08:00,Z5,28.41,74.82,0,87.07,27.26,43552,Low
30-09-2025 09:00,Z5,29.18,75.36,0,86.9,27.37,63940,Low
30-09-2025 10:00,Z5,28.28,77.41,0,86.75,26.87,75721,Low
30-09-2025 11:00,Z5,30.16,76.64,0,87.1,28.7,84828,Low
30-09-2025 12:00,Z5,29.8,72,0,86.81,28.14,87060,Low
30-09-2025 13:00,Z5,30.56,73.33,0,86.92,29.8,84435,Low
30-09-2025 14:00,Z5,29.27,74.91,0,86.85,27.29,75352,Low
30-09-2025 15:00,Z5,28.69,76.3,0,86.34,26.89,65388,Low
30-09-2025 16:00,Z5,27.85,78.34,0,86.64,26.05,43067,Low
30-09-2025 17:00,Z5,26.98,79.78,0,86.33,25.49,23796,Low
30-09-2025 18:00,Z5,24.47,80.77,0,86.24,22.92,0,Low
30-09-2025 19:00,Z5,24.41,83.73,0,86.54,23.1,134,Low
30-09-2025 20:00,Z5,22.6,84.85,0,85.92,20.75,1416,Low
30-09-2025 21:00,Z5,21.74,87.21,0,86.02,20.64,0,Low
30-09-2025 22:00,Z5,20.9,86.93,0,85.98,19.21,2151,Low
30-09-2025 23:00,Z5,20.49,88.97,0,86.43,18.74,0,Low
01-10-2025 00:00,Z5,20.46,86.9,0,86.23,19.01,562,Low
01-10-2025 01:00,Z5,20.43,89.14,0,85.94,19.36,0,Low
01-10-2025 02:00,Z5,20.36,87.59,0,85.97,19.11,1679,Low
01-10-2025 03:00,Z5,20.81,86.92,0,85.72,18.44,1015,Low
01-10-2025 04:00,Z5,22.65,84.17,0,85.51,20.72,2084,Low
01-10-2025 05:00,Z5,22.29,87.34,0,85.24,20.54,0,Low
01-10-2025 06:00,Z5,25.36,81.62,0,85.27,23.26,2582,Low
01-10-2025 07:00,Z5,26.12,81.69,0,85.58,25.44,19671,Low
01-10-2025 08:00,Z5,26.59,83.47,0,85.83,24.52,44873,Low
01-10-2025 09:00,Z5,27.61,80.94,0,85.07,26.06,60367,Low
01-10-2025 10:00,Z5,27.77,80.47,0,84.56,25.85,71915,Low
01-10-2025 11:00,Z5,27.87,77.17,0,84.59,26.09,86129,Low
01-10-2025 12:00,Z5,29.23,78.17,0,84.89,27.37,89698,Low
01-10-2025 13:00,Z5,29.47,76.23,0,84.59,27.87,86097,Low
01-10-2025 14:00,Z5,29.06,75.5,0,84.69,27.75,75077,Low
01-10-2025 15:00,Z5,27.3,81.32,0,85.18,25.94,65319,Low
01-10-2025 16:00,Z5,26.76,80.84,0,85.22,25.37,42869,Low
01-10-2025 17:00,Z5,26.6,80.09,0,85.6,25.31,23955,Low
01-10-2025 18:00,Z5,25.23,80.99,0,85.21,24.01,0,Low
01-10-2025 19:00,Z5,24.23,83.2,0,84.61,22.26,0,Low
01-10-2025 20:00,Z5,21.82,89.12,0,85.2,20.53,85,Low
01-10-2025 21:00,Z5,21.93,84.77,0,84.64,21.21,0,Low
01-10-2025 22:00,Z5,20.53,86.47,0,84.61,19.15,0,Low
01-10-2025 23:00,Z5,21.51,86.53,0,84.98,20.22,1996,Low
02-10-2025 00:00,Z5,19.41,87.91,0,84.59,17.32,0,Low
02-10-2025 01:00,Z5,20.14,90.62,0,84.36,18.13,2844,Low
02-10-2025 02:00,Z5,20.04,91.49,0,84.09,18.48,0,Low
02-10-2025 03:00,Z5,22.85,82.09,0,84.16,21.48,0,Low
02-10-2025 04:00,Z5,22.89,87.36,0,84.19,21.87,865,Low
02-10-2025 05:00,Z5,23.83,82.68,0,84.51,22.36,164,Low
02-10-2025 06:00,Z5,25.51,82.23,0,84.54,24.06,0,Low
02-10-2025 07:00,Z5,25.3,82.49,0,84.77,23.22,18772,Low
02-10-2025 08:00,Z5,26.52,81.72,0,84.14,25.44,46389,Low
02-10-2025 09:00,Z5,27.02,80.48,0,84.43,25.38,60680,Low
02-10-2025 10:00,Z5,29.43,73.93,0,84.73,27.72,77396,Low
02-10-2025 11:00,Z5,29.33,75.28,0,84.76,27.31,83708,Low
02-10-2025 12:00,Z5,28.04,77.38,0,84.63,26.16,88512,Low
02-10-2025 13:00,Z5,29.4,72.53,0,85.09,27.94,84654,Low
02-10-2025 14:00,Z5,28.16,79.34,0,85.31,26.5,75049,Low
02-10-2025 15:00,Z5,27.08,80.09,0,85.38,25.62,63879,Low
02-10-2025 16:00,Z5,26.68,79.57,0,85.13,25.45,41363,Low
02-10-2025 17:00,Z5,25.59,80.79,0,84.94,24.09,22564,Low
02-10-2025 18:00,Z5,25.01,83.01,0,85.18,23.65,2437,Low
02-10-2025 19:00,Z5,23.73,82.73,0,85.28,21.36,3040,Low
02-10-2025 20:00,Z5,22.46,86.57,0,85.55,21.16,0,Low
02-10-2025 21:00,Z5,21.13,91.05,0,85.59,20.25,0,Low
02-10-2025 22:00,Z5,19.64,90.14,0,85.61,18.08,0,Low
02-10-2025 23:00,Z5,20.84,83.52,0,85.1,19.65,0,Low
03-10-2025 00:00,Z5,19.88,92.04,0,84.79,18.82,366,Low
03-10-2025 01:00,Z5,20.3,86.39,0,84.67,18.32,468,Low
03-10-2025 02:00,Z5,20.65,90.12,0,84.29,19.13,0,Low
03-10-2025 03:00,Z5,21.26,84.84,0,84.43,19.72,2021,Low
03-10-2025 04:00,Z5,21.51,85.83,0,84.67,19.4,1351,Low
03-10-2025 05:00,Z5,23.82,83.19,0,84.17,22.39,0,Low
03-10-2025 06:00,Z5,24.72,78.84,0,83.72,22.84,0,Low
03-10-2025 07:00,Z5,24.91,81.72,0,83.22,23.79,23527,Low
03-10-2025 08:00,Z5,27.6,77.26,0,83.63,25.29,41337,Low
03-10-2025 09:00,Z5,28.06,77.24,0,83.88,27.1,64766,Low
03-10-2025 10:00,Z5,28.08,77.12,0,84.13,26.74,74919,Low
03-10-2025 11:00,Z5,29.83,69.12,0,84.76,27.24,85959,Low
03-10-2025 12:00,Z5,28.97,76.56,0,84.78,27.22,86756,Low
03-10-2025 13:00,Z5,29.21,74.96,0,84.96,27.68,83133,Low
03-10-2025 14:00,Z5,28.8,76.58,0,85.14,27.36,76427,Low
03-10-2025 15:00,Z5,28.49,77.71,0,85.6,27.44,61609,Low
03-10-2025 16:00,Z5,28.04,77.13,0,85.2,27.21,43909,Low
03-10-2025 17:00,Z5,25.91,80.85,0,85.13,23.8,25610,Low
03-10-2025 18:00,Z5,25.89,80.34,0,85.17,24.55,0,Low
03-10-2025 19:00,Z5,23.44,86.47,0,85.05,21.62,1015,Low
03-10-2025 20:00,Z5,22.17,84.66,0,84.93,20.45,1398,Low
03-10-2025 21:00,Z5,21.87,87.92,0,85.01,19.64,1419,Low
03-10-2025 22:00,Z5,20.14,84.25,0,84.69,18.13,3871,Low
03-10-2025 23:00,Z5,20.73,88.88,0,84.76,19.2,0,Low
04-10-2025 00:00,Z5,20.97,89.46,0,84.8,19.01,1748,Low
04-10-2025 01:00,Z5,20.39,89.73,0,85.05,18.31,1086,Low
04-10-2025 02:00,Z5,20.98,86.33,0,84.73,19.48,2140,Low
04-10-2025 03:00,Z5,22.08,85.12,0,84.87,20.47,0,Low
04-10-2025 04:00,Z5,22.38,85.14,0,84.84,20.65,0,Low
04-10-2025 05:00,Z5,24.76,81.26,0,84.94,23.36,0,Low
04-10-2025 06:00,Z5,24.64,83.73,0,84.81,22.47,0,Low
04-10-2025 07:00,Z5,24.92,83.33,0,84.45,23.74,23192,Low
04-10-2025 08:00,Z5,28.04,78.89,0,84.4,26.72,42580,Low
04-10-2025 09:00,Z5,27.79,78.27,0,84.19,25.93,58228,Low
04-10-2025 10:00,Z5,27.72,78.37,0,83.51,26.36,75370,Low
04-10-2025 11:00,Z5,30.02,78.32,0,83.2,28.5,84429,Low
04-10-2025 12:00,Z5,29.51,75.34,0,83.57,27.75,88712,Low
04-10-2025 13:00,Z5,29.19,73.17,0.2,83.74,27.02,42860,Low
04-10-2025 14:00,Z5,28.15,76.45,0,83.32,26.79,76228,Low
04-10-2025 15:00,Z5,28.33,76.09,0,82.89,26.66,61478,Low
04-10-2025 16:00,Z5,27.34,81.99,0,83.03,26.04,44751,Low
04-10-2025 17:00,Z5,26.05,79.41,0,82.71,24.35,17743,Low
04-10-2025 18:00,Z5,25.82,83.79,0,82.06,23.98,2104,Low
04-10-2025 19:00,Z5,24,84.48,0,82.08,23.13,0,Low
04-10-2025 20:00,Z5,22.73,84,0,81.89,21.31,0,Low
04-10-2025 21:00,Z5,21.17,85.99,0,82.23,19.61,4020,Low
04-10-2025 22:00,Z5,20.49,87.95,0,81.79,19.39,3574,Low
04-10-2025 23:00,Z5,20.73,89.36,0,81.51,20.15,0,Low
05-10-2025 00:00,Z5,18.62,90.5,0,81.66,18.03,0,Low
05-10-2025 01:00,Z5,20.87,87.03,0,81.11,19.49,5478,Low
05-10-2025 02:00,Z5,20.87,89.46,0,80.87,18.95,0,Low
05-10-2025 03:00,Z5,21.47,86.03,0,80.87,20.53,0,Low
05-10-2025 04:00,Z5,22.29,87.1,0,80.31,20.76,0,Low
05-10-2025 05:00,Z5,22.28,84.83,0,80.4,20.59,0,Low
05-10-2025 06:00,Z5,25.04,82.69,0,80.25,22.89,0,Low
05-10-2025 07:00,Z5,26.44,78.2,0,80.01,24.4,21711,Low
05-10-2025 08:00,Z5,26.53,80.29,0,79.8,24.95,42850,Low
05-10-2025 09:00,Z5,27.2,80.81,0,79.31,25.8,65861,Low
05-10-2025 10:00,Z5,27.58,77.42,0,79.37,26.1,73400,Low
05-10-2025 11:00,Z5,29,75.75,0,79.1,26.89,86767,Low
05-10-2025 12:00,Z5,28.55,76.1,0,78.73,27.08,90537,Low
05-10-2025 13:00,Z5,29.31,75.89,0,79.07,27.83,85394,Low
05-10-2025 14:00,Z5,29.23,77.14,0,79.19,27.9,74390,Low
05-10-2025 15:00,Z5,28.59,75.26,0,79.8,26.61,59975,Low
05-10-2025 16:00,Z5,25.79,78.33,0,79.68,24.83,45405,Low
05-10-2025 17:00,Z5,26.93,80.08,0,79.69,24.78,21264,Low
05-10-2025 18:00,Z5,25.93,79.89,0,79.64,24.28,0,Low
05-10-2025 19:00,Z5,22.93,84.21,0,79.93,21.47,716,Low
05-10-2025 20:00,Z5,21.81,87.08,0,79.89,19.97,918,Low
05-10-2025 21:00,Z5,21.68,84.87,0,80.14,20.73,0,Low
05-10-2025 22:00,Z5,21.4,87.12,0,80.25,19.71,0,Low
05-10-2025 23:00,Z5,20.46,87.22,0,80.17,19.2,2430,Low
06-10-2025 00:00,Z5,20.58,86.08,0,80.14,18.99,0,Low
06-10-2025 01:00,Z5,20.01,90.36,0,79.6,18.37,756,Low
06-10-2025 02:00,Z5,19.95,88.59,0,79.57,18.45,788,Low
06-10-2025 03:00,Z5,22.72,85.79,0,79.44,21.43,619,Low
06-10-2025 04:00,Z5,22.25,84.74,0,79.59,20.43,0,Low
06-10-2025 05:00,Z5,24.04,84.75,0,79.82,23.31,0,Low
06-10-2025 06:00,Z5,23.95,84.24,0,80.31,21.88,0,Low
06-10-2025 07:00,Z5,26.13,83.7,0,80.23,25.01,20946,Low
06-10-2025 08:00,Z5,26.69,79.37,0,80.48,25.48,43290,Low
06-10-2025 09:00,Z5,28.1,79.42,0,80.68,26.98,61010,Low
06-10-2025 10:00,Z5,28.88,75.28,0,80.17,28.66,77063,Low
06-10-2025 11:00,Z5,28.97,78.14,0.5,81.35,26.5,40447,Low
06-10-2025 12:00,Z5,29.23,79.44,0,81.25,27.52,88395,Low
06-10-2025 13:00,Z5,29.35,74.32,0.2,81.43,28.07,41239,Low
06-10-2025 14:00,Z5,27.99,76.52,0,81.44,26.43,77123,Low
06-10-2025 15:00,Z5,27.38,81.57,0,81.27,26.2,58707,Low
06-10-2025 16:00,Z5,27.67,79.75,0,81.08,26.31,44997,Low
06-10-2025 17:00,Z5,26.34,79.24,0,81.05,24.63,21062,Low
06-10-2025 18:00,Z5,24.45,85.05,0.2,81.65,23.25,284,Low
06-10-2025 19:00,Z5,23.64,81.84,0,82.02,21.7,0,Low
06-10-2025 20:00,Z5,22.22,83.06,0,82.44,20.83,0,Low
06-10-2025 21:00,Z5,21.69,88.17,0,82.36,20.13,3105,Low
06-10-2025 22:00,Z5,20.42,87.94,0,81.96,18.92,0,Low
06-10-2025 23:00,Z5,20.02,89,0,81.99,18.13,0,Low
07-10-2025 00:00,Z5,20.96,85.08,0,81.79,19.41,2092,Low
07-10-2025 01:00,Z5,20.43,88.54,0,81.53,18.37,1718,Low
07-10-2025 02:00,Z5,20.82,87.73,0,81.46,19.18,0,Low
07-10-2025 03:00,Z5,21.05,86.12,0,81.33,19.06,3052,Low
07-10-2025 04:00,Z5,21.72,89.09,0,81.16,20.35,0,Low
07-10-2025 05:00,Z5,23.61,86.19,0,81.14,21.49,0,Low
07-10-2025 06:00,Z5,24.15,79.55,0,80.76,22.63,0,Low
07-10-2025 07:00,Z5,26.71,79.99,0,80.45,24.97,24793,Low
07-10-2025 08:00,Z5,27.64,76.96,0,80.12,25.65,45480,Low
07-10-2025 09:00,Z5,27.43,77.42,0,80.45,26.07,62362,Low
07-10-2025 10:00,Z5,28.38,76.52,0,80.66,26.84,75146,Low
07-10-2025 11:00,Z5,29.53,74.93,0,80.1,28.17,82718,Low
07-10-2025 12:00,Z5,28.81,75.14,0,80.03,27.18,85557,Low
07-10-2025 13:00,Z5,28.72,74.91,0,80.1,27.44,85336,Low
07-10-2025 14:00,Z5,28.58,77.92,0,79.68,27.55,74436,Low
07-10-2025 15:00,Z5,27.37,80.12,0,80.02,25.86,62285,Low
07-10-2025 16:00,Z5,27.18,81,0,79.91,26.15,45264,Low
07-10-2025 17:00,Z5,25.74,81.52,0,79.94,24.39,21601,Low
07-10-2025 18:00,Z5,23.85,84.72,0,79.75,22.79,0,Low
07-10-2025 19:00,Z5,23.56,82.2,0,79.59,21.92,663,Low
07-10-2025 20:00,Z5,21.46,81.94,0,79.69,20.05,1133,Low
07-10-2025 21:00,Z5,21.45,88.03,0,80.05,20.33,0,Low
07-10-2025 22:00,Z5,20.28,87.9,0,79.54,19.3,0,Low
07-10-2025 23:00,Z5,19.95,88.68,0,79.42,18.35,98,Low
08-10-2025 00:00,Z5,20.1,87.1,0,79.32,18.77,0,Low
08-10-2025 01:00,Z5,20.11,88.11,0,79.28,18.8,0,Low
08-10-2025 02:00,Z5,22.2,80.49,0,79.52,20.82,0,Low
08-10-2025 03:00,Z5,21.25,90.57,0,79.7,19.85,790,Low
08-10-2025 04:00,Z5,23.25,84.97,0,79.94,21.17,0,Low
08-10-2025 05:00,Z5,23.8,84.59,0,80.04,21.4,1780,Low
08-10-2025 06:00,Z5,24.97,82.73,0,80.63,23.43,1107,Low
08-10-2025 07:00,Z5,25.91,82.42,0,80.56,24.22,21772,Low
08-10-2025 08:00,Z5,26.54,80.47,0,80.42,24.84,42144,Low
08-10-2025 09:00,Z5,28.69,77.68,0,80.15,27.11,63452,Low
08-10-2025 10:00,Z5,28.21,78.86,0,79.86,26.47,74998,Low
08-10-2025 11:00,Z5,29.4,79.74,0,80.15,27.87,83931,Low
08-10-2025 12:00,Z5,29.4,76.23,0,80.36,28.29,86734,Low
08-10-2025 13:00,Z5,28.58,78.55,0,80.29,26.88,84478,Low
08-10-2025 14:00,Z5,28.8,80.2,0,80.51,27.05,77673,Low
08-10-2025 15:00,Z5,28.32,77.56,0,80.02,26.88,61263,Low
08-10-2025 16:00,Z5,27.22,95.39,5,85.81,25.24,22631,Low
08-10-2025 17:00,Z5,25.22,82.15,0,85.37,24.54,23426,Low
08-10-2025 18:00,Z5,23.68,82.91,0,85.16,21.82,1368,Low
08-10-2025 19:00,Z5,23.24,87.21,0,84.51,21.65,974,Low
08-10-2025 20:00,Z5,22.46,85.13,0,84.15,21.16,0,Low
08-10-2025 21:00,Z5,21.55,87.37,0,84.55,20.7,922,Low
08-10-2025 22:00,Z5,20.3,89.11,0,84.41,18.6,0,Low
08-10-2025 23:00,Z5,21.34,84.65,0,84.03,19.87,0,Low
09-10-2025 00:00,Z5,19.95,89.54,0,84.39,18.17,1629,Low
09-10-2025 01:00,Z5,20.79,87.84,0,84.63,19.67,0,Low
09-10-2025 02:00,Z5,21.54,85.7,0,84.77,20.23,3517,Low
09-10-2025 03:00,Z5,21.24,87.54,0,84.57,20.5,0,Low
09-10-2025 04:00,Z5,22.21,82.63,0,84.5,21.32,1203,Low
09-10-2025 05:00,Z5,22.79,84.19,0.2,84.33,21.54,3419,Low
09-10-2025 06:00,Z5,25.03,82.05,0,84.34,23.6,0,Low
09-10-2025 07:00,Z5,25.68,79.51,0,84.09,24.01,22249,Low
09-10-2025 08:00,Z5,27.15,77.98,0,84.11,25.05,44192,Low
09-10-2025 09:00,Z5,28,77.08,0,84.33,27.06,59734,Low
09-10-2025 10:00,Z5,28.67,75.32,0,84.12,27.61,77882,Low
09-10-2025 11:00,Z5,29.75,75.8,0,84.25,27.85,90079,Low
09-10-2025 12:00,Z5,29.44,74.04,0,83.95,27.87,85363,Low
09-10-2025 13:00,Z5,27.95,79.04,0,83.92,26.45,84957,Low
09-10-2025 14:00,Z5,27.96,78.76,0,83.84,26.39,73955,Low
09-10-2025 15:00,Z5,27.41,78.6,0,83.37,25.59,59405,Low
09-10-2025 16:00,Z5,26.68,78.73,0,83.07,24.75,45941,Low
09-10-2025 17:00,Z5,26.26,80.36,0,82.43,24.86,26931,Low
09-10-2025 18:00,Z5,24.97,83.5,0,82.69,23.42,0,Low
09-10-2025 19:00,Z5,24.69,83.75,0,82.73,22.58,0,Low
09-10-2025 20:00,Z5,22.32,88.23,0,81.88,20.66,0,Low
09-10-2025 21:00,Z5,20.96,88.46,0,81.75,19.69,0,Low
09-10-2025 22:00,Z5,20.61,90.55,0,81.79,19.13,0,Low
09-10-2025 23:00,Z5,20.38,89.41,0,81.91,19.15,1797,Low
10-10-2025 00:00,Z5,20.75,89.61,0,82.26,18.79,0,Low
10-10-2025 01:00,Z5,21.17,88,0,82.54,19.86,263,Low
10-10-2025 02:00,Z5,19.51,88.34,0,82.98,18.06,0,Low
10-10-2025 03:00,Z5,20.93,86.65,0,82.87,19.39,0,Low
10-10-2025 04:00,Z5,23.14,87.08,0,82.8,22.89,0,Low
10-10-2025 05:00,Z5,22.71,84.8,0,82.64,21.11,943,Low
10-10-2025 06:00,Z5,25.25,83.04,0,82.78,24.05,1134,Low
10-10-2025 07:00,Z5,24.28,85.09,0,82.28,22.86,26229,Low
10-10-2025 08:00,Z5,26.95,83.84,0,82.28,25.51,43510,Low
10-10-2025 09:00,Z5,26.82,80.77,0,82,25.9,60496,Low
10-10-2025 10:00,Z5,28.9,76.87,0,82.13,26.67,77629,Low
10-10-2025 11:00,Z5,29.15,74.51,0,82.36,27.87,81809,Low
10-10-2025 12:00,Z5,28.62,80.9,0,82.21,27.11,84408,Low
10-10-2025 13:00,Z5,28.51,75.08,0,82.26,27.64,89098,Low
10-10-2025 14:00,Z5,28.18,79.11,0,82.34,26.9,76266,Low
10-10-2025 15:00,Z5,28.73,75.74,0,82.42,27.34,60671,Low
10-10-2025 16:00,Z5,27.1,81.01,0,82.54,25.58,41755,Low
10-10-2025 17:00,Z5,25.55,81.39,0,82.46,24.09,25632,Low
10-10-2025 18:00,Z5,24.6,79.61,0,82.43,22.35,0,Low
10-10-2025 19:00,Z5,22.73,86.96,0,82.3,21.61,0,Low
10-10-2025 20:00,Z5,22.05,82.99,0,81.98,20.77,1236,Low
10-10-2025 21:00,Z5,21.78,86.51,0,81.34,20.21,3234,Low
10-10-2025 22:00,Z5,19.77,86.98,0,81.23,18.19,1586,Low
10-10-2025 23:00,Z5,20.16,89.66,0,80.93,19.22,0,Low
11-10-2025 00:00,Z5,21.29,87.46,0,80.86,19.86,3094,Low
11-10-2025 01:00,Z5,18.94,89.93,0,81.07,17.28,2604,Low
11-10-2025 02:00,Z5,20.95,87.08,0,80.65,19.71,0,Low
11-10-2025 03:00,Z5,21.93,86.73,0,80.27,20.46,0,Low
11-10-2025 04:00,Z5,21.93,88.41,0,80.71,20.89,1909,Low
11-10-2025 05:00,Z5,23.4,83.51,0,81.01,22.42,2978,Low
11-10-2025 06:00,Z5,24.98,84.18,0,81.12,23.77,1424,Low
11-10-2025 07:00,Z5,26.14,79,0,81.82,24.17,23022,Low
11-10-2025 08:00,Z5,27.11,78.78,0,82,25.65,44222,Low
11-10-2025 09:00,Z5,27.75,76.65,0,82.06,26.61,59794,Low
11-10-2025 10:00,Z5,28.77,77.18,0,82.12,27.29,77088,Low
11-10-2025 11:00,Z5,29.69,80.89,0,82.06,28.56,87620,Low
11-10-2025 12:00,Z5,29.36,76.44,0,81.76,27.76,93352,Low
11-10-2025 13:00,Z5,29.27,75.16,0,81.54,27.92,84430,Low
11-10-2025 14:00,Z5,28.62,75.78,0,81.58,27.26,75246,Low
11-10-2025 15:00,Z5,28.14,80.05,0,81.44,26.99,63997,Low
11-10-2025 16:00,Z5,27.41,78.43,0,81.51,26.46,41913,Low
11-10-2025 17:00,Z5,26.55,77.47,0,81.89,25.8,23834,Low
11-10-2025 18:00,Z5,24.51,81.92,0,81.74,22.69,5024,Low
11-10-2025 19:00,Z5,23.63,82.95,0,81.62,21.7,182,Low
11-10-2025 20:00,Z5,21.33,89.87,0,81.68,19.82,670,Low
11-10-2025 21:00,Z5,21.42,90.28,0,81.83,20.87,0,Low
11-10-2025 22:00,Z5,21.31,85.52,0,81.32,19.5,0,Low
11-10-2025 23:00,Z5,20.77,88.4,0,81.22,19.1,0,Low
12-10-2025 00:00,Z5,20.05,86.89,0,81.29,18.63,962,Low
12-10-2025 01:00,Z5,19.8,89.73,0,81.07,18.25,383,Low
12-10-2025 02:00,Z5,20.59,87.16,0,80.69,18.73,2115,Low
12-10-2025 03:00,Z5,21.18,85.99,0,80.55,19.74,0,Low
12-10-2025 04:00,Z5,22.93,85.82,0,80.35,21.25,0,Low
12-10-2025 05:00,Z5,23.65,86.04,0.2,79.99,22.67,0,Low
12-10-2025 06:00,Z5,24.46,83.29,0,80.23,22.71,2506,Low
12-10-2025 07:00,Z5,26.15,81.7,0,80.18,24.69,21616,Low
12-10-2025 08:00,Z5,26.69,79.39,0,80.23,24.64,47111,Low
12-10-2025 09:00,Z5,27.65,79.88,0,80.15,25.89,67164,Low
12-10-2025 10:00,Z5,29.94,73.92,0,80.14,28.23,75740,Low
12-10-2025 11:00,Z5,30.06,77.64,0,80.2,28.38,83610,Low
12-10-2025 12:00,Z5,29.87,74.54,0,80.79,28.7,88658,Low
12-10-2025 13:00,Z5,29.31,78.16,0,80.72,27.78,88268,Low
12-10-2025 14:00,Z5,29.09,75.6,0,80.31,27.34,79924,Low
12-10-2025 15:00,Z5,27.54,80.18,0,79.96,25.71,63850,Low
12-10-2025 16:00,Z5,26.34,80.19,0,79.87,25.28,45937,Low
12-10-2025 17:00,Z5,25.88,77.36,0,79.47,24.34,22296,Low
12-10-2025 18:00,Z5,24.67,81.67,0,79.64,23.32,1006,Low
12-10-2025 19:00,Z5,23.54,84.87,1,80.36,22.56,0,Low
12-10-2025 20:00,Z5,22.44,86.91,0,80.58,21,0,Low
12-10-2025 21:00,Z5,21.53,87.5,0,80.32,19.59,628,Low
12-10-2025 22:00,Z5,21.08,86.32,0,79.85,19.31,0,Low
12-10-2025 23:00,Z5,21.87,85.52,0,79.27,20.91,1345,Low
13-10-2025 00:00,Z5,21.08,89.83,0,78.83,19.33,3855,Low
13-10-2025 01:00,Z5,20.76,87.13,0,78.63,19.12,0,Low
13-10-2025 02:00,Z5,20.84,85.94,0,78.74,18.99,0,Low
13-10-2025 03:00,Z5,21.98,86.88,0,78.89,20.1,3549,Low
13-10-2025 04:00,Z5,22.4,85.33,0,79.18,21.34,0,Low
13-10-2025 05:00,Z5,23.51,81.51,0,78.93,22.05,1676,Low
13-10-2025 06:00,Z5,25.01,82.55,0,79.49,23.3,2703,Low
13-10-2025 07:00,Z5,24.78,84.06,0,79.31,22.47,23850,Low
13-10-2025 08:00,Z5,27.15,79.05,0,79.47,25.01,45376,Low
13-10-2025 09:00,Z5,27.31,79.79,0,79.65,25.72,61957,Low
13-10-2025 10:00,Z5,29.04,73.95,0,79.77,27.08,77611,Low
13-10-2025 11:00,Z5,29.09,77.78,0,79.55,27.18,82841,Low
13-10-2025 12:00,Z5,31.11,75,0,78.96,29.95,90248,Low
13-10-2025 13:00,Z5,29.35,79.04,0,79,28.14,85025,Low
13-10-2025 14:00,Z5,28.47,80.83,1,79.69,26.76,34771,Low
13-10-2025 15:00,Z5,28.98,77.97,0,79.77,27.27,63563,Low
13-10-2025 16:00,Z5,27.54,78.98,0,79.59,26.64,47847,Low
13-10-2025 17:00,Z5,26.58,79.73,0,79.2,25.19,23734,Low
13-10-2025 18:00,Z5,24.43,81.2,0,79.18,23.73,963,Low
13-10-2025 19:00,Z5,23.92,82.16,0,78.91,23.27,0,Low
13-10-2025 20:00,Z5,22.2,84.92,0,78.88,20.24,1402,Low
13-10-2025 21:00,Z5,22.45,88.54,0,79.26,21.06,0,Low
13-10-2025 22:00,Z5,20.96,88.53,0,78.96,19.7,0,Low
13-10-2025 23:00,Z5,20.05,87.79,0,79.65,18.09,407,Low
14-10-2025 00:00,Z5,20.18,93.35,0,79.74,18.57,397,Low
14-10-2025 01:00,Z5,19.93,89.78,0,79.72,18.05,0,Low
14-10-2025 02:00,Z5,21.09,84.22,0,79.78,19.9,0,Low
14-10-2025 03:00,Z5,21.74,85.73,0,79.85,20.45,447,Low
14-10-2025 04:00,Z5,23.26,82.21,0,79.91,21.43,0,Low
14-10-2025 05:00,Z5,23.42,84.26,0,80.1,21.8,1763,Low
14-10-2025 06:00,Z5,26.01,82.02,0,80.24,24.3,0,Low
14-10-2025 07:00,Z5,26.18,82.24,0,80.6,24.62,27172,Low
14-10-2025 08:00,Z5,26.13,80.96,0,80.55,24.22,44072,Low
14-10-2025 09:00,Z5,27.95,78.09,0,80.56,26.31,63471,Low
14-10-2025 10:00,Z5,28.5,75.96,0,80.25,27.37,74140,Low
14-10-2025 11:00,Z5,29.31,75.21,0,80.07,28.05,83323,Low
14-10-2025 12:00,Z5,29.5,78.97,0,80.1,27.88,87626,Low
14-10-2025 13:00,Z5,29.43,79.17,0,80.29,27.66,85113,Low
14-10-2025 14:00,Z5,29.05,77.8,0,79.85,28.16,73863,Low
14-10-2025 15:00,Z5,28.36,78.1,0,79.6,26.81,65549,Low
14-10-2025 16:00,Z5,26.59,83.27,0,79.61,25.25,43856,Low
14-10-2025 17:00,Z5,23.77,83.11,0,79.37,22.47,24366,Low
14-10-2025 18:00,Z5,24.33,81.1,0,79.45,22.42,0,Low
14-10-2025 19:00,Z5,24.28,80.7,0,78.95,22.6,2622,Low
14-10-2025 20:00,Z5,22.38,85.79,0,78.92,21.33,0,Low
14-10-2025 21:00,Z5,21.23,88.39,0,78.92,20.22,0,Low
14-10-2025 22:00,Z5,20.51,86.86,0,79.45,18.93,850,Low
14-10-2025 23:00,Z5,20.51,89.61,0,79.56,18.9,407,Low
15-10-2025 00:00,Z5,20.12,92.28,0,80.13,19.09,979,Low
15-10-2025 01:00,Z5,20.93,89.79,0,79.86,19.37,0,Low
15-10-2025 02:00,Z5,20.65,90.16,0,79.76,18.65,0,Low
15-10-2025 03:00,Z5,22.3,87.7,0,79.93,20.51,0,Low
15-10-2025 04:00,Z5,21.75,87.24,0,80,20.5,0,Low
15-10-2025 05:00,Z5,23.31,83.76,0,80.04,21.4,1067,Low
15-10-2025 06:00,Z5,24.2,82.7,0,80.6,22.72,0,Low
15-10-2025 07:00,Z5,25.47,79.95,0,80.94,23.51,24130,Low
15-10-2025 08:00,Z5,26.07,81.73,0,80.97,24.02,42130,Low
15-10-2025 09:00,Z5,27.35,83.75,0,80.31,25.93,63858,Low
15-10-2025 10:00,Z5,27.97,74.78,0,80,25.55,74702,Low
15-10-2025 11:00,Z5,29.84,76.25,0,80.35,28.75,84587,Low
15-10-2025 12:00,Z5,28.81,76.8,0,80.63,27.6,86182,Low
15-10-2025 13:00,Z5,28.54,77.97,0.2,80.79,26.12,44840,Low
15-10-2025 14:00,Z5,28.08,76.02,0,80.54,26.57,80768,Low
15-10-2025 15:00,Z5,27.13,78.51,0,80.74,25.73,59542,Low
15-10-2025 16:00,Z5,26.44,80.38,0,81.49,24.81,46614,Low
15-10-2025 17:00,Z5,25.91,79.22,0,81.67,24.45,23017,Low
15-10-2025 18:00,Z5,24.89,83.11,0,81.55,23.92,0,Low
15-10-2025 19:00,Z5,22.91,85.61,0,81.24,21.26,203,Low
15-10-2025 20:00,Z5,23.19,80.01,0,81.35,21.32,0,Low
15-10-2025 21:00,Z5,21.28,84.91,0,81.75,19.85,0,Low
15-10-2025 22:00,Z5,20.12,90.83,0,81.28,18.99,162,Low
15-10-2025 23:00,Z5,20.03,87.78,0,81.2,18.59,5019,Low
16-10-2025 00:00,Z5,20.15,92.28,0,81.04,18.61,826,Low
16-10-2025 01:00,Z5,20.07,87.18,0,81.22,19.03,0,Low
16-10-2025 02:00,Z5,20.6,87.76,0,81.34,19.66,0,Low
16-10-2025 03:00,Z5,22.08,83.26,0,81.16,20.49,2893,Low
16-10-2025 04:00,Z5,21.62,88.58,0,81.6,20.79,0,Low
16-10-2025 05:00,Z5,24.21,83.82,0,81.29,22.79,1666,Low
16-10-2025 06:00,Z5,25.05,82.72,0,80.94,24.1,1957,Low
16-10-2025 07:00,Z5,26.46,83.5,0,81.01,25.13,27623,Low
16-10-2025 08:00,Z5,26.98,79.03,0,80.9,25.84,47810,Low
16-10-2025 09:00,Z5,27.96,77.04,0,80.74,26.59,60852,Low
16-10-2025 10:00,Z5,30.29,74.87,0,80.19,28.91,74563,Low
16-10-2025 11:00,Z5,30.41,73.99,0,80.27,29.01,85729,Low
16-10-2025 12:00,Z5,28.8,77.96,0,80.44,27.24,90605,Low
16-10-2025 13:00,Z5,29.45,78.2,0,80.83,27.96,83353,Low
16-10-2025 14:00,Z5,28.69,76.84,0,80.78,27.21,78321,Low
16-10-2025 15:00,Z5,28.79,78,0,80.84,27.13,60140,Low
16-10-2025 16:00,Z5,27.03,78.13,0,80.71,25.64,41005,Low
16-10-2025 17:00,Z5,26.47,79.49,0,80.39,24.45,22834,Low
16-10-2025 18:00,Z5,25.28,81.32,0,80.62,23.79,840,Low
16-10-2025 19:00,Z5,23.91,85.32,0,81.09,22.49,0,Low
16-10-2025 20:00,Z5,22.19,86.74,0,80.95,20.86,0,Low
16-10-2025 21:00,Z5,20.73,88.63,0,81.34,18.79,2460,Low
16-10-2025 22:00,Z5,21.18,88.23,0,81.35,19.4,0,Low
16-10-2025 23:00,Z5,21.55,88.69,0,81.07,20.2,0,Low
17-10-2025 00:00,Z5,20.04,87.91,0,81.26,18.3,188,Low
17-10-2025 01:00,Z5,20.29,87.94,0,80.98,18.5,0,Low
17-10-2025 02:00,Z5,19.21,91.8,0,80.86,18.21,0,Low
17-10-2025 03:00,Z5,22.66,82.49,0,81,20.55,1236,Low
17-10-2025 04:00,Z5,22.85,86.88,0,81.16,21.46,1983,Low
17-10-2025 05:00,Z5,24.63,81.52,0,80.86,23.44,2190,Low
17-10-2025 06:00,Z5,24.93,81.41,0,79.95,23.29,0,Low
17-10-2025 07:00,Z5,24.75,82.64,0,80.22,23.79,22008,Low
17-10-2025 08:00,Z5,26.85,75.91,0,80.38,25.29,45147,Low
17-10-2025 09:00,Z5,27.52,76.89,0,80.43,26.36,63252,Low
17-10-2025 10:00,Z5,27.97,76.31,0,79.99,27.01,72127,Low
17-10-2025 11:00,Z5,28.5,74.26,0,79.85,27.6,82066,Low
17-10-2025 12:00,Z5,28.77,77.68,0,79.8,27.82,87783,Low
17-10-2025 13:00,Z5,28.58,81.47,1,81.26,26.46,40919,Low
17-10-2025 14:00,Z5,29.08,74.04,0,81.34,26.92,77529,Low
17-10-2025 15:00,Z5,27.77,80.79,0,81.15,26.23,60000,Low
17-10-2025 16:00,Z5,28.3,75.31,0,81.43,26.77,43739,Low
17-10-2025 17:00,Z5,25.47,77.45,0,81.34,23.84,22921,Low
17-10-2025 18:00,Z5,24.28,84.99,0,81.65,23.37,3824,Low
17-10-2025 19:00,Z5,24.21,83.69,0,81.52,22.27,0,Low
17-10-2025 20:00,Z5,22.72,86.08,0,81.57,21.45,160,Low
17-10-2025 21:00,Z5,21.87,87.33,0,81.55,20.71,0,Low
17-10-2025 22:00,Z5,20.33,88.52,0,81.25,18.9,0,Low
17-10-2025 23:00,Z5,20.54,90.88,0,80.74,19.25,2148,Low
18-10-2025 00:00,Z5,20.16,86.51,0,81.09,18.89,0,Low
18-10-2025 01:00,Z5,20.76,85.71,0,81.1,19.5,0,Low
18-10-2025 02:00,Z5,20.19,90.42,0,81.4,18.55,4144,Low
18-10-2025 03:00,Z5,21.96,87.48,0,81.24,20.25,710,Low
18-10-2025 04:00,Z5,21.9,88.48,0,81.57,20.11,1983,Low
18-10-2025 05:00,Z5,22.44,82.25,0,81.43,21.2,2524,Low
18-10-2025 06:00,Z5,25.24,80.2,0,81.94,24.64,189,Low
18-10-2025 07:00,Z5,26.94,80.89,0,81.81,25.71,22878,Low
18-10-2025 08:00,Z5,26.89,80.92,0,81.86,25.92,42902,Low
18-10-2025 09:00,Z5,27.03,81.55,0,81.67,25.68,63135,Low
18-10-2025 10:00,Z5,27.82,79.09,0,82.19,26.21,75493,Low
18-10-2025 11:00,Z5,28.63,77.52,0,82.32,27.55,86472,Low
18-10-2025 12:00,Z5,28.67,80.65,0,82.79,27.53,89566,Low
18-10-2025 13:00,Z5,28.49,80.49,0,82.53,26.88,86738,Low
18-10-2025 14:00,Z5,28.48,75.33,0,83,27.61,76072,Low
18-10-2025 15:00,Z5,28.28,76.99,0,82.4,26.47,61040,Low
18-10-2025 16:00,Z5,25.94,81.26,0,82.91,24.43,44626,Low
18-10-2025 17:00,Z5,25.62,80.6,0,82.66,24.54,21300,Low
18-10-2025 18:00,Z5,25.53,77.91,0,82.67,24.61,635,Low
18-10-2025 19:00,Z5,23.5,83.44,0,82.82,21.64,0,Low
18-10-2025 20:00,Z5,21.91,86.59,0,82.84,20.96,2445,Low
18-10-2025 21:00,Z5,22.9,85.44,0,83.24,21.78,0,Low
18-10-2025 22:00,Z5,20.37,88.73,0,82.9,17.95,1277,Low
18-10-2025 23:00,Z5,20.35,85.8,0,82.61,19.59,1158,Low
19-10-2025 00:00,Z5,21.33,85.98,0,82.03,20.04,5065,Low
19-10-2025 01:00,Z5,19.92,89.8,0,81.84,19.01,0,Low
19-10-2025 02:00,Z5,20.71,87.97,0,82.23,19.73,0,Low
19-10-2025 03:00,Z5,20.59,88.13,0,82.3,18.94,0,Low
19-10-2025 04:00,Z5,21.32,84.07,0,82.62,20.64,2557,Low
19-10-2025 05:00,Z5,24.12,82.94,0,82.52,21.7,2628,Low
19-10-2025 06:00,Z5,25.14,78.98,0,82.07,23.29,0,Low
19-10-2025 07:00,Z5,25.27,81.42,0,81.89,24.33,21604,Low
19-10-2025 08:00,Z5,25.67,81.97,0,81.81,23.61,44864,Low
19-10-2025 09:00,Z5,27.72,81.69,0,81.98,26.01,63001,Low
19-10-2025 10:00,Z5,28.01,79,0,82.02,26.82,77257,Low
19-10-2025 11:00,Z5,28.6,76.51,0,82.42,26.76,83811,Low
19-10-2025 12:00,Z5,28.42,78.51,0,82.28,27.03,87928,Low
19-10-2025 13:00,Z5,28.67,74.45,0,81.39,26.39,81857,Low
19-10-2025 14:00,Z5,27.51,79.42,0,81.17,26.05,75939,Low
19-10-2025 15:00,Z5,26.29,80.77,0,81.36,24.52,65516,Low
19-10-2025 16:00,Z5,27.08,80.35,0,81.05,25.88,46130,Low
19-10-2025 17:00,Z5,26.38,80.68,0,80.6,24.64,20703,Low
19-10-2025 18:00,Z5,25.01,78.47,0,80.41,24.33,210,Low
19-10-2025 19:00,Z5,24.1,81.67,0,80.9,22.71,0,Low
19-10-2025 20:00,Z5,22.2,86.96,0,80.77,20.75,0,Low
19-10-2025 21:00,Z5,20.71,89.68,0,80.84,18.94,0,Low
19-10-2025 22:00,Z5,21.5,87.86,0,81.15,20.29,2609,Low
19-10-2025 23:00,Z5,20.36,88.51,0,81.11,18.61,1150,Low
20-10-2025 00:00,Z5,20.83,91.52,0,81.15,19.68,0,Low
20-10-2025 01:00,Z5,21.51,86.16,0,81.08,19.95,0,Low
20-10-2025 02:00,Z5,21.91,85.73,0.2,81.29,20.46,1615,Low
20-10-2025 03:00,Z5,21.44,88.5,0,81.23,20.68,2192,Low
20-10-2025 04:00,Z5,22.28,85.64,0,80.94,21.06,0,Low
20-10-2025 05:00,Z5,23.7,84.82,0,80.84,21.75,0,Low
20-10-2025 06:00,Z5,24.86,83.64,0,80.61,22.67,0,Low
20-10-2025 07:00,Z5,25.47,78.52,0,80.62,23.86,24519,Low
20-10-2025 08:00,Z5,27.59,79.19,0,80.81,26.18,42296,Low
20-10-2025 09:00,Z5,27.73,78.56,0,81.27,26.08,63836,Low
20-10-2025 10:00,Z5,29.4,77.62,0,81.03,27.95,75830,Low
20-10-2025 11:00,Z5,29.35,77.86,0,81.07,27.77,86635,Low
20-10-2025 12:00,Z5,30.09,77.19,0,81.17,28.63,87053,Low
20-10-2025 13:00,Z5,28.62,76.82,0,81.11,27.15,85517,Low
20-10-2025 14:00,Z5,28.01,76.53,0,81.21,26.99,78907,Low
20-10-2025 15:00,Z5,28.57,77.54,0,81.85,27.23,60997,Low
20-10-2025 16:00,Z5,26.59,80.5,0,81.38,24.51,41505,Low
20-10-2025 17:00,Z5,24.99,80.4,0,81.07,23.63,21485,Low
20-10-2025 18:00,Z5,23.83,81.99,0,80.61,22.57,0,Low
20-10-2025 19:00,Z5,23.44,78.45,0,81.01,21.62,2020,Low
20-10-2025 20:00,Z5,22.33,83.69,0,80.76,21.07,1303,Low
20-10-2025 21:00,Z5,21.56,84.07,0,80.87,20.48,0,Low
20-10-2025 22:00,Z5,20.3,85.13,0,80.37,19.3,0,Low
20-10-2025 23:00,Z5,20.22,88.92,0,80.2,19.42,0,Low
21-10-2025 00:00,Z5,20.55,88.79,0,80.14,18.66,0,Low
21-10-2025 01:00,Z5,20.53,87.74,0,79.73,17.94,1912,Low
21-10-2025 02:00,Z5,20.08,90.33,0,80.07,18.04,0,Low
21-10-2025 03:00,Z5,20.81,86.22,0,80.29,19.95,2530,Low
21-10-2025 04:00,Z5,22.07,85.3,0,80.57,20.86,2682,Low
21-10-2025 05:00,Z5,23.45,81.69,0,80.42,21.68,0,Low
21-10-2025 06:00,Z5,24.2,83.9,0,80.5,22.36,0,Low
21-10-2025 07:00,Z5,26.44,78.91,0,80.77,25,22063,Low
21-10-2025 08:00,Z5,26.65,80.33,0,80.64,24.65,41825,Low
21-10-2025 09:00,Z5,27.93,82.01,0,80.22,26.74,63716,Low
21-10-2025 10:00,Z5,28.39,76.88,0,80.21,26.61,74045,Low
21-10-2025 11:00,Z5,29.31,73.85,0,80.19,27.11,81977,Low
21-10-2025 12:00,Z5,28.16,75.3,0,80.5,26.87,86499,Low
21-10-2025 13:00,Z5,28.22,74.97,0,80.37,25.99,87239,Low
21-10-2025 14:00,Z5,28.72,77.19,0,80.6,27.12,74086,Low
21-10-2025 15:00,Z5,28.53,73.82,0,80.44,27.43,60677,Low
21-10-2025 16:00,Z5,27.62,80.25,0,80.92,25.55,44664,Low
21-10-2025 17:00,Z5,27.49,78.29,0,80.99,26.09,23547,Low
21-10-2025 18:00,Z5,24.69,78.6,0,80.61,22.71,2006,Low
21-10-2025 19:00,Z5,23.94,83.26,0,80.32,22.16,448,Low
21-10-2025 20:00,Z5,23.48,80.11,0,80.15,21.74,2357,Low
21-10-2025 21:00,Z5,21.24,88.33,0,79.91,19.6,0,Low
21-10-2025 22:00,Z5,21.25,91.06,0,79.95,20.12,6,Low
21-10-2025 23:00,Z5,20.48,91.52,0,80.05,19.18,495,Low
22-10-2025 00:00,Z5,20.38,89.84,0,80.45,19.06,0,Low
22-10-2025 01:00,Z5,20.31,88.71,0,79.91,18.64,0,Low
22-10-2025 02:00,Z5,20.57,86.99,0,79.62,18.23,2803,Low
22-10-2025 03:00,Z5,22.01,87.19,0,79.7,20.77,0,Low
22-10-2025 04:00,Z5,22.17,84.73,0.5,80.83,20.75,2730,Low
22-10-2025 05:00,Z5,23.85,81.83,0,80.62,21.93,0,Low
22-10-2025 06:00,Z5,24.81,79.18,0,81.16,23.56,478,Low
22-10-2025 07:00,Z5,25.71,84.02,0,81.04,24.28,21624,Low
22-10-2025 08:00,Z5,27.6,80.97,0,81.37,25.97,41224,Low
22-10-2025 09:00,Z5,27.13,79.94,0,80.94,25.17,64722,Low
22-10-2025 10:00,Z5,28.24,74.07,0,80.36,26.98,75183,Low
22-10-2025 11:00,Z5,29.25,73.11,0,80.34,27.76,85781,Low
22-10-2025 12:00,Z5,29.44,76.83,0,80.22,28.47,88561,Low
22-10-2025 13:00,Z5,27.91,77.21,0,80.14,26.79,83159,Low
22-10-2025 14:00,Z5,28.51,79.28,0,79.76,26.8,73872,Low
22-10-2025 15:00,Z5,27.69,74.06,0,79.4,25.97,63174,Low
22-10-2025 16:00,Z5,25.71,83.01,0,79.56,23.42,46357,Low
22-10-2025 17:00,Z5,26.55,80.26,0,79.74,25.58,20496,Low
22-10-2025 18:00,Z5,23.38,84.53,0,79.78,21.64,0,Low
22-10-2025 19:00,Z5,23.42,86.1,0,80.09,21.25,32,Low
22-10-2025 20:00,Z5,23.22,83.98,0,79.67,21.76,0,Low
22-10-2025 21:00,Z5,20.52,88.3,0,79.56,18.5,0,Low
22-10-2025 22:00,Z5,21.17,89.28,0,79.56,20.1,773,Low
22-10-2025 23:00,Z5,20.42,90.78,0,79.08,18.66,0,Low
23-10-2025 00:00,Z5,19.89,87.87,0,79.26,18.02,1781,Low
23-10-2025 01:00,Z5,19.83,86.21,0,79.36,17.86,255,Low
23-10-2025 02:00,Z5,20.87,87.92,0,79.16,19.34,0,Low
23-10-2025 03:00,Z5,21.04,86.86,0,79.62,19.25,55,Low
23-10-2025 04:00,Z5,22.35,85.15,0,79.98,20.29,0,Low
23-10-2025 05:00,Z5,24.55,86.95,0,79.23,22.75,3693,Low
23-10-2025 06:00,Z5,24.76,81.92,0,79.66,22.57,2701,Low
23-10-2025 07:00,Z5,26.03,78.42,0,79.85,25.02,24785,Low
23-10-2025 08:00,Z5,26.8,79.62,0,80.13,24.85,46030,Low
23-10-2025 09:00,Z5,28.4,76.49,0,79.83,26.41,59942,Low
23-10-2025 10:00,Z5,27.37,79,0,80.04,26.56,72638,Low
23-10-2025 11:00,Z5,28.43,74.35,0,79.49,27.03,82160,Low
23-10-2025 12:00,Z5,29.64,77.17,0,79.02,27.83,85247,Low
23-10-2025 13:00,Z5,28.83,74.49,0,79.36,27.92,85312,Low
23-10-2025 14:00,Z5,27.7,77.5,0,79.02,26.16,75170,Low
23-10-2025 15:00,Z5,27.98,75.46,0,78.9,26.14,61429,Low
23-10-2025 16:00,Z5,27.05,77.64,0,79.18,25.64,45181,Low
23-10-2025 17:00,Z5,25.95,78.34,0,79.18,24.09,21149,Low
23-10-2025 18:00,Z5,25.09,80.53,0,79.39,24.18,1764,Low
23-10-2025 19:00,Z5,23.16,82.29,0,79.52,22.05,1293,Low
23-10-2025 20:00,Z5,22.37,84.83,0,80.44,20.41,1979,Low
23-10-2025 21:00,Z5,21.56,86.94,0,80.28,20.16,0,Low
23-10-2025 22:00,Z5,20.25,89.03,0,80.2,19.04,0,Low
23-10-2025 23:00,Z5,20.45,84.25,0,80.12,18.85,0,Low
24-10-2025 00:00,Z5,19.01,89.28,0,80.16,17.67,0,Low
24-10-2025 01:00,Z5,20.18,87.1,0,80.2,18.12,107,Low
24-10-2025 02:00,Z5,22.03,87.24,0,80.33,20.48,2916,Low
24-10-2025 03:00,Z5,20.33,88.1,0,79.93,18.39,0,Low
24-10-2025 04:00,Z5,21.79,86.57,0,79.7,20.37,2166,Low
24-10-2025 05:00,Z5,24.19,84.71,0,80.27,22.24,770,Low
24-10-2025 06:00,Z5,25.13,81.37,0,80.1,23.84,0,Low
24-10-2025 07:00,Z5,25.45,83.72,0,79.42,23.52,26441,Low
24-10-2025 08:00,Z5,26.92,78.41,0,79.5,24.93,43390,Low
24-10-2025 09:00,Z5,28.74,77.9,0,79.65,27,59950,Low
24-10-2025 10:00,Z5,28.74,75.95,0,79.61,27.45,75223,Low
24-10-2025 11:00,Z5,27.99,78.9,0,79.43,27.13,83970,Low
24-10-2025 12:00,Z5,29.27,76.15,0,79.61,27.66,88919,Low
24-10-2025 13:00,Z5,30.04,72.16,0,80.2,28.3,84236,Low
24-10-2025 14:00,Z5,29.31,75.99,0,79.74,27.45,77143,Low
24-10-2025 15:00,Z5,28.32,79.29,0,79.77,27.21,57736,Low
24-10-2025 16:00,Z5,26.9,79.02,0,79.41,26.02,46184,Low
24-10-2025 17:00,Z5,25.86,83.17,0,79.33,25.44,21792,Low
24-10-2025 18:00,Z5,24.44,83.97,0,79.25,22.95,338,Low
24-10-2025 19:00,Z5,23.84,83.68,0,79.52,22.01,3492,Low
24-10-2025 20:00,Z5,22.88,87.21,0,79.1,20.94,252,Low
24-10-2025 21:00,Z5,20.73,87.48,0,79.46,19.45,414,Low
24-10-2025 22:00,Z5,21.78,86.91,0,79.94,20.21,0,Low
24-10-2025 23:00,Z5,20.72,86.93,0,79.44,19.69,1748,Low
25-10-2025 00:00,Z5,21.18,86.18,0,79.33,19.04,0,Low
25-10-2025 01:00,Z5,19.56,90.32,0,79.35,17.62,1583,Low
25-10-2025 02:00,Z5,21.2,89.85,0,79.19,19.27,0,Low
25-10-2025 03:00,Z5,21.77,86.11,0,79.07,20.29,1174,Low
25-10-2025 04:00,Z5,22.08,83.14,0,78.63,21.05,754,Low
25-10-2025 05:00,Z5,22.77,85.85,0,78.37,21.4,0,Low
25-10-2025 06:00,Z5,24,82.39,0,78.4,22.5,835,Low
25-10-2025 07:00,Z5,26.7,79.44,0,78.75,24.79,25965,Low
25-10-2025 08:00,Z5,26.81,82.68,0,78.97,24.04,43056,Low
25-10-2025 09:00,Z5,27.56,78.9,0,77.99,26.13,59532,Low
25-10-2025 10:00,Z5,29.05,77.21,0,77.67,27.91,73826,Low
25-10-2025 11:00,Z5,28.47,74.5,0,77.47,26.25,83073,Low
25-10-2025 12:00,Z5,28.45,88.81,10,89.91,27.12,45800,Low
25-10-2025 13:00,Z5,29.75,75.35,0,89.75,27.87,82706,Low
25-10-2025 14:00,Z5,29.11,77.16,0,89.31,28.36,78806,Low
25-10-2025 15:00,Z5,28.24,76.16,0,89.24,26.99,63116,Low
25-10-2025 16:00,Z5,28.43,73.38,0,88.89,27.16,41522,Low
25-10-2025 17:00,Z5,26.15,81.19,0,88.91,24.67,25766,Low
25-10-2025 18:00,Z5,24.76,83.35,0,88.86,23.66,1169,Low
25-10-2025 19:00,Z5,23.25,82.01,0,88.64,21.04,0,Low
25-10-2025 20:00,Z5,23.39,85.01,0,88.11,22.02,0,Low
25-10-2025 21:00,Z5,21.87,85.6,0,88.35,20.73,0,Low
25-10-2025 22:00,Z5,21,89.55,0,88.04,20.37,662,Low
25-10-2025 23:00,Z5,20.26,90.99,0.5,88.45,18.52,1712,Low
26-10-2025 00:00,Z5,20.09,90.2,0,88.89,19.08,1993,Low
26-10-2025 01:00,Z5,20.15,91.05,0,88.93,18.86,1442,Low
26-10-2025 02:00,Z5,19.97,87.92,0,89.26,18.88,1824,Low
26-10-2025 03:00,Z5,21.78,88.35,0,89.29,20.38,0,Low
26-10-2025 04:00,Z5,22.71,85.26,0,89.44,21.88,0,Low
26-10-2025 05:00,Z5,22.94,83.26,0,89.51,21.88,0,Low
26-10-2025 06:00,Z5,24.95,81.42,0,89,22.59,0,Low
26-10-2025 07:00,Z5,25.11,81.81,0,89,23.52,19121,Low
26-10-2025 08:00,Z5,27.37,78.6,0,89.38,25.63,42622,Low
26-10-2025 09:00,Z5,28.24,78.46,0,89.5,26.28,59751,Low
26-10-2025 10:00,Z5,27.72,79.11,0,89.51,26.16,75713,Low
26-10-2025 11:00,Z5,29.58,74.05,0,89.4,27.77,85532,Low
26-10-2025 12:00,Z5,30.57,74.62,0,89.78,29.04,90476,Low
26-10-2025 13:00,Z5,29.91,75.64,0,89.73,28.38,83604,Low
26-10-2025 14:00,Z5,28.12,78.24,0,89.66,26.71,76906,Low
26-10-2025 15:00,Z5,28.31,77.89,0,89.96,26.46,64087,Low
26-10-2025 16:00,Z5,26.54,80.91,0,90,25.1,40827,Low
26-10-2025 17:00,Z5,25.91,78.92,0,89.92,24.74,23297,Low
26-10-2025 18:00,Z5,24.61,81.22,0,89.99,22.68,0,Low
26-10-2025 19:00,Z5,23.41,82.42,0,90,21.62,0,Low
26-10-2025 20:00,Z5,22.16,86.62,0,90,19.94,1781,Low
26-10-2025 21:00,Z5,21.24,85.79,0,90,19.11,0,Low
26-10-2025 22:00,Z5,21.89,86.4,0,90,20.65,1213,Low
26-10-2025 23:00,Z5,21.12,87.98,0,90,18.87,866,Low
27-10-2025 00:00,Z5,20.29,85.39,0,89.91,18.6,844,Low
27-10-2025 01:00,Z5,20.63,88.57,0,90,19,1406,Low
27-10-2025 02:00,Z5,19.97,88.06,0,89.33,18.61,1741,Low
27-10-2025 03:00,Z5,22.66,87.6,0,88.89,22.21,0,Low
27-10-2025 04:00,Z5,23.05,85.06,0,89.4,22.14,0,Low
27-10-2025 05:00,Z5,23.21,84.59,0,89.33,21.59,0,Low
27-10-2025 06:00,Z5,23.94,83.85,0,89.57,22.67,0,Low
27-10-2025 07:00,Z5,26.47,80.43,0,89.86,25.91,19472,Low
27-10-2025 08:00,Z5,26.44,82.26,0,90,25.3,43094,Low
27-10-2025 09:00,Z5,28.04,77.39,0,89.92,27.3,59617,Low
27-10-2025 10:00,Z5,28.43,78.22,0,89.71,27.3,77509,Low
27-10-2025 11:00,Z5,28.89,78.57,0,89.74,26.83,83809,Low
27-10-2025 12:00,Z5,28.71,77.07,0,89.86,26.77,84785,Low
27-10-2025 13:00,Z5,28.95,79.96,0,89.8,27.99,84982,Low
27-10-2025 14:00,Z5,28.74,74.38,0,89.8,27.52,74976,Low
27-10-2025 15:00,Z5,28.15,75.25,0,89.38,26.5,64067,Low
27-10-2025 16:00,Z5,26.83,76.48,0,89.02,25.64,45845,Low
27-10-2025 17:00,Z5,24.7,86.17,0,89.09,23.3,22674,Low
27-10-2025 18:00,Z5,24.13,81.1,0,89.35,22.74,812,Low
27-10-2025 19:00,Z5,24.5,81.26,0,89.57,24,0,Low
27-10-2025 20:00,Z5,21.77,83.97,0,89.01,20.22,0,Low
27-10-2025 21:00,Z5,20.48,85.79,0,88.19,19.49,929,Low
27-10-2025 22:00,Z5,21.05,88.27,0,88.21,19.71,1205,Low
27-10-2025 23:00,Z5,19.44,90.32,0,88.39,18.01,0,Low
28-10-2025 00:00,Z5,19.99,88.01,0,88.44,18.56,2293,Low
28-10-2025 01:00,Z5,20.21,90.28,0,88.49,19.33,136,Low
28-10-2025 02:00,Z5,19.89,87.95,0,88.95,17.98,0,Low
28-10-2025 03:00,Z5,20.98,85.11,0,89.31,19.58,0,Low
28-10-2025 04:00,Z5,22.58,83.69,0,90,20.71,0,Low
28-10-2025 05:00,Z5,23.55,84.98,0,89.23,22.5,523,Low
28-10-2025 06:00,Z5,24.46,84.16,0,89.64,23.42,2609,Low
28-10-2025 07:00,Z5,25.21,82.13,0,89.91,23.08,22452,Low
28-10-2025 08:00,Z5,27.43,77.79,0,89.5,25.48,43644,Low
28-10-2025 09:00,Z5,27.99,75.08,0,89.58,26.16,61497,Low
28-10-2025 10:00,Z5,28.67,76.68,0,89.42,28.19,77539,Low
28-10-2025 11:00,Z5,28.03,78.99,0,89.46,26.42,86665,Low
28-10-2025 12:00,Z5,28.45,78.02,0,89.54,27.09,85481,Low
28-10-2025 13:00,Z5,28.47,76.13,0,89.16,27.22,87329,Low
28-10-2025 14:00,Z5,28.63,76.68,0,89.65,26.26,78793,Low
28-10-2025 15:00,Z5,27.76,76.88,0,89.74,26.9,60429,Low
28-10-2025 16:00,Z5,25.85,80.17,0,89.87,24.6,44175,Low
28-10-2025 17:00,Z5,26.1,75.95,0,89.95,25.01,19675,Low
28-10-2025 18:00,Z5,24.64,78.86,0,89.93,22.47,4543,Low
28-10-2025 19:00,Z5,23.72,82.07,0,90,22.49,0,Low
28-10-2025 20:00,Z5,21.93,87.59,0.2,90,20.31,1162,Low
28-10-2025 21:00,Z5,20.78,85.89,0,90,18.84,1283,Low
28-10-2025 22:00,Z5,20.76,87.66,0,90,20.07,0,Low
28-10-2025 23:00,Z5,20.47,87.26,0,90,19.14,0,Low
29-10-2025 00:00,Z5,20.66,87.11,0,89.85,19.18,0,Low
29-10-2025 01:00,Z5,20.29,89.52,0,90,18.87,0,Low
29-10-2025 02:00,Z5,20.78,87.31,0,89.7,19.72,1866,Low
29-10-2025 03:00,Z5,20.98,89.67,0,89.36,19.89,62,Low
29-10-2025 04:00,Z5,22.62,85.08,0,89.48,20.85,1395,Low
29-10-2025 05:00,Z5,22.05,86.1,0,89.42,21.43,1685,Low
29-10-2025 06:00,Z5,23.96,84.28,0,88.75,22.61,1075,Low
29-10-2025 07:00,Z5,26.13,78.82,0,88.33,24.58,18527,Low
29-10-2025 08:00,Z5,27.46,80.04,0,88.16,26.45,44475,Low
29-10-2025 09:00,Z5,28.16,81.09,0,88.08,26.45,63367,Low
29-10-2025 10:00,Z5,28.16,78.84,0,87.64,26.69,77653,Low
29-10-2025 11:00,Z5,29.6,76.82,0,87.51,27.97,88099,Low
29-10-2025 12:00,Z5,28.95,76.78,0,87.2,26.93,87991,Low
29-10-2025 13:00,Z5,30.16,77.73,0,86.91,28.63,85503,Low
29-10-2025 14:00,Z5,28.18,80.19,0,87.1,27.05,78260,Low
29-10-2025 15:00,Z5,29.21,78.26,0,87.03,27.72,63221,Low
29-10-2025 16:00,Z5,27.33,80.61,0,86.77,25.86,43495,Low
29-10-2025 17:00,Z5,25.72,81.2,0,86.88,24.6,23984,Low
29-10-2025 18:00,Z5,26.02,79.9,0,86.93,24.34,0,Low
29-10-2025 19:00,Z5,23.1,83.43,0,86.97,21.63,1089,Low
29-10-2025 20:00,Z5,22.88,82.35,0,87.15,20.52,0,Low
29-10-2025 21:00,Z5,21.66,85.48,0,87.12,20.54,1314,Low
29-10-2025 22:00,Z5,22.41,87.06,0,87.51,20.85,1617,Low
29-10-2025 23:00,Z5,20.05,88.62,0,87.32,18.6,0,Low
30-10-2025 00:00,Z5,20.37,90.33,0,87.1,18.95,0,Low
30-10-2025 01:00,Z5,19.74,88.62,0,86.87,17.74,1154,Low
30-10-2025 02:00,Z5,21.3,90.26,0,87.44,19.17,2729,Low
30-10-2025 03:00,Z5,21.66,85.48,0,87.23,19.84,0,Low
30-10-2025 04:00,Z5,22.26,89.85,1,88.88,21,0,Low
30-10-2025 05:00,Z5,23.56,82.82,0,89.12,22.65,3267,Low
30-10-2025 06:00,Z5,24.04,81.1,0,89.55,22.62,0,Low
30-10-2025 07:00,Z5,26.06,79.2,0,89.63,23.73,22728,Low
30-10-2025 08:00,Z5,26.57,81.68,0,89.7,25.1,46527,Low
30-10-2025 09:00,Z5,27.08,78.71,0,89.39,26.03,64525,Low
30-10-2025 10:00,Z5,28.02,76.19,0,88.57,27.14,72159,Low
30-10-2025 11:00,Z5,31.2,76.95,0,88.39,29.65,85499,Low
30-10-2025 12:00,Z5,28.6,76.97,0,87.73,27.21,88194,Low
30-10-2025 13:00,Z5,30.41,75.45,0,87.54,28.1,87234,Low
30-10-2025 14:00,Z5,28.84,79.04,0,87.81,26.89,80132,Low
30-10-2025 15:00,Z5,27.99,79.03,0,87.72,27.59,62861,Low
30-10-2025 16:00,Z5,27.01,79.42,0,87.44,25.23,48402,Low
30-10-2025 17:00,Z5,26.53,78.79,0,86.89,25.2,21146,Low
30-10-2025 18:00,Z5,24.26,80.6,0,86.63,22.73,0,Low
30-10-2025 19:00,Z5,23.53,83.9,0,86.36,21.73,3527,Low
30-10-2025 20:00,Z5,22.49,87.34,0,86.85,21.01,2682,Low
30-10-2025 21:00,Z5,20.91,89.07,0,87.32,19.53,0,Low
30-10-2025 22:00,Z5,20.85,85.31,0,87.56,19.49,239,Low
30-10-2025 23:00,Z5,19.71,90.17,0,87.54,18.33,47,Low
31-10-2025 00:00,Z5,20.08,87.14,0,87.41,19.78,0,Low
31-10-2025 01:00,Z5,21.67,90.9,1,87.99,19.81,0,Low
31-10-2025 02:00,Z5,20.06,90.65,0,87.87,18.46,1679,Low
31-10-2025 03:00,Z5,20.85,88.82,0,88.07,19.33,118,Low
31-10-2025 04:00,Z5,21.54,86.17,0,87.87,20.54,0,Low
31-10-2025 05:00,Z5,23.98,82.33,0,87.83,21.94,0,Low
31-10-2025 06:00,Z5,25.28,80.7,0,87.97,24.16,1137,Low
31-10-2025 07:00,Z5,26.21,77.46,0,87.53,24.92,24355,Low
31-10-2025 08:00,Z5,27.05,79.61,0,87.85,25.53,44140,Low
31-10-2025 09:00,Z5,26.5,80.86,0,88.35,25.47,61079,Low
31-10-2025 10:00,Z5,28.23,74.11,0,88.93,26.61,78064,Low
31-10-2025 11:00,Z5,28.92,77.82,0.5,88.86,27.16,44693,Low
31-10-2025 12:00,Z5,29.74,75.82,0,88.9,28.6,89377,Low
31-10-2025 13:00,Z5,28.93,77.38,0,88.92,27.11,82636,Low
31-10-2025 14:00,Z5,28.95,72.42,0,88.76,27.05,75995,Low
31-10-2025 15:00,Z5,28.32,78.18,0,88.89,26.72,64786,Low
31-10-2025 16:00,Z5,27.81,74.27,0,88.36,26.07,44250,Low
31-10-2025 17:00,Z5,24.58,84.56,0,88.5,22.96,20992,Low
31-10-2025 18:00,Z5,25.23,78.15,0,88.15,23.07,0,Low
31-10-2025 19:00,Z5,23.58,85.03,0,87.92,21.87,4888,Low
31-10-2025 20:00,Z5,22.82,83.29,0,88.1,21.67,4063,Low
31-10-2025 21:00,Z5,21.39,84.7,0,87.9,19.84,0,Low
31-10-2025 22:00,Z5,21.17,82.14,0,87.62,19.78,0,Low
31-10-2025 23:00,Z5,20.95,88.31,0,87.06,20.01,887,Low
01-08-2025 00:00,Z6,25.09,76.62,0,44.98,23.04,493,Medium
01-08-2025 01:00,Z6,25.36,77.34,0,44.78,23.71,0,Medium
01-08-2025 02:00,Z6,25.62,75.7,0,44.51,22.89,0,Medium
01-08-2025 03:00,Z6,26.53,76.36,0,44.82,25.42,1453,Medium
01-08-2025 04:00,Z6,27.69,74.16,0,45.38,26.42,457,Medium
01-08-2025 05:00,Z6,28.78,74.46,0,45.17,27.48,76,Medium
01-08-2025 06:00,Z6,29.97,76.92,2,48.04,28.84,0,Medium
01-08-2025 07:00,Z6,30.66,71.35,0,47.7,28.48,10501,Medium
01-08-2025 08:00,Z6,33.25,65.81,0,47.63,31.19,23013,Medium
01-08-2025 09:00,Z6,32.91,80.51,10,59.61,31.99,19456,Low
01-08-2025 10:00,Z6,33.34,62.55,0,59.01,31.89,43746,Low
01-08-2025 11:00,Z6,33.83,65.45,0,58.89,32.83,45771,Low
01-08-2025 12:00,Z6,34.73,63.18,0,58.45,32.88,44673,Low
01-08-2025 13:00,Z6,34.16,66.16,0,58.83,32.53,48298,Low
01-08-2025 14:00,Z6,34.02,63.78,0,58.58,32.93,42461,Low
01-08-2025 15:00,Z6,33.5,65.51,0,58.84,32.41,33353,Low
01-08-2025 16:00,Z6,31.53,65.31,0,58.28,30.13,21972,Low
01-08-2025 17:00,Z6,31.17,70.33,0,58.11,29.45,11262,Low
01-08-2025 18:00,Z6,30,69.99,0,57.95,28.75,0,Low
01-08-2025 19:00,Z6,29.93,69.49,0,58.2,28.55,0,Low
01-08-2025 20:00,Z6,28.13,73.31,0,57.76,26.54,0,Low
01-08-2025 21:00,Z6,26.87,74.86,0,57.39,25.59,0,Low
01-08-2025 22:00,Z6,26.16,76.66,0,57.4,24.75,0,Low
01-08-2025 23:00,Z6,25.23,74.42,0,57.17,23.41,393,Low
02-08-2025 00:00,Z6,26.44,78.75,0,56.65,24.55,1160,Low
02-08-2025 01:00,Z6,25.5,77.34,0,56.23,23.89,0,Low
02-08-2025 02:00,Z6,26.86,75.23,0,56.66,24.77,706,Low
02-08-2025 03:00,Z6,27,80.16,1,57.75,24.91,0,Low
02-08-2025 04:00,Z6,26.71,74.27,0,57.4,25.6,2807,Low
02-08-2025 05:00,Z6,28.81,86.62,5,63.75,27.45,0,Low
02-08-2025 06:00,Z6,30.31,69.8,0,63.68,28.63,0,Low
02-08-2025 07:00,Z6,30.56,70.72,0,63.4,29.13,14207,Low
02-08-2025 08:00,Z6,32.41,66.96,0,63.05,30.37,21136,Low
02-08-2025 09:00,Z6,32.52,70.52,1,63.74,31.03,19692,Low
02-08-2025 10:00,Z6,34.91,63.29,0,63.64,32.83,38236,Low
02-08-2025 11:00,Z6,34.68,62.62,0,63.86,33.19,45032,Low
02-08-2025 12:00,Z6,34.1,64.68,0,63.53,33.35,48204,Low
02-08-2025 13:00,Z6,35.45,74.59,5,69.47,33.6,23113,Low
02-08-2025 14:00,Z6,34.47,65.14,0,69.32,33.69,38862,Low
02-08-2025 15:00,Z6,33.01,69.12,0,69.54,31.79,36132,Low
02-08-2025 16:00,Z6,31.88,65.38,0,69.51,30.2,23972,Low
02-08-2025 17:00,Z6,30.84,70.21,0,69.77,29.29,12286,Low
02-08-2025 18:00,Z6,30.4,67.81,0,70.32,29.29,231,Low
02-08-2025 19:00,Z6,29.41,70,0,70.53,27.84,656,Low
02-08-2025 20:00,Z6,28.09,74.1,0,70.67,26.44,0,Low
02-08-2025 21:00,Z6,27.61,75.33,0,70.67,26.6,2586,Low
02-08-2025 22:00,Z6,25.98,74.95,0,70.42,24.73,1274,Low
02-08-2025 23:00,Z6,26.82,74.72,0,70.64,26.08,0,Low
03-08-2025 00:00,Z6,25.23,77.57,0,70.57,24.24,0,Low
03-08-2025 01:00,Z6,25.9,77.8,0,70.17,24.66,0,Low
03-08-2025 02:00,Z6,26.28,79.28,0.2,70.65,24.62,1806,Low
03-08-2025 03:00,Z6,27.01,74.33,0.2,70.8,25.51,1664,Low
03-08-2025 04:00,Z6,27.14,76.52,0,70.88,25.74,1646,Low
03-08-2025 05:00,Z6,29.29,75.98,0,71.27,28.36,1928,Low
03-08-2025 06:00,Z6,30.04,68.48,0,70.84,28.64,0,Low
03-08-2025 07:00,Z6,31.42,68.9,0,71.11,29.72,13137,Low
03-08-2025 08:00,Z6,32.39,66.69,0,70.95,30.83,26637,Low
03-08-2025 09:00,Z6,34.66,63.42,0,70.98,33.86,36331,Low
03-08-2025 10:00,Z6,33.59,64.14,0,71.35,32.18,45127,Low
03-08-2025 11:00,Z6,34.88,59.52,0,71.19,33.1,46272,Low
03-08-2025 12:00,Z6,34.63,80.75,10,83,33.39,23999,Low
03-08-2025 13:00,Z6,34.39,65.55,0,83.13,33.7,46009,Low
03-08-2025 14:00,Z6,33.56,65.18,0,83.23,31.45,44119,Low
03-08-2025 15:00,Z6,32.58,75.02,2,85.39,31.33,17180,Low
03-08-2025 16:00,Z6,32.2,69.55,0,84.94,30.44,27866,Low
03-08-2025 17:00,Z6,31.4,65.68,0,84.71,30.29,10838,Low
03-08-2025 18:00,Z6,29.4,73.42,0,85.01,28.18,825,Low
03-08-2025 19:00,Z6,29.12,69.81,0.5,85.29,27.18,3299,Low
03-08-2025 20:00,Z6,27.32,81.86,2,88.13,26.15,0,Low
03-08-2025 21:00,Z6,27.07,73.29,0,88.03,25.37,4496,Low
03-08-2025 22:00,Z6,26.14,77.83,0,87.87,25.41,0,Low
03-08-2025 23:00,Z6,26.32,75.03,0.2,88.61,24.37,1398,Low
04-08-2025 00:00,Z6,24.71,76.9,0,87.95,22.73,563,Low
04-08-2025 01:00,Z6,24.96,72.88,0,87.73,23.09,274,Low
04-08-2025 02:00,Z6,25.87,74.85,0,87.89,24.61,3433,Low
04-08-2025 03:00,Z6,26.07,76.17,0,87.67,23.86,591,Low
04-08-2025 04:00,Z6,27.23,70.89,0,87.65,25.7,2957,Low
04-08-2025 05:00,Z6,27.82,75.82,1,89.02,26.26,0,Low
04-08-2025 06:00,Z6,29.64,73.98,0,89.01,27.96,0,Low
04-08-2025 07:00,Z6,30.66,70.97,0,89.03,29.62,13897,Low
04-08-2025 08:00,Z6,31.11,68.31,0,89.07,29.13,23873,Low
04-08-2025 09:00,Z6,33.18,65.01,0,88.29,31.05,34684,Low
04-08-2025 10:00,Z6,33.24,63.27,0,88.48,31.87,41781,Low
04-08-2025 11:00,Z6,34.22,66.68,0,88.3,32.46,46001,Low
04-08-2025 12:00,Z6,34.53,62.78,0.2,88.27,32.64,23880,Low
04-08-2025 13:00,Z6,33.86,68.58,1,89.93,32.42,21349,Low
04-08-2025 14:00,Z6,35.41,63.19,0,89.77,33.86,42618,Low
04-08-2025 15:00,Z6,32.64,68.21,0,89.63,31.55,30322,Low
04-08-2025 16:00,Z6,31.64,67.38,0,89.9,30.15,25455,Low
04-08-2025 17:00,Z6,30.34,70.1,0,89.71,29.23,12472,Low
04-08-2025 18:00,Z6,29.66,71.8,0,90,28.22,0,Low
04-08-2025 19:00,Z6,29.29,72.01,0,90,27.39,0,Low
04-08-2025 20:00,Z6,27.82,71.99,0,89.49,26.35,950,Low
04-08-2025 21:00,Z6,26.88,78.59,0.2,89.46,26.23,0,Low
04-08-2025 22:00,Z6,26.03,76.13,0,89.27,24.21,1042,Low
04-08-2025 23:00,Z6,25.6,78.6,0,89.13,23.96,571,Low
05-08-2025 00:00,Z6,25.88,75.24,0,89.64,24.53,3051,Low
05-08-2025 01:00,Z6,24.9,78.85,0,89.83,23.1,0,Low
05-08-2025 02:00,Z6,26.32,76.54,0,89.85,25.67,0,Low
05-08-2025 03:00,Z6,27.34,75.24,0,90,26.16,0,Low
05-08-2025 04:00,Z6,28.32,70.32,0,89.76,27.25,0,Low
05-08-2025 05:00,Z6,29.03,68.78,0,90,27.64,105,Low
05-08-2025 06:00,Z6,30.33,71.76,0,89.74,28.52,0,Low
05-08-2025 07:00,Z6,30.09,71.38,0,89.63,28.1,18333,Low
05-08-2025 08:00,Z6,31.19,70.43,0,89.67,29.94,27109,Low
05-08-2025 09:00,Z6,33.32,65.84,0,89.66,32.35,34012,Low
05-08-2025 10:00,Z6,34.53,65.67,0.2,89.8,32.69,18488,Low
05-08-2025 11:00,Z6,34.57,62.28,0,89.62,33.26,48712,Low
05-08-2025 12:00,Z6,35.16,62.96,0,89.79,34.36,46615,Low
05-08-2025 13:00,Z6,35.68,62.64,0,89.4,34.39,46843,Low
05-08-2025 14:00,Z6,34.59,65.55,0.5,90,33.09,19157,Low
05-08-2025 15:00,Z6,34.09,65.12,0,89.87,32.81,34897,Low
05-08-2025 16:00,Z6,31.7,66.07,0,89.9,30.23,28442,Low
05-08-2025 17:00,Z6,31.24,71.77,0.2,90,29.66,5952,Low
05-08-2025 18:00,Z6,30.17,67.62,0,89.92,28.75,1531,Low
05-08-2025 19:00,Z6,30.01,69.89,0,90,29.02,1244,Low
05-08-2025 20:00,Z6,27.97,72.74,0,90,25.85,0,Low
05-08-2025 21:00,Z6,26.88,75.04,0,90,25.74,0,Low
05-08-2025 22:00,Z6,25.43,74.98,0,89.83,23.53,1383,Low
05-08-2025 23:00,Z6,26.77,71.74,0,89.94,25.31,0,Low
06-08-2025 00:00,Z6,25.71,74.35,0,90,23.84,0,Low
06-08-2025 01:00,Z6,25.37,76.88,0,89.88,23.9,0,Low
06-08-2025 02:00,Z6,26.41,75.94,0,90,25.64,3812,Low
06-08-2025 03:00,Z6,25.87,74.35,0,89.78,23.49,0,Low
06-08-2025 04:00,Z6,26.78,75.8,0,89.74,26.2,484,Low
06-08-2025 05:00,Z6,28.57,73.19,1,90,27.62,0,Low
06-08-2025 06:00,Z6,30.98,69.54,0,89.64,29.38,2212,Low
06-08-2025 07:00,Z6,30.5,70.17,0.2,90,28.62,7852,Low
06-08-2025 08:00,Z6,31.91,71.6,0,90,31.1,23327,Low
06-08-2025 09:00,Z6,33.7,63.35,0,89.84,32.11,33964,Low
06-08-2025 10:00,Z6,33.93,65.1,0,89.67,32.58,40632,Low
06-08-2025 11:00,Z6,34.28,63.58,0,89.72,32.6,46118,Low
06-08-2025 12:00,Z6,33.63,66.26,0,89.69,32.17,48368,Low
06-08-2025 13:00,Z6,34.45,61.15,0,89.7,33.24,46890,Low
06-08-2025 14:00,Z6,34.01,66.24,0,89.8,33.53,44186,Low
06-08-2025 15:00,Z6,33.37,64.46,0,90,32.39,32080,Low
06-08-2025 16:00,Z6,31.82,66.31,0,89.59,30.29,24822,Low
06-08-2025 17:00,Z6,30.9,67.47,0,89.15,28.96,14640,Low
06-08-2025 18:00,Z6,29.29,71.26,0,89.04,27.58,0,Low
06-08-2025 19:00,Z6,29.7,71.19,0,88.83,28.2,2315,Low
06-08-2025 20:00,Z6,27.41,72.1,0,89.19,26.44,2719,Low
06-08-2025 21:00,Z6,26.47,72.35,0,89.39,24.92,2290,Low
06-08-2025 22:00,Z6,26.48,82.44,2,90,25.12,1795,Low
06-08-2025 23:00,Z6,25.72,75.92,0,89.62,24.27,4372,Low
07-08-2025 00:00,Z6,26.68,75.24,0,89.87,25.08,1269,Low
07-08-2025 01:00,Z6,25.68,75.74,0.5,90,24.23,0,Low
07-08-2025 02:00,Z6,25.74,76.99,0,90,24.01,0,Low
07-08-2025 03:00,Z6,26.32,80.36,0.5,90,24.02,202,Low
07-08-2025 04:00,Z6,27.95,72.17,0,90,26.31,665,Low
07-08-2025 05:00,Z6,28.79,71.71,0,90,26.43,1897,Low
07-08-2025 06:00,Z6,29.79,70.62,0,90,27.77,0,Low
07-08-2025 07:00,Z6,31.03,65.38,0,89.62,29.73,11109,Low
07-08-2025 08:00,Z6,32.24,69.72,0,89.69,31.06,26331,Low
07-08-2025 09:00,Z6,33.97,63.97,0,90,31.67,31966,Low
07-08-2025 10:00,Z6,33.98,65.33,0,90,32.63,38726,Low
07-08-2025 11:00,Z6,34.76,63.85,0,89.42,33.5,46387,Low
07-08-2025 12:00,Z6,34.08,77.72,5,90,32.52,23255,Low
07-08-2025 13:00,Z6,33.14,61.6,0,90,31.16,47044,Low
07-08-2025 14:00,Z6,33.76,68.47,0,90,31.95,40647,Low
07-08-2025 15:00,Z6,33.85,62.09,0,89.62,32.18,29836,Low
07-08-2025 16:00,Z6,32.44,69.2,0,89.07,30.55,23369,Low
07-08-2025 17:00,Z6,31,68.4,0,88.37,29,12224,Low
07-08-2025 18:00,Z6,29.78,70.37,0,88.64,27.53,1048,Low
07-08-2025 19:00,Z6,28.99,70.78,0,88.35,27.32,0,Low
07-08-2025 20:00,Z6,27.74,79.01,2,90,26.3,902,Low
07-08-2025 21:00,Z6,27.22,72.9,0,89.64,25.82,0,Low
07-08-2025 22:00,Z6,24.93,78.45,0,89.72,23.09,0,Low
07-08-2025 23:00,Z6,26.07,75.53,0,89.64,24.6,0,Low
08-08-2025 00:00,Z6,25.82,76.26,0,89.17,24.05,2363,Low
08-08-2025 01:00,Z6,25.24,75.22,0,89.49,24.64,0,Low
08-08-2025 02:00,Z6,26.22,75.45,0,89.53,25.36,220,Low
08-08-2025 03:00,Z6,27.07,75.33,0,89.64,25.71,0,Low
08-08-2025 04:00,Z6,27.28,71.8,0,89.88,26.12,2221,Low
08-08-2025 05:00,Z6,28.61,71.98,0,89.78,27.06,1515,Low
08-08-2025 06:00,Z6,30.05,69.64,0.2,90,28.1,0,Low
08-08-2025 07:00,Z6,31.14,69.75,0,89.18,30.06,14393,Low
08-08-2025 08:00,Z6,33.28,68.22,0,89.34,31.54,23122,Low
08-08-2025 09:00,Z6,33.21,66.42,0.2,89.59,31.8,14666,Low
08-08-2025 10:00,Z6,34.96,65.17,0,89.77,33.7,42463,Low
08-08-2025 11:00,Z6,33.61,63.16,0.2,90,32.16,25743,Low
08-08-2025 12:00,Z6,35.56,62.6,0,89.6,34.22,47943,Low
08-08-2025 13:00,Z6,33.02,62.08,0,89.31,30.82,46235,Low
08-08-2025 14:00,Z6,33.39,63.1,0,89.03,31.87,41764,Low
08-08-2025 15:00,Z6,32.87,66.43,0,89.25,31.78,31506,Low
08-08-2025 16:00,Z6,32.18,67.98,0,88.88,30.34,23404,Low
08-08-2025 17:00,Z6,30.7,71.31,0,88.77,29.59,12712,Low
08-08-2025 18:00,Z6,29.68,70.49,0,88.93,28.46,0,Low
08-08-2025 19:00,Z6,28.56,70.65,0,88.6,27.52,314,Low
08-08-2025 20:00,Z6,27.1,71.56,0,88.56,25.51,0,Low
08-08-2025 21:00,Z6,26.34,75.65,0,88.39,25.16,0,Low
08-08-2025 22:00,Z6,25.82,76.8,0,88.19,23.39,1890,Low
08-08-2025 23:00,Z6,24.69,79.74,0,88.26,23.36,3826,Low
09-08-2025 00:00,Z6,25.74,79.55,0.5,88.37,24.13,1073,Low
09-08-2025 01:00,Z6,24.51,79.66,0,88.63,23.26,515,Low
09-08-2025 02:00,Z6,25.63,73.62,0,89,24.09,2391,Low
09-08-2025 03:00,Z6,27.17,74.04,0,89.34,25.46,0,Low
09-08-2025 04:00,Z6,27.51,73.69,0,89.23,26,0,Low
09-08-2025 05:00,Z6,28.16,73,0,89.06,26.36,853,Low
09-08-2025 06:00,Z6,28.79,73.49,0,88.75,27.34,177,Low
09-08-2025 07:00,Z6,31.78,66.29,0,89.01,30.41,11520,Low
09-08-2025 08:00,Z6,32.55,63.11,0,88.82,30.86,23972,Low
09-08-2025 09:00,Z6,32.6,65.46,0,88.6,30.23,35273,Low
09-08-2025 10:00,Z6,33.73,62.08,0,88.19,32.21,36755,Low
09-08-2025 11:00,Z6,34.05,63.91,0,88.39,31.96,47756,Low
09-08-2025 12:00,Z6,34.76,66.06,0,87.95,33.55,48900,Low
09-08-2025 13:00,Z6,34.33,63.22,0,87.65,32.84,43262,Low
09-08-2025 14:00,Z6,34.38,69.64,1,89.26,33.21,21072,Low
09-08-2025 15:00,Z6,32.77,65.43,0,89.09,31,33645,Low
09-08-2025 16:00,Z6,31.79,69.32,0,89.4,29.95,22167,Low
09-08-2025 17:00,Z6,32.3,66.16,0,89.04,30.39,13787,Low
09-08-2025 18:00,Z6,29.91,74.63,0,88.88,28.97,2618,Low
09-08-2025 19:00,Z6,28.98,71.91,0,88.89,27.21,61,Low
09-08-2025 20:00,Z6,27.92,89.97,5,90,26.38,1604,Low
09-08-2025 21:00,Z6,26.78,75.38,0,90,24.55,1175,Low
09-08-2025 22:00,Z6,26.01,73.35,0,89.8,24.41,1939,Low
09-08-2025 23:00,Z6,25.76,75.85,0,89.64,24.14,226,Low
10-08-2025 00:00,Z6,25.74,80.1,0,89.97,23.4,0,Low
10-08-2025 01:00,Z6,25.66,75.32,0,90,24.84,1078,Low
10-08-2025 02:00,Z6,25.6,78.27,0,89.79,24.28,0,Low
10-08-2025 03:00,Z6,26.34,72.83,0,89.35,24.7,145,Low
10-08-2025 04:00,Z6,27.82,74.37,0,89.39,25.91,0,Low
10-08-2025 05:00,Z6,29.54,69.83,0,89.32,28.75,0,Low
10-08-2025 06:00,Z6,29.98,69.33,0,89.46,28.42,0,Low
10-08-2025 07:00,Z6,31.15,68.83,0,89.85,30.08,13784,Low
10-08-2025 08:00,Z6,32.57,66.85,0,89.73,31.72,23879,Low
10-08-2025 09:00,Z6,32.54,68.06,0,90,31.79,37712,Low
10-08-2025 10:00,Z6,34.01,63.2,1,90,32.33,23828,Low
10-08-2025 11:00,Z6,35.81,62.52,0,89.99,34.94,45683,Low
10-08-2025 12:00,Z6,35.34,65.03,0,90,33.37,46888,Low
10-08-2025 13:00,Z6,35.33,61.27,0,89.8,34.3,47870,Low
10-08-2025 14:00,Z6,34.04,63.5,0,89.88,32.72,42142,Low
10-08-2025 15:00,Z6,32.4,68.88,0,89.44,30.63,34222,Low
10-08-2025 16:00,Z6,31.95,70.15,0,88.8,30.02,24817,Low
10-08-2025 17:00,Z6,31.91,66.67,0,89.03,30.98,10996,Low
10-08-2025 18:00,Z6,30.62,69.87,0,89.01,28.71,0,Low
10-08-2025 19:00,Z6,27.56,73.1,0,88.66,25.95,900,Low
10-08-2025 20:00,Z6,28.19,72.7,0,88.78,26.87,1676,Low
10-08-2025 21:00,Z6,26.65,76.21,0,89.2,25.19,5048,Low
10-08-2025 22:00,Z6,24.78,76.63,0,89.11,23.81,0,Low
10-08-2025 23:00,Z6,25.85,74.18,0,89.25,24.4,3026,Low
11-08-2025 00:00,Z6,26.06,73.95,0,88.9,23.91,3639,Low
11-08-2025 01:00,Z6,25.84,76.99,0,89.53,25.09,0,Low
11-08-2025 02:00,Z6,26.51,75.09,0,89.69,24.34,0,Low
11-08-2025 03:00,Z6,26.22,74.35,0,89.74,24.75,4793,Low
11-08-2025 04:00,Z6,28.46,72.11,0,89.28,27.67,547,Low
11-08-2025 05:00,Z6,28.61,73.13,0,89.24,27.33,537,Low
11-08-2025 06:00,Z6,30.05,72.64,0,88.81,28.9,0,Low
11-08-2025 07:00,Z6,30.47,67.38,0,88.47,29,12570,Low
11-08-2025 08:00,Z6,32.14,67.65,0,87.73,31.03,21700,Low
11-08-2025 09:00,Z6,32.84,68.2,0.5,88.81,31.1,17416,Low
11-08-2025 10:00,Z6,34.38,66.33,0.5,89.22,33.11,16307,Low
11-08-2025 11:00,Z6,32.89,67.87,0,89.17,31.31,46264,Low
11-08-2025 12:00,Z6,33.78,65.36,0,89.39,32.26,48004,Low
11-08-2025 13:00,Z6,33.83,66.41,0,89.28,32.54,44972,Low
11-08-2025 14:00,Z6,34.68,62.65,0.2,89.46,33.05,19061,Low
11-08-2025 15:00,Z6,34.08,63.71,0,88.87,32.56,36245,Low
11-08-2025 16:00,Z6,32.64,67.69,0,89.4,30.79,25383,Low
11-08-2025 17:00,Z6,31.04,68.92,0,89.67,29.8,11275,Low
11-08-2025 18:00,Z6,28.94,71.73,0,89.47,27.9,77,Low
11-08-2025 19:00,Z6,29.73,67.96,0,89.85,28.65,228,Low
11-08-2025 20:00,Z6,27.85,74.45,0,89.53,27.17,3519,Low
11-08-2025 21:00,Z6,27.06,73.09,0,89.6,26.1,366,Low
11-08-2025 22:00,Z6,27.37,75.22,0.2,89.9,26.3,775,Low
11-08-2025 23:00,Z6,25.93,77.12,0,90,24.24,2017,Low
12-08-2025 00:00,Z6,25.75,76.31,0,89.92,24.16,0,Low
12-08-2025 01:00,Z6,25.62,78.21,0,89.9,25.38,4091,Low
12-08-2025 02:00,Z6,26.18,76.06,0,90,24.58,3275,Low
12-08-2025 03:00,Z6,26.93,74.93,0,89.75,24.98,397,Low
12-08-2025 04:00,Z6,27.26,74.01,0,89.77,25.29,766,Low
12-08-2025 05:00,Z6,29.77,75.33,0,89.44,28.33,145,Low
12-08-2025 06:00,Z6,30.42,69.45,0,89.7,28.76,1492,Low
12-08-2025 07:00,Z6,30.89,69.01,0,89.25,29.67,11675,Low
12-08-2025 08:00,Z6,32.37,69.3,0,89.32,31.13,25659,Low
12-08-2025 09:00,Z6,32.44,67.3,0.2,89.59,30.8,15880,Low
12-08-2025 10:00,Z6,33.17,67.92,0,90,31.68,36930,Low
12-08-2025 11:00,Z6,34.3,65.92,0,90,32.58,45800,Low
12-08-2025 12:00,Z6,35.69,62.6,0,90,33.65,48645,Low
12-08-2025 13:00,Z6,33.52,64.76,0,90,31.85,46466,Low
12-08-2025 14:00,Z6,34.47,64.35,0,90,33.12,39167,Low
12-08-2025 15:00,Z6,33.69,66.91,0,89.9,33.24,36230,Low
12-08-2025 16:00,Z6,31.91,63.76,0,89.31,30.26,27787,Low
12-08-2025 17:00,Z6,31.89,69.5,0,89,30.38,9959,Low
12-08-2025 18:00,Z6,30.26,68.4,0,89.1,28.61,0,Low
12-08-2025 19:00,Z6,28.93,69.86,0,89.58,26.73,0,Low
12-08-2025 20:00,Z6,27.29,73.63,0,89.96,25.11,2436,Low
12-08-2025 21:00,Z6,27,77.06,0,90,25.08,2161,Low
12-08-2025 22:00,Z6,25.76,75.73,0,90,23.47,4543,Low
12-08-2025 23:00,Z6,25.46,77.76,0,90,23.45,0,Low
13-08-2025 00:00,Z6,25.21,77.5,0,89.51,24.29,0,Low
13-08-2025 01:00,Z6,25.03,77.75,0,89.11,24.03,0,Low
13-08-2025 02:00,Z6,26.06,77.8,0,89.39,24.87,3004,Low
13-08-2025 03:00,Z6,26.3,76.37,0,89.34,24.15,0,Low
13-08-2025 04:00,Z6,27.31,72.27,0,89.37,25.55,0,Low
13-08-2025 05:00,Z6,29.04,72.84,0.2,89.87,27.03,2530,Low
13-08-2025 06:00,Z6,29.58,71.54,0.2,90,28.15,0,Low
13-08-2025 07:00,Z6,31.09,70.33,0,90,29.55,10693,Low
13-08-2025 08:00,Z6,30.95,69.28,0,89.83,29.65,25356,Low
13-08-2025 09:00,Z6,33.54,65.46,0,89.74,31.66,32987,Low
13-08-2025 10:00,Z6,33.9,67.98,0.5,89.86,32.81,20255,Low
13-08-2025 11:00,Z6,34.93,62.19,0,89.81,33.31,45934,Low
13-08-2025 12:00,Z6,35.56,62.6,0,90,33.72,48586,Low
13-08-2025 13:00,Z6,35,64.75,0,90,34.12,48638,Low
13-08-2025 14:00,Z6,34.94,63.19,0,90,33.58,42894,Low
13-08-2025 15:00,Z6,33.36,62.56,0,90,32.36,32314,Low
13-08-2025 16:00,Z6,33.52,67.73,0,89.65,31.94,22290,Low
13-08-2025 17:00,Z6,31.31,70.64,0.5,90,30.11,6305,Low
13-08-2025 18:00,Z6,30.04,68.95,0,89.85,28.47,1952,Low
13-08-2025 19:00,Z6,28.6,72.7,0,89.92,26.38,1233,Low
13-08-2025 20:00,Z6,28.79,73.34,0,90,27.58,490,Low
13-08-2025 21:00,Z6,26.68,77.95,0,89.83,25.73,0,Low
13-08-2025 22:00,Z6,25.6,79.56,0,90,22.99,0,Low
13-08-2025 23:00,Z6,25.72,77.3,1,90,23.74,0,Low
14-08-2025 00:00,Z6,26.14,80.8,0.5,90,25.46,0,Low
14-08-2025 01:00,Z6,25.73,76.25,0,90,23.45,0,Low
14-08-2025 02:00,Z6,26.46,74.02,0,89.88,24.93,0,Low
14-08-2025 03:00,Z6,26.33,71.51,0,89.73,24.86,0,Low
14-08-2025 04:00,Z6,27.83,74.19,0,90,25.48,0,Low
14-08-2025 05:00,Z6,29.01,69.66,0,89.38,27.4,1208,Low
14-08-2025 06:00,Z6,29.29,70.87,0,89.09,27.92,4123,Low
14-08-2025 07:00,Z6,30.52,72.71,0,89.16,28.45,14257,Low
14-08-2025 08:00,Z6,32.08,67.33,0,89.61,31.01,23476,Low
14-08-2025 09:00,Z6,32.09,69.3,0,89.37,30.91,34626,Low
14-08-2025 10:00,Z6,34.17,63.94,0,89.74,32.17,42169,Low
14-08-2025 11:00,Z6,34.98,63.2,0,89.82,33.47,46272,Low
14-08-2025 12:00,Z6,34.93,62.76,0.2,90,32.8,23615,Low
14-08-2025 13:00,Z6,35.54,64.19,0.2,89.87,34.22,21233,Low
14-08-2025 14:00,Z6,33.93,64.58,0,90,32.32,41718,Low
14-08-2025 15:00,Z6,32.7,65.7,0.2,90,31.66,18803,Low
14-08-2025 16:00,Z6,32.01,66.73,0,90,30.47,28289,Low
14-08-2025 17:00,Z6,30.55,76.26,2,90,28.78,8759,Low
14-08-2025 18:00,Z6,29.84,68.81,0,89.83,28.79,0,Low
14-08-2025 19:00,Z6,29.02,74.12,1,90,27.4,0,Low
14-08-2025 20:00,Z6,27.62,75.05,0,90,26.07,2356,Low
14-08-2025 21:00,Z6,27.05,72.84,0,90,25.24,0,Low
14-08-2025 22:00,Z6,26.31,77.14,0,89.8,24.52,3368,Low
14-08-2025 23:00,Z6,25.6,77.04,0,90,24.34,0,Low
15-08-2025 00:00,Z6,26.3,70.27,0,89.7,25,3022,Low
15-08-2025 01:00,Z6,25.81,78.05,0,90,24.94,995,Low
15-08-2025 02:00,Z6,26.99,72.64,0,89.59,25.74,0,Low
15-08-2025 03:00,Z6,26.41,75.02,0,89.7,24.95,0,Low
15-08-2025 04:00,Z6,28.17,73.29,0,89.79,25.88,0,Low
15-08-2025 05:00,Z6,27.93,69.66,0,89.37,27.38,0,Low
15-08-2025 06:00,Z6,29.31,69.27,0,89.25,28.37,0,Low
15-08-2025 07:00,Z6,31.33,69.28,0,89.34,29.76,11543,Low
15-08-2025 08:00,Z6,31.25,69.01,0,89.53,29.2,22661,Low
15-08-2025 09:00,Z6,33.19,65.36,0,89.98,31.84,36422,Low
15-08-2025 10:00,Z6,33.58,65.46,0,89.97,32.12,39747,Low
15-08-2025 11:00,Z6,35.83,65.09,0,89.85,34.07,44034,Low
15-08-2025 12:00,Z6,33.84,69.24,0,89.61,31.92,47206,Low
15-08-2025 13:00,Z6,33.84,66.1,0,89.31,32.37,46730,Low
15-08-2025 14:00,Z6,32.8,79.41,5,90,30.98,20865,Low
15-08-2025 15:00,Z6,33.8,65.67,0,89.92,32.57,31705,Low
15-08-2025 16:00,Z6,31.54,66.72,0,90,30.45,26117,Low
15-08-2025 17:00,Z6,30.83,68.72,0,90,30.21,12903,Low
15-08-2025 18:00,Z6,29.37,71.48,0,90,27.46,1921,Low
15-08-2025 19:00,Z6,29.29,69.18,0,89.25,28.16,0,Low
15-08-2025 20:00,Z6,27.19,90.54,5,90,25.96,0,Low
15-08-2025 21:00,Z6,27.53,74.57,0.2,90,26.06,583,Low
15-08-2025 22:00,Z6,26.53,75.8,0,89.64,24.56,0,Low
15-08-2025 23:00,Z6,25.02,77.47,0,90,23.66,0,Low
16-08-2025 00:00,Z6,24.79,77.27,0,90,22.92,0,Low
16-08-2025 01:00,Z6,27.1,74.93,0,90,25.58,0,Low
16-08-2025 02:00,Z6,25.87,79.56,0,90,24.19,0,Low
16-08-2025 03:00,Z6,27.73,75.18,0,90,26.46,0,Low
16-08-2025 04:00,Z6,28.21,71.61,0,89.72,26.18,1053,Low
16-08-2025 05:00,Z6,29.73,74.07,0,89.94,28.36,1799,Low
16-08-2025 06:00,Z6,29.56,75.15,0,89.86,28.2,0,Low
16-08-2025 07:00,Z6,31.22,70.37,0,89.95,29.44,17221,Low
16-08-2025 08:00,Z6,32.55,68.87,0,89.03,31.63,25565,Low
16-08-2025 09:00,Z6,32.61,70.35,0.5,89.74,30.49,14518,Low
16-08-2025 10:00,Z6,34.11,63.7,0.5,90,32.63,16528,Low
16-08-2025 11:00,Z6,33.42,65.07,0,89.61,32.81,49705,Low
16-08-2025 12:00,Z6,33.9,64.15,0,89.36,32.03,52574,Low
16-08-2025 13:00,Z6,35.25,64.53,0,89.33,34.45,44984,Low
16-08-2025 14:00,Z6,33.26,66.25,0.2,89.57,31.53,19840,Low
16-08-2025 15:00,Z6,33.83,63.82,0,89.58,31.73,32877,Low
16-08-2025 16:00,Z6,33.31,63.81,0,89.47,32.2,21284,Low
16-08-2025 17:00,Z6,31.37,70.8,0.2,89.55,29.87,5549,Low
16-08-2025 18:00,Z6,29.1,70.99,0,89.31,27.92,586,Low
16-08-2025 19:00,Z6,27.47,78.93,2,90,26.63,1181,Low
16-08-2025 20:00,Z6,28.56,72.26,0,89.96,27.25,0,Low
16-08-2025 21:00,Z6,26.19,77.85,0.2,89.81,24.36,3288,Low
16-08-2025 22:00,Z6,25.79,76.54,0,89.99,24.25,0,Low
16-08-2025 23:00,Z6,26.27,77.79,0,89.89,25.25,1202,Low
17-08-2025 00:00,Z6,26.43,75.9,0,89.84,25.12,3323,Low
17-08-2025 01:00,Z6,25.58,74.84,0,89.25,23.37,1113,Low
17-08-2025 02:00,Z6,25.93,76.66,0,88.97,24.43,0,Low
17-08-2025 03:00,Z6,27.05,72.17,0,89.24,25.22,888,Low
17-08-2025 04:00,Z6,28.26,68.15,0,89.04,26.13,0,Low
17-08-2025 05:00,Z6,28.58,71.36,0,88.44,27.45,3006,Low
17-08-2025 06:00,Z6,29.53,78.37,1,89.24,27.68,0,Low
17-08-2025 07:00,Z6,31.66,70.17,0,88.82,30.76,13150,Low
17-08-2025 08:00,Z6,32.3,71.34,0,88.93,30.78,22866,Low
17-08-2025 09:00,Z6,32.93,65.5,0,88.74,31.6,35151,Low
17-08-2025 10:00,Z6,34.5,67.19,0.5,89.06,32.34,23737,Low
17-08-2025 11:00,Z6,33.75,65.04,0.5,89.39,32.22,23688,Low
17-08-2025 12:00,Z6,34.38,64.74,0.2,89.94,32.94,26842,Low
17-08-2025 13:00,Z6,34.68,65.74,1,90,33.31,20840,Low
17-08-2025 14:00,Z6,34.82,66.55,0,89.83,33.01,40479,Low
17-08-2025 15:00,Z6,32.03,65.72,0,90,30.38,36024,Low
17-08-2025 16:00,Z6,32.16,66.26,0,89.91,30.89,23239,Low
17-08-2025 17:00,Z6,31.48,69.45,0,89.82,29.55,11288,Low
17-08-2025 18:00,Z6,29.59,69,0,89.47,28.41,1015,Low
17-08-2025 19:00,Z6,28.92,70.71,0,89.63,27.34,1148,Low
17-08-2025 20:00,Z6,28.55,72.55,0,89.42,26.41,2018,Low
17-08-2025 21:00,Z6,27.54,74.99,0,89.72,26.56,1891,Low
17-08-2025 22:00,Z6,24.6,93.69,10,90,23.01,2059,Low
17-08-2025 23:00,Z6,26.74,81.57,2,90,25.46,3708,Low
18-08-2025 00:00,Z6,25.56,76.8,0,90,23.82,0,Low
18-08-2025 01:00,Z6,25.19,73.39,0,89.97,23.77,0,Low
18-08-2025 02:00,Z6,26.1,76.34,0.5,90,24.94,0,Low
18-08-2025 03:00,Z6,26.49,78.19,0,89.81,24.36,1516,Low
18-08-2025 04:00,Z6,27.73,69.7,0,89.81,26.19,1591,Low
18-08-2025 05:00,Z6,27.5,71.76,0,89.54,25.5,3917,Low
18-08-2025 06:00,Z6,30.04,73.22,0,89.72,28.47,0,Low
18-08-2025 07:00,Z6,30.78,69.67,0,89.29,29.45,12277,Low
18-08-2025 08:00,Z6,33,67.22,0,88.97,31.42,24888,Low
18-08-2025 09:00,Z6,32.67,67.49,0,88.86,30.99,33034,Low
18-08-2025 10:00,Z6,33.6,62.53,0,88.82,32.13,42009,Low
18-08-2025 11:00,Z6,35.32,65.49,0.2,88.69,34.58,23851,Low
18-08-2025 12:00,Z6,34.57,70.11,0,88.93,33.33,46832,Low
18-08-2025 13:00,Z6,34.23,63.75,0,88.26,32.69,47162,Low
18-08-2025 14:00,Z6,33.88,67.95,0,88.47,31.47,42265,Low
18-08-2025 15:00,Z6,33.82,68.37,0,88.54,31.78,33479,Low
18-08-2025 16:00,Z6,32.91,64.79,0,88.44,31.75,23505,Low
18-08-2025 17:00,Z6,29.99,71.67,0,88.37,29.21,12495,Low
18-08-2025 18:00,Z6,29.61,72.89,0,88.06,28.01,0,Low
18-08-2025 19:00,Z6,28.64,69.91,0,87.81,27.21,0,Low
18-08-2025 20:00,Z6,27.92,72.59,0,88.04,27.01,0,Low
18-08-2025 21:00,Z6,25.93,92.16,10,90,24.64,3028,Low
18-08-2025 22:00,Z6,25.65,75.46,0,90,23.81,0,Low
18-08-2025 23:00,Z6,26.68,79.38,0,89.59,25.12,39,Low
19-08-2025 00:00,Z6,24.37,80.07,0,89.02,23.11,212,Low
19-08-2025 01:00,Z6,25.59,73.45,0,88.59,24.77,858,Low
19-08-2025 02:00,Z6,26.02,77.14,0,88.87,24.18,220,Low
19-08-2025 03:00,Z6,27.09,73.7,0,89.14,26.34,1108,Low
19-08-2025 04:00,Z6,28.07,75.14,0,88.73,26.62,2476,Low
19-08-2025 05:00,Z6,28.14,75.53,0,88.57,26.92,0,Low
19-08-2025 06:00,Z6,29.96,70.97,0,88.38,28.87,0,Low
19-08-2025 07:00,Z6,31.29,68.88,0,89.01,29.62,13755,Low
19-08-2025 08:00,Z6,31.96,65.99,0,89.11,30.73,24935,Low
19-08-2025 09:00,Z6,32.87,65.78,0,89.48,30.92,34392,Low
19-08-2025 10:00,Z6,34.16,63.71,0,89.78,32.65,42813,Low
19-08-2025 11:00,Z6,34.82,59.27,0,89.63,33.46,49557,Low
19-08-2025 12:00,Z6,33.88,64.5,0,89.62,32.48,51504,Low
19-08-2025 13:00,Z6,34.02,62.93,0.2,89.97,32.35,23666,Low
19-08-2025 14:00,Z6,35,62.3,0,90,34.02,40561,Low
19-08-2025 15:00,Z6,33.76,64.12,0,90,32.76,34255,Low
19-08-2025 16:00,Z6,32.54,68.07,0,89.32,31.31,22951,Low
19-08-2025 17:00,Z6,31.18,70.77,0,89.21,29.6,12802,Low
19-08-2025 18:00,Z6,30.92,65.8,0,89.14,29.64,1036,Low
19-08-2025 19:00,Z6,29.47,68.78,0,88.86,27.72,0,Low
19-08-2025 20:00,Z6,27.32,71.54,0,88.23,25.15,0,Low
19-08-2025 21:00,Z6,26.3,76.66,0,87.87,25.2,0,Low
19-08-2025 22:00,Z6,26.82,75.21,0,87.68,25.59,461,Low
19-08-2025 23:00,Z6,26.49,76.26,0,88,25.08,4021,Low
20-08-2025 00:00,Z6,25.41,75.15,0,87.79,23.69,0,Low
20-08-2025 01:00,Z6,25.18,77.17,0,87.97,23.36,0,Low
20-08-2025 02:00,Z6,26.04,82.4,2,90,24.69,779,Low
20-08-2025 03:00,Z6,26.71,74.79,0,89.33,24.46,0,Low
20-08-2025 04:00,Z6,27.53,74.77,0,88.96,26.64,0,Low
20-08-2025 05:00,Z6,28.77,69.01,0,88.7,27.03,0,Low
20-08-2025 06:00,Z6,30.15,71.14,0,88.75,28.88,0,Low
20-08-2025 07:00,Z6,30.6,69.75,0,88.49,29.92,14575,Low
20-08-2025 08:00,Z6,31.29,69.5,0,88.55,30.4,25140,Low
20-08-2025 09:00,Z6,33.3,66.74,0,88.46,31.84,35082,Low
20-08-2025 10:00,Z6,33.32,65.63,0,87.94,31.54,39892,Low
20-08-2025 11:00,Z6,34.44,63.61,0,88.06,33.1,45200,Low
20-08-2025 12:00,Z6,33.94,67.86,0,87.69,32.37,48374,Low
20-08-2025 13:00,Z6,33,65.96,0,87.13,31.18,46127,Low
20-08-2025 14:00,Z6,34.36,63.11,0,86.43,32.74,43813,Low
20-08-2025 15:00,Z6,33.92,63.06,0,86.62,32.85,33249,Low
20-08-2025 16:00,Z6,31.81,67.08,0,86.68,30.21,24083,Low
20-08-2025 17:00,Z6,31.34,69.1,0,86.75,29.64,13565,Low
20-08-2025 18:00,Z6,29.08,70.7,0,85.95,27.53,654,Low
20-08-2025 19:00,Z6,30.19,75.73,1,87.2,28.37,0,Low
20-08-2025 20:00,Z6,28.11,70.85,0,87.11,27,0,Low
20-08-2025 21:00,Z6,26.49,78.18,0,87.18,25.02,0,Low
20-08-2025 22:00,Z6,26.61,73.82,0,87.32,24.79,0,Low
20-08-2025 23:00,Z6,25.34,77.58,0,87.27,23.46,309,Low
21-08-2025 00:00,Z6,25.89,75.37,0,87.47,24.66,0,Low
21-08-2025 01:00,Z6,25.65,73.5,0,87.3,23.72,0,Low
21-08-2025 02:00,Z6,27.4,74.05,0,86.82,24.99,0,Low
21-08-2025 03:00,Z6,27.35,74.12,0,86.94,24.63,0,Low
21-08-2025 04:00,Z6,27.37,70.75,0,86.79,25.57,0,Low
21-08-2025 05:00,Z6,28.09,75.35,1,88.11,26.83,0,Low
21-08-2025 06:00,Z6,31.69,68.62,0,88.28,29.76,640,Low
21-08-2025 07:00,Z6,31.25,68.91,0,88.16,29.31,10646,Low
21-08-2025 08:00,Z6,31.81,66.71,0,88.05,30.23,19675,Low
21-08-2025 09:00,Z6,32.92,66.71,0,87.7,31.86,32678,Low
21-08-2025 10:00,Z6,33.25,67.78,0.5,88.09,31.69,20158,Low
21-08-2025 11:00,Z6,34.37,63.71,0,87.8,33.19,47823,Low
21-08-2025 12:00,Z6,34.18,62.81,0,87.96,32.31,48345,Low
21-08-2025 13:00,Z6,34.52,63.62,0,88.11,33.74,45711,Low
21-08-2025 14:00,Z6,35.02,63.17,0,88.19,32.97,41849,Low
21-08-2025 15:00,Z6,32.27,69.33,0,87.67,31.53,33961,Low
21-08-2025 16:00,Z6,32.14,66.24,0,87.53,30.51,23810,Low
21-08-2025 17:00,Z6,30.44,70.81,0,87.44,28.56,14262,Low
21-08-2025 18:00,Z6,30.04,72,0,87.37,28.74,3488,Low
21-08-2025 19:00,Z6,28.93,73.93,0,86.91,27.5,0,Low
21-08-2025 20:00,Z6,27.69,74.44,0,86.45,26.64,2771,Low
21-08-2025 21:00,Z6,27.57,73.25,0,85.89,25.97,4311,Low
21-08-2025 22:00,Z6,25.65,76.53,0,85.91,24.3,0,Low
21-08-2025 23:00,Z6,26.8,74.44,0,85.68,25.11,0,Low
22-08-2025 00:00,Z6,26.34,74.95,0,85.7,25.09,0,Low
22-08-2025 01:00,Z6,26.7,74,0,85.29,25.2,0,Low
22-08-2025 02:00,Z6,25.11,76.99,0,85.32,23.54,0,Low
22-08-2025 03:00,Z6,26.48,75.79,0,85.39,24.68,0,Low
22-08-2025 04:00,Z6,27.52,74.24,0,85.46,26.12,0,Low
22-08-2025 05:00,Z6,28.49,72.67,0,85.26,27.05,0,Low
22-08-2025 06:00,Z6,29.79,70.81,0,84.84,27.99,26,Low
22-08-2025 07:00,Z6,31.37,68.26,0,84.83,30.5,10292,Low
22-08-2025 08:00,Z6,32.02,67.89,0.2,84.75,29.93,8727,Low
22-08-2025 09:00,Z6,33.62,66.94,0,85.02,32.36,34833,Low
22-08-2025 10:00,Z6,33.65,65.46,0,84.94,31.72,39149,Low
22-08-2025 11:00,Z6,35.36,63.62,0,85.27,34.41,46027,Low
22-08-2025 12:00,Z6,34.81,64.97,0,85.11,33.35,49217,Low
22-08-2025 13:00,Z6,33.53,66.4,0,84.87,31.88,47516,Low
22-08-2025 14:00,Z6,33.81,63.93,0,84.68,32.15,41665,Low
22-08-2025 15:00,Z6,32.31,66.9,0,84.34,31.16,37769,Low
22-08-2025 16:00,Z6,32.92,67.47,0,84.25,31.6,26708,Low
22-08-2025 17:00,Z6,31.23,67.03,0,84.53,30.12,13471,Low
22-08-2025 18:00,Z6,30.1,70.6,0,84.64,28.49,556,Low
22-08-2025 19:00,Z6,29.56,68.6,0,84.74,27.82,1173,Low
22-08-2025 20:00,Z6,27.52,73.3,0.2,84.91,26.43,943,Low
22-08-2025 21:00,Z6,26.32,76.12,0,84.88,24.94,0,Low
22-08-2025 22:00,Z6,26.3,74.67,0,84.77,24.68,0,Low
22-08-2025 23:00,Z6,26.73,76.4,0.2,84.74,24.55,0,Low
23-08-2025 00:00,Z6,25.82,78.23,0,84.69,24.36,2497,Low
23-08-2025 01:00,Z6,26.91,78.72,0,84.52,25.39,997,Low
23-08-2025 02:00,Z6,26.68,76.05,0,84.62,25.1,0,Low
23-08-2025 03:00,Z6,26.44,74.07,0,84.62,25.75,0,Low
23-08-2025 04:00,Z6,26.57,74.74,0,84.68,25.38,0,Low
23-08-2025 05:00,Z6,29.7,74.87,2,86.73,28.61,4275,Low
23-08-2025 06:00,Z6,30.45,70.56,0,86.45,28.79,231,Low
23-08-2025 07:00,Z6,31.15,75.27,2,88.82,29.33,8263,Low
23-08-2025 08:00,Z6,31.47,67.94,0,88.84,30.05,25710,Low
23-08-2025 09:00,Z6,33.37,63.24,0.2,89.11,31.58,19352,Low
23-08-2025 10:00,Z6,33.88,62.35,0,88.88,32.53,38387,Low
23-08-2025 11:00,Z6,34.12,67.78,0,89.14,33.62,46429,Low
23-08-2025 12:00,Z6,34.29,63.91,0,88.95,33.17,45125,Low
23-08-2025 13:00,Z6,33.19,69.86,0,88.85,31.91,39510,Low
23-08-2025 14:00,Z6,34.28,62.15,0,87.97,33.13,38019,Low
23-08-2025 15:00,Z6,33.24,68.2,0,87.69,31.98,34536,Low
23-08-2025 16:00,Z6,32.18,66.56,0,88.02,30.57,24644,Low
23-08-2025 17:00,Z6,31.86,69.1,0,87.83,30.69,11705,Low
23-08-2025 18:00,Z6,30.3,69.26,0,87.61,27.54,0,Low
23-08-2025 19:00,Z6,29.64,71.79,0,87.32,27.54,1854,Low
23-08-2025 20:00,Z6,28.05,76.95,0.2,87.9,26.46,1933,Low
23-08-2025 21:00,Z6,27.26,72.65,0,87.67,26.35,0,Low
23-08-2025 22:00,Z6,25.78,74.6,0,87.99,23.57,0,Low
23-08-2025 23:00,Z6,25.4,77.59,0,88.17,23.58,0,Low
24-08-2025 00:00,Z6,25.93,77,0,87.82,24.26,527,Low
24-08-2025 01:00,Z6,24.89,77.8,0.5,88.19,24.22,862,Low
24-08-2025 02:00,Z6,25.44,76.89,0,88.23,24.03,0,Low
24-08-2025 03:00,Z6,26.83,72.37,0,87.93,25.95,2413,Low
24-08-2025 04:00,Z6,27.11,76.78,0,87.84,26.01,2329,Low
24-08-2025 05:00,Z6,29.13,72.27,0,87.79,26.5,1224,Low
24-08-2025 06:00,Z6,30.24,71.37,0.2,88.3,29.74,809,Low
24-08-2025 07:00,Z6,30.18,72.61,0,88.06,29.16,9604,Low
24-08-2025 08:00,Z6,30.99,71.76,0,88.18,29.36,24844,Low
24-08-2025 09:00,Z6,33.61,70.97,2,90,31.72,19237,Low
24-08-2025 10:00,Z6,33.88,65.45,0,89.78,32.54,39605,Low
24-08-2025 11:00,Z6,33.88,63.48,0,89.74,32.11,49162,Low
24-08-2025 12:00,Z6,33.66,64,0,89.99,31.76,44511,Low
24-08-2025 13:00,Z6,34.21,63.5,0,89.64,33.53,43319,Low
24-08-2025 14:00,Z6,33.53,67.41,0.5,89.8,31.72,20495,Low
24-08-2025 15:00,Z6,33.46,64.84,0,89.51,32.17,33195,Low
24-08-2025 16:00,Z6,31.38,67.99,0,89.3,30.64,23585,Low
24-08-2025 17:00,Z6,30.88,67.04,0,89.44,29.23,13069,Low
24-08-2025 18:00,Z6,30.2,73.76,0,88.87,27.96,2945,Low
24-08-2025 19:00,Z6,29.21,72.36,0,88.73,28.79,0,Low
24-08-2025 20:00,Z6,27.46,74.06,0,88.9,26.05,1184,Low
24-08-2025 21:00,Z6,26.85,76.14,0,89.08,25.13,0,Low
24-08-2025 22:00,Z6,25.82,77.31,0,89.06,24.01,0,Low
24-08-2025 23:00,Z6,26.27,75.69,0,88.84,24.38,764,Low
25-08-2025 00:00,Z6,25.92,73.07,0,89.23,24.78,0,Low
25-08-2025 01:00,Z6,24.93,76.84,0,89.09,23.73,806,Low
25-08-2025 02:00,Z6,27.13,71.26,0,89.11,24.75,0,Low
25-08-2025 03:00,Z6,26.13,75.03,0.2,89.79,24.37,2179,Low
25-08-2025 04:00,Z6,28.27,74.99,0,89.84,27.22,2916,Low
25-08-2025 05:00,Z6,28.7,72.74,0,90,26.66,960,Low
25-08-2025 06:00,Z6,31.04,68.81,0,89.82,29.17,0,Low
25-08-2025 07:00,Z6,31.13,73.29,0,89.41,30.44,12887,Low
25-08-2025 08:00,Z6,32.9,65.92,0,89.68,31.22,23344,Low
25-08-2025 09:00,Z6,33.09,66.71,0,89.54,31.6,31517,Low
25-08-2025 10:00,Z6,34.64,70.56,0.5,89.69,32.57,25385,Low
25-08-2025 11:00,Z6,34.43,61.15,0,89.7,33.1,46777,Low
25-08-2025 12:00,Z6,35.28,63.87,0,89.58,33.44,50946,Low
25-08-2025 13:00,Z6,34.44,66.9,0.5,90,33.35,20142,Low
25-08-2025 14:00,Z6,34.92,64.08,0,90,33.44,44243,Low
25-08-2025 15:00,Z6,33.65,62.47,0,89.68,32.01,35135,Low
25-08-2025 16:00,Z6,32.01,65.24,0,89.63,29.63,25422,Low
25-08-2025 17:00,Z6,30.37,67.32,0,90,29.29,12132,Low
25-08-2025 18:00,Z6,30.29,70.18,0,89.61,28.97,0,Low
25-08-2025 19:00,Z6,29.46,72.49,0,89.64,28.15,0,Low
25-08-2025 20:00,Z6,27.55,74.72,0,89.42,25.82,1904,Low
25-08-2025 21:00,Z6,26.2,72.49,0,89.55,24.1,0,Low
25-08-2025 22:00,Z6,26.08,71.04,0,89.58,25.49,0,Low
25-08-2025 23:00,Z6,26.26,76.21,0,89.66,25.12,0,Low
26-08-2025 00:00,Z6,25.92,77.78,0,89.81,24.83,762,Low
26-08-2025 01:00,Z6,25.25,80.32,0,89.81,24.47,0,Low
26-08-2025 02:00,Z6,25.64,76.29,0,89.6,23.64,94,Low
26-08-2025 03:00,Z6,27.18,73.68,0,89.36,25.4,1999,Low
26-08-2025 04:00,Z6,28.78,72.33,0,89.21,27.4,0,Low
26-08-2025 05:00,Z6,28.54,70.94,0,88.93,27.16,2147,Low
26-08-2025 06:00,Z6,30.28,75.9,1,90,29.17,1396,Low
26-08-2025 07:00,Z6,31.15,71.33,0,89.45,29.1,10327,Low
26-08-2025 08:00,Z6,33.61,66.18,0,88.65,32.27,27086,Low
26-08-2025 09:00,Z6,33.56,68.2,0,88.52,31.91,33322,Low
26-08-2025 10:00,Z6,32.82,67.04,0,87.8,31.64,38866,Low
26-08-2025 11:00,Z6,33.95,63.3,0,87.38,32.72,48614,Low
26-08-2025 12:00,Z6,33.87,66.6,0.2,87.6,32.06,21228,Low
26-08-2025 13:00,Z6,34.79,64.66,0,87.96,34,46003,Low
26-08-2025 14:00,Z6,34.68,80.48,10,90,32.02,23643,Low
26-08-2025 15:00,Z6,33.53,66.78,0,90,31.12,34278,Low
26-08-2025 16:00,Z6,32.12,67.45,0,89.56,30.59,25254,Low
26-08-2025 17:00,Z6,31.16,70.29,0,90,30.26,14815,Low
26-08-2025 18:00,Z6,29.87,71.86,0,89.42,27.75,0,Low
26-08-2025 19:00,Z6,28.89,67.96,0,89.73,27.95,1485,Low
26-08-2025 20:00,Z6,26.72,75.45,0,89.98,24.58,0,Low
26-08-2025 21:00,Z6,26.63,75.05,0,89.88,24.66,0,Low
26-08-2025 22:00,Z6,25.4,78.13,0,89.56,23.58,0,Low
26-08-2025 23:00,Z6,25.47,76.06,0,89.78,23.09,0,Low
27-08-2025 00:00,Z6,25.85,76.69,0,90,23.89,0,Low
27-08-2025 01:00,Z6,25.3,77.24,0,90,23.41,1453,Low
27-08-2025 02:00,Z6,25.93,75.07,0,90,24.65,3390,Low
27-08-2025 03:00,Z6,27.11,75.33,0,89.8,25.5,1373,Low
27-08-2025 04:00,Z6,28.08,70.68,0,90,26.67,0,Low
27-08-2025 05:00,Z6,28.97,71.11,0,89.96,27.92,0,Low
27-08-2025 06:00,Z6,29.49,68.49,0,90,27.34,0,Low
27-08-2025 07:00,Z6,31.37,71.37,1,90,30.5,1951,Low
27-08-2025 08:00,Z6,32.61,63.75,0,89.95,30.84,25047,Low
27-08-2025 09:00,Z6,32.91,69.14,0,89.82,31.23,35212,Low
27-08-2025 10:00,Z6,34.27,64.23,0,89.88,33.49,45125,Low
27-08-2025 11:00,Z6,33.64,64.14,0,90,32.46,43888,Low
27-08-2025 12:00,Z6,33.59,67.38,0,90,31.85,47273,Low
27-08-2025 13:00,Z6,35.11,60.94,0,90,32.83,45749,Low
27-08-2025 14:00,Z6,33.94,65.77,0,90,32.8,41242,Low
27-08-2025 15:00,Z6,33.57,64.58,0,89.89,32.34,35293,Low
27-08-2025 16:00,Z6,32.02,69.59,0,90,30.57,24209,Low
27-08-2025 17:00,Z6,31.01,67.56,0,89.87,29.76,11825,Low
27-08-2025 18:00,Z6,30.99,68.56,0,89.81,29.23,4291,Low
27-08-2025 19:00,Z6,29.48,73.53,0,89.94,28.26,1193,Low
27-08-2025 20:00,Z6,27.91,70.4,0,90,26.66,0,Low
27-08-2025 21:00,Z6,27.29,74.59,0,90,26.64,149,Low
27-08-2025 22:00,Z6,26.84,75.04,0,89.79,24.46,0,Low
27-08-2025 23:00,Z6,25.93,74.61,0,89.75,24.57,0,Low
28-08-2025 00:00,Z6,25,76.64,0,89.67,23.56,1809,Low
28-08-2025 01:00,Z6,25.4,77,0,90,23.7,0,Low
28-08-2025 02:00,Z6,25.78,76.71,0,90,24.55,0,Low
28-08-2025 03:00,Z6,27.04,73.2,0,90,26.19,0,Low
28-08-2025 04:00,Z6,27.74,73.77,0,90,25.97,0,Low
28-08-2025 05:00,Z6,28.3,74.02,0,90,26.49,0,Low
28-08-2025 06:00,Z6,29.12,71.93,0,89.54,27.73,0,Low
28-08-2025 07:00,Z6,31.61,68.9,0,89.46,29.81,12358,Low
28-08-2025 08:00,Z6,32.11,67.03,0,88.96,30.7,19827,Low
28-08-2025 09:00,Z6,32.81,63.54,0,88.84,31.22,35828,Low
28-08-2025 10:00,Z6,34.52,79.66,5,90,32.83,20489,Low
28-08-2025 11:00,Z6,33.88,64.38,0,90,32.66,45622,Low
28-08-2025 12:00,Z6,34.22,67.21,0,89.84,33.42,48026,Low
28-08-2025 13:00,Z6,34.49,64.91,0,90,33.14,46046,Low
28-08-2025 14:00,Z6,33.44,64.99,0,90,31.97,40978,Low
28-08-2025 15:00,Z6,33.23,65.24,0,89.62,31.83,32928,Low
28-08-2025 16:00,Z6,32.72,66.92,0,89.04,31.05,30767,Low
28-08-2025 17:00,Z6,31.01,66.36,0,88.69,29.59,8803,Low
28-08-2025 18:00,Z6,30.88,70.68,0,88.92,29.34,0,Low
28-08-2025 19:00,Z6,29.55,69.65,0,88.2,28.51,1903,Low
28-08-2025 20:00,Z6,28.56,72.2,0,87.93,27.21,0,Low
28-08-2025 21:00,Z6,26.79,75.51,0,87.33,25.13,1095,Low
28-08-2025 22:00,Z6,26.3,76.91,0,87.9,25.36,2251,Low
28-08-2025 23:00,Z6,25.2,78.7,0.5,88.21,22.84,313,Low
29-08-2025 00:00,Z6,25.45,77.8,0,87.59,23.43,2066,Low
29-08-2025 01:00,Z6,24.51,77.17,0,87.45,23.09,0,Low
29-08-2025 02:00,Z6,27.11,76.09,0,87.47,25.97,1382,Low
29-08-2025 03:00,Z6,26.59,72.87,0,87.84,24.75,0,Low
29-08-2025 04:00,Z6,28.38,74.01,2,89.64,27.35,833,Low
29-08-2025 05:00,Z6,29.11,72.34,0,90,27.7,1939,Low
29-08-2025 06:00,Z6,30.97,63.75,0,89.25,29.53,0,Low
29-08-2025 07:00,Z6,31.72,68.87,0,88.87,30.96,9742,Low
29-08-2025 08:00,Z6,33.14,66.81,0,88.23,31.42,24852,Low
29-08-2025 09:00,Z6,33.28,67.18,0,87.96,31.63,33272,Low
29-08-2025 10:00,Z6,34.26,65.85,0,87.69,32.04,40862,Low
29-08-2025 11:00,Z6,34.53,62.7,0,87.75,33.88,46853,Low
29-08-2025 12:00,Z6,34.72,66.3,0,87.39,33.43,48733,Low
29-08-2025 13:00,Z6,34.11,68.62,0,86.77,32.05,46618,Low
29-08-2025 14:00,Z6,34.03,65.87,0,87.52,32.72,40231,Low
29-08-2025 15:00,Z6,34.42,65.02,0,87.62,32.91,33700,Low
29-08-2025 16:00,Z6,31.97,68.2,0,87.92,30.47,24934,Low
29-08-2025 17:00,Z6,30.49,69.34,0,88.03,28.63,12292,Low
29-08-2025 18:00,Z6,29.44,70.99,0,87.76,28.53,907,Low
29-08-2025 19:00,Z6,29.58,71.01,0,87.94,27.94,0,Low
29-08-2025 20:00,Z6,28.03,72.04,0,87.88,26.74,0,Low
29-08-2025 21:00,Z6,26.22,77.31,0,87.34,24.05,0,Low
29-08-2025 22:00,Z6,26.28,76.81,0,87.45,24.44,0,Low
29-08-2025 23:00,Z6,25.47,76.03,0,87.21,23.84,4098,Low
30-08-2025 00:00,Z6,25.49,79.88,0,87.43,24.37,0,Low
30-08-2025 01:00,Z6,26.54,75.2,0,87.43,24.5,0,Low
30-08-2025 02:00,Z6,26.23,78.67,0,87.15,24.01,2551,Low
30-08-2025 03:00,Z6,26.09,80.81,2,89.68,24.56,0,Low
30-08-2025 04:00,Z6,28.21,74.43,0,89.83,27.04,2672,Low
30-08-2025 05:00,Z6,28.82,67.84,0,90,27.47,715,Low
30-08-2025 06:00,Z6,29.7,69.73,0,89.63,28.2,0,Low
30-08-2025 07:00,Z6,30.76,69.31,0,90,29.32,14106,Low
30-08-2025 08:00,Z6,32.13,69.4,0,89.37,30.38,23761,Low
30-08-2025 09:00,Z6,31.67,65.12,0,89.55,29.5,36570,Low
30-08-2025 10:00,Z6,34.9,68.81,0,89.47,33.32,44100,Low
30-08-2025 11:00,Z6,34.37,62.31,0,89.82,32.64,47217,Low
30-08-2025 12:00,Z6,33.84,65.02,0,89.55,31.83,46263,Low
30-08-2025 13:00,Z6,34.94,63.19,0,89.6,33.16,46761,Low
30-08-2025 14:00,Z6,34.41,63.18,0,89.87,33.09,45741,Low
30-08-2025 15:00,Z6,33.03,63,0,89.25,31.41,28668,Low
30-08-2025 16:00,Z6,30.56,68.66,0,89.06,29.72,23950,Low
30-08-2025 17:00,Z6,30.85,82.44,10,90,29.13,5798,Low
30-08-2025 18:00,Z6,30.38,67.13,0,89.99,29.29,273,Low
30-08-2025 19:00,Z6,29.23,70.74,0,90,27.84,1179,Low
30-08-2025 20:00,Z6,29.18,73.56,0,88.97,28.61,0,Low
30-08-2025 21:00,Z6,26.47,73.34,0,88.64,24.57,68,Low
30-08-2025 22:00,Z6,26.52,75.71,0,88.2,25.28,2731,Low
30-08-2025 23:00,Z6,26.25,77.11,0,88.38,24.33,0,Low
31-08-2025 00:00,Z6,25.68,76.89,0,88.05,24.82,538,Low
31-08-2025 01:00,Z6,25.38,78.66,0.2,88.28,23.68,0,Low
31-08-2025 02:00,Z6,25.67,73.5,0,88.3,23.81,664,Low
31-08-2025 03:00,Z6,27.04,74.38,0.2,88.71,25.65,0,Low
31-08-2025 04:00,Z6,27.95,73.05,0,89.27,26.26,0,Low
31-08-2025 05:00,Z6,28.93,74.48,0,89.4,27.26,1304,Low
31-08-2025 06:00,Z6,30.75,67.08,0,88.87,29.2,744,Low
31-08-2025 07:00,Z6,30.82,67.36,0,88.18,29.11,16443,Low
31-08-2025 08:00,Z6,31.42,67.34,0,88.36,29.94,25253,Low
31-08-2025 09:00,Z6,32.31,67.06,0,88.59,30.91,32658,Low
31-08-2025 10:00,Z6,33.68,64.3,0,88.45,31.58,39428,Low
31-08-2025 11:00,Z6,35.79,65.55,0,87.92,34.46,44925,Low
31-08-2025 12:00,Z6,34.63,62.48,0,87.81,32.59,47847,Low
31-08-2025 13:00,Z6,33.4,62.77,0,87.27,32.07,45613,Low
31-08-2025 14:00,Z6,33.62,65.93,0,86.93,32.13,44443,Low
31-08-2025 15:00,Z6,33.49,65.86,0,86.77,32.63,33375,Low
31-08-2025 16:00,Z6,32.78,68.37,0,87.23,31.46,24373,Low
31-08-2025 17:00,Z6,31.61,70.67,0,87.07,30.02,11077,Low
31-08-2025 18:00,Z6,30.15,68.3,0,86.74,28.13,2057,Low
31-08-2025 19:00,Z6,28.52,75.24,0,86.56,26.46,2586,Low
31-08-2025 20:00,Z6,28.03,69.27,0,86.56,26.66,0,Low
31-08-2025 21:00,Z6,26.82,76.47,1,87.61,25.02,0,Low
31-08-2025 22:00,Z6,26.34,74.23,0,87.39,25.93,0,Low
31-08-2025 23:00,Z6,24.89,78.67,0,86.96,23.06,704,Low
01-09-2025 00:00,Z6,26.08,75.58,0,87.05,23.87,3210,Low
01-09-2025 01:00,Z6,25.94,75.97,0,86.97,25.04,1133,Low
01-09-2025 02:00,Z6,26.3,75.92,0,86.83,24.94,1944,Low
01-09-2025 03:00,Z6,26.11,75.28,0,87.2,24.85,0,Low
01-09-2025 04:00,Z6,27.43,74.06,0,87.01,26.08,1503,Low
01-09-2025 05:00,Z6,27.24,73.97,0,87.01,25.55,1385,Low
01-09-2025 06:00,Z6,28.53,75.09,0,86.9,27.38,5227,Low
01-09-2025 07:00,Z6,30.75,71.03,0,86.97,28.7,10439,Low
01-09-2025 08:00,Z6,31.85,71.22,0,87.09,30.06,23462,Low
01-09-2025 09:00,Z6,31.4,65.95,0,87.07,29.45,36290,Low
01-09-2025 10:00,Z6,34.57,66.5,0,87.33,33.07,44940,Low
01-09-2025 11:00,Z6,34.01,63.2,0,87.59,32.68,47531,Low
01-09-2025 12:00,Z6,34.15,65.53,0.5,88.27,32.43,27254,Low
01-09-2025 13:00,Z6,33.38,61.58,0,88.81,32.12,48577,Low
01-09-2025 14:00,Z6,33.48,68.39,0,88.41,31.67,42328,Low
01-09-2025 15:00,Z6,32.79,68.48,0,88.38,30.84,34763,Low
01-09-2025 16:00,Z6,32.99,65.62,0,88.21,31.69,23813,Low
01-09-2025 17:00,Z6,31.92,67.5,0,88.29,29.81,15268,Low
01-09-2025 18:00,Z6,28.9,72.79,0,88.35,27.13,0,Low
01-09-2025 19:00,Z6,28.52,74.02,0,88.62,27.38,3124,Low
01-09-2025 20:00,Z6,27.5,78.09,0,88.75,25.71,0,Low
01-09-2025 21:00,Z6,26.44,78.77,0,88.54,24.27,0,Low
01-09-2025 22:00,Z6,25.89,74.83,0,88.25,24.45,0,Low
01-09-2025 23:00,Z6,25.59,75.83,0,88.34,23.32,0,Low
02-09-2025 00:00,Z6,25.83,77.29,0,87.79,24.27,0,Low
02-09-2025 01:00,Z6,25.35,74.84,0,87.95,24.05,1610,Low
02-09-2025 02:00,Z6,25.18,75.62,0,87.58,23.62,3176,Low
02-09-2025 03:00,Z6,26.28,75.56,0,87.41,24.57,1445,Low
02-09-2025 04:00,Z6,27.04,73.23,0,86.92,26.16,0,Low
02-09-2025 05:00,Z6,28.34,71.44,0.2,86.9,27.14,3502,Low
02-09-2025 06:00,Z6,30.52,67.94,0,86.63,28.91,1680,Low
02-09-2025 07:00,Z6,30.52,67.88,0,87.03,29,11751,Low
02-09-2025 08:00,Z6,31.76,64.81,0.2,87.77,29.9,13710,Low
02-09-2025 09:00,Z6,32.51,66.13,0,87.59,30.78,33213,Low
02-09-2025 10:00,Z6,33.46,67.55,0,87.56,32.52,38922,Low
02-09-2025 11:00,Z6,34.36,60.06,0.2,87.81,32.5,22782,Low
02-09-2025 12:00,Z6,34.59,66.11,0,87.95,33.49,47273,Low
02-09-2025 13:00,Z6,33,64.88,0,87.39,32.04,47524,Low
02-09-2025 14:00,Z6,33.19,65.35,0,87.25,31.19,40347,Low
02-09-2025 15:00,Z6,31.55,69.63,0,87.31,30.75,34109,Low
02-09-2025 16:00,Z6,31.9,67.67,0,87.39,30.15,23899,Low
02-09-2025 17:00,Z6,29.13,71.04,0,87.33,27.55,12374,Low
02-09-2025 18:00,Z6,28.99,71.45,0,87.2,28.36,3074,Low
02-09-2025 19:00,Z6,28.4,69.38,0,87.49,26.71,419,Low
02-09-2025 20:00,Z6,27.13,77.22,0,87.11,25.7,0,Low
02-09-2025 21:00,Z6,26.03,74,0,87.23,25.21,17,Low
02-09-2025 22:00,Z6,25.76,75.55,0,86.94,24.07,2272,Low
02-09-2025 23:00,Z6,24.87,76.85,0,86.82,22.78,1322,Low
03-09-2025 00:00,Z6,24.2,80.93,0,87.48,22.5,0,Low
03-09-2025 01:00,Z6,25.42,74.06,0,86.71,24.07,2124,Low
03-09-2025 02:00,Z6,25.9,74.67,0.2,86.88,23.98,697,Low
03-09-2025 03:00,Z6,27.09,73.12,0,87.22,25.72,594,Low
03-09-2025 04:00,Z6,27.76,76.56,0.2,88.05,26.21,634,Low
03-09-2025 05:00,Z6,29,74.81,0,88.4,27.54,0,Low
03-09-2025 06:00,Z6,29.42,73.98,0,89,28.17,0,Low
03-09-2025 07:00,Z6,30.66,71.43,0,89.1,28.16,12347,Low
03-09-2025 08:00,Z6,33,66.96,0,88.94,32.12,22270,Low
03-09-2025 09:00,Z6,32.41,70.31,0,89.15,30.9,34752,Low
03-09-2025 10:00,Z6,31.97,65.58,0,88.91,30.1,42031,Low
03-09-2025 11:00,Z6,34.55,64.06,0,88.86,33.48,44999,Low
03-09-2025 12:00,Z6,34.04,66.51,0,89,32.66,48591,Low
03-09-2025 13:00,Z6,34.28,64.63,0,88.85,33.38,46352,Low
03-09-2025 14:00,Z6,33.02,66.38,0,88.81,31.33,41440,Low
03-09-2025 15:00,Z6,32.64,66.76,0,88.58,31.07,32220,Low
03-09-2025 16:00,Z6,32.32,66.06,0,88.08,30.27,23984,Low
03-09-2025 17:00,Z6,31.46,69.3,0,87.8,29.31,8813,Low
03-09-2025 18:00,Z6,28.34,75,0,87.76,27.41,1098,Low
03-09-2025 19:00,Z6,28.19,75.53,0,87.21,26.98,28,Low
03-09-2025 20:00,Z6,27.69,74.59,0,87.03,26.5,1183,Low
03-09-2025 21:00,Z6,26.41,74.05,0,86.94,25.56,33,Low
03-09-2025 22:00,Z6,25.51,72.85,0,87.16,23.9,2050,Low
03-09-2025 23:00,Z6,25.34,79.46,0,87.38,24.26,0,Low
04-09-2025 00:00,Z6,24.7,77.73,0,86.96,23.2,0,Low
04-09-2025 01:00,Z6,25.7,75.23,0,86.67,23.95,299,Low
04-09-2025 02:00,Z6,27,76.54,0,86.21,24.91,0,Low
04-09-2025 03:00,Z6,26.51,78.26,0.2,86.23,25.38,941,Low
04-09-2025 04:00,Z6,27.65,73.52,0,86.1,26.21,3283,Low
04-09-2025 05:00,Z6,28.62,71.63,0,86.2,27.14,399,Low
04-09-2025 06:00,Z6,30.29,70.7,0,85.76,28.28,1515,Low
04-09-2025 07:00,Z6,30.03,71.87,0,85.7,27.77,15161,Low
04-09-2025 08:00,Z6,31.31,67.42,0,85.8,30.31,23538,Low
04-09-2025 09:00,Z6,31.56,69.59,0,85.62,30.13,34047,Low
04-09-2025 10:00,Z6,32.69,65.32,0,86.1,30.91,39533,Low
04-09-2025 11:00,Z6,33.99,62.72,0,86.32,33.28,47366,Low
04-09-2025 12:00,Z6,33.11,65.3,0,85.86,31.6,47867,Low
04-09-2025 13:00,Z6,33.23,78.47,5,90,31.66,18901,Low
04-09-2025 14:00,Z6,34.11,62.94,0,90,32.46,43792,Low
04-09-2025 15:00,Z6,31.71,68.35,0,89.7,30.56,34374,Low
04-09-2025 16:00,Z6,32.33,65.9,0,89.49,31.06,22108,Low
04-09-2025 17:00,Z6,29.98,68.47,0,89.27,27.73,8638,Low
04-09-2025 18:00,Z6,29.89,68.99,0,89.06,28.46,1632,Low
04-09-2025 19:00,Z6,28.5,74.29,0,89.08,26.37,0,Low
04-09-2025 20:00,Z6,26.41,76.72,0,89.21,25.22,18,Low
04-09-2025 21:00,Z6,26.01,77.82,0.2,89.46,24.31,0,Low
04-09-2025 22:00,Z6,26.33,77.42,0,89.49,25.46,3756,Low
04-09-2025 23:00,Z6,25.6,76.35,0,89.55,25.06,0,Low
05-09-2025 00:00,Z6,25.04,76.37,0,89.38,23.6,0,Low
05-09-2025 01:00,Z6,25.47,77.27,0,89.18,23.54,3028,Low
05-09-2025 02:00,Z6,26.3,76.49,0,88.97,24.56,1754,Low
05-09-2025 03:00,Z6,26.4,74.57,0,88.96,25.3,955,Low
05-09-2025 04:00,Z6,27.95,69.94,0,89.19,26.42,122,Low
05-09-2025 05:00,Z6,27.9,74.67,0,89.45,26.8,2461,Low
05-09-2025 06:00,Z6,29.97,74.9,0,88.52,28.23,181,Low
05-09-2025 07:00,Z6,31.87,69.19,0,88.86,29.85,12591,Low
05-09-2025 08:00,Z6,32.46,69.4,0.2,89.23,31.37,12552,Low
05-09-2025 09:00,Z6,32.61,64.8,0,88.65,31.34,32373,Low
05-09-2025 10:00,Z6,32.63,64.57,0,88.6,30.92,45401,Low
05-09-2025 11:00,Z6,33.82,63.61,0,88.18,31.75,45068,Low
05-09-2025 12:00,Z6,34.13,62.71,0,88.3,32.3,48943,Low
05-09-2025 13:00,Z6,33.56,68.14,0,88.4,32.71,46474,Low
05-09-2025 14:00,Z6,33.62,64.29,0,88.1,31.8,41492,Low
05-09-2025 15:00,Z6,32.73,67.54,0,88.27,31.3,35590,Low
05-09-2025 16:00,Z6,32.37,63.77,0,88.27,30.51,23193,Low
05-09-2025 17:00,Z6,30.54,71.16,0,88.7,28.65,12991,Low
05-09-2025 18:00,Z6,28.33,75.08,0,88.63,26.8,2970,Low
05-09-2025 19:00,Z6,28.13,78.97,0,88.7,26.6,4,Low
05-09-2025 20:00,Z6,27.83,73.36,0,88.75,25.87,0,Low
05-09-2025 21:00,Z6,26.25,74.43,0,88.59,24.55,0,Low
05-09-2025 22:00,Z6,25.52,77.2,0,88.54,24.25,836,Low
05-09-2025 23:00,Z6,25.28,74.97,0,88.12,23.71,0,Low
06-09-2025 00:00,Z6,25.09,78.45,0.2,88.31,24.02,1601,Low
06-09-2025 01:00,Z6,25.18,77.23,0,87.89,23.08,0,Low
06-09-2025 02:00,Z6,27.02,76.8,0.5,88.85,26.26,1331,Low
06-09-2025 03:00,Z6,26.39,78.09,0,88.23,25.64,0,Low
06-09-2025 04:00,Z6,27.94,73.82,0,88.25,26.17,0,Low
06-09-2025 05:00,Z6,28.49,70.7,0,88.14,26.75,2206,Low
06-09-2025 06:00,Z6,29.01,75.81,0,88.3,28.2,1881,Low
06-09-2025 07:00,Z6,31.84,66.94,0,88.28,30.88,16070,Low
06-09-2025 08:00,Z6,31.84,67.43,0,88.04,29.9,22278,Low
06-09-2025 09:00,Z6,32.39,68.86,0,88.02,31.66,33079,Low
06-09-2025 10:00,Z6,33.37,66.69,0,87.97,30.71,42000,Low
06-09-2025 11:00,Z6,32.79,63.79,0,88.24,31.16,47231,Low
06-09-2025 12:00,Z6,33.45,66.61,0,87.9,31.29,48344,Low
06-09-2025 13:00,Z6,33.62,64.36,0,87.43,32.17,46385,Low
06-09-2025 14:00,Z6,33.38,68.29,0,87.31,32.33,38966,Low
06-09-2025 15:00,Z6,31.89,66.02,0,87.16,29.85,34268,Low
06-09-2025 16:00,Z6,32.93,66.09,0,87.71,31.83,21902,Low
06-09-2025 17:00,Z6,30.05,69.68,0,87.89,27.97,11422,Low
06-09-2025 18:00,Z6,29.52,68.41,0,87.82,27.49,259,Low
06-09-2025 19:00,Z6,27.98,75.02,0,87.94,26.8,1733,Low
06-09-2025 20:00,Z6,26.22,74.66,0,87.78,24.39,2653,Low
06-09-2025 21:00,Z6,27.07,74.01,0,87.89,26.05,1294,Low
06-09-2025 22:00,Z6,26.24,76.59,0,87.54,25.24,0,Low
06-09-2025 23:00,Z6,25.1,75.11,0,87.5,23.42,1782,Low
07-09-2025 00:00,Z6,25.36,76.36,0,87.17,23.92,0,Low
07-09-2025 01:00,Z6,25.08,76.29,0,86.92,23.4,228,Low
07-09-2025 02:00,Z6,25.73,77.54,0,87.23,24.06,2748,Low
07-09-2025 03:00,Z6,26.2,79.91,0,87.1,24.89,0,Low
07-09-2025 04:00,Z6,25.87,74.79,0,86.95,24.32,0,Low
07-09-2025 05:00,Z6,27.31,74.8,0,87.28,25.28,1302,Low
07-09-2025 06:00,Z6,29.16,72.09,0,87.35,27.15,0,Low
07-09-2025 07:00,Z6,30.66,69.66,0,87.86,29.11,13143,Low
07-09-2025 08:00,Z6,31.85,69.68,0,87.81,30.34,25042,Low
07-09-2025 09:00,Z6,32.29,65.03,0,88.06,30.8,33646,Low
07-09-2025 10:00,Z6,33.37,65.08,0,87.74,31.29,37614,Low
07-09-2025 11:00,Z6,34.62,64.31,0,87.78,33.49,44066,Low
07-09-2025 12:00,Z6,35.19,64.7,0,88.07,34.23,45710,Low
07-09-2025 13:00,Z6,34.11,66.73,1,89.16,31.66,21228,Low
07-09-2025 14:00,Z6,32.8,67.88,0,89.17,31.63,36693,Low
07-09-2025 15:00,Z6,32.93,66.51,0,89.13,31.35,32423,Low
07-09-2025 16:00,Z6,32.19,66.66,0,88.88,30.46,25129,Low
07-09-2025 17:00,Z6,30.84,71.05,0,88.5,28.63,14475,Low
07-09-2025 18:00,Z6,29.94,72.96,1,89.62,28.49,0,Low
07-09-2025 19:00,Z6,27.65,75.42,0,89.05,26.75,897,Low
07-09-2025 20:00,Z6,27.72,72.72,0,88.91,26.07,0,Low
07-09-2025 21:00,Z6,26.3,77.99,0,88.8,24.48,2479,Low
07-09-2025 22:00,Z6,25.82,78.75,0,89.14,24.65,435,Low
07-09-2025 23:00,Z6,24.81,75.53,0,89.04,22.91,0,Low
08-09-2025 00:00,Z6,25.22,74.92,0,88.52,23.81,4796,Low
08-09-2025 01:00,Z6,25.69,78.38,0,88.82,24.09,1245,Low
08-09-2025 02:00,Z6,25.66,75.2,0,89.16,24.62,2098,Low
08-09-2025 03:00,Z6,25.98,76.7,0,89.39,25.1,1654,Low
08-09-2025 04:00,Z6,27.84,77.32,0.5,89.74,26.4,1617,Low
08-09-2025 05:00,Z6,28.86,71.88,0,90,27.34,0,Low
08-09-2025 06:00,Z6,30.07,69.36,0,89.91,28.11,0,Low
08-09-2025 07:00,Z6,30.73,69.98,0,89.98,29.43,13834,Low
08-09-2025 08:00,Z6,31.9,67.41,0,89.98,29.93,22135,Low
08-09-2025 09:00,Z6,32.02,68.94,0,89.92,30.88,33123,Low
08-09-2025 10:00,Z6,32.94,66.64,0,89.54,31.25,42605,Low
08-09-2025 11:00,Z6,34.03,64.66,0,89.45,32.55,47867,Low
08-09-2025 12:00,Z6,33.51,68.23,0,89.2,31.67,48409,Low
08-09-2025 13:00,Z6,32.99,66.08,0,89.36,31.42,48955,Low
08-09-2025 14:00,Z6,34.78,60.55,0,89.24,33.51,44332,Low
08-09-2025 15:00,Z6,33.48,61.31,0,88.57,32.07,32610,Low
08-09-2025 16:00,Z6,31.89,67.85,0,88.65,30.69,25866,Low
08-09-2025 17:00,Z6,30.4,68.37,0,88.81,28.91,11323,Low
08-09-2025 18:00,Z6,28.79,73.32,0,89.24,27.61,1047,Low
08-09-2025 19:00,Z6,28.54,71.54,0,88.9,27.09,0,Low
08-09-2025 20:00,Z6,26.83,84.71,2,90,25.54,0,Low
08-09-2025 21:00,Z6,27.35,81.22,2,90,25.78,112,Low
08-09-2025 22:00,Z6,25.28,77.74,0,90,23.5,0,Low
08-09-2025 23:00,Z6,24.79,77.14,0,90,22.79,639,Low
09-09-2025 00:00,Z6,25.62,76.48,0,90,24,0,Low
09-09-2025 01:00,Z6,25.44,76.16,0,89.74,24.23,63,Low
09-09-2025 02:00,Z6,25.49,77.75,0,89.67,24.31,541,Low
09-09-2025 03:00,Z6,26.91,73.85,0,89.51,26.29,0,Low
09-09-2025 04:00,Z6,26.92,73.41,0,88.92,25.61,0,Low
09-09-2025 05:00,Z6,28.18,72.4,0,88.89,26.7,0,Low
09-09-2025 06:00,Z6,29.27,71.75,0,88.61,27.89,2630,Low
09-09-2025 07:00,Z6,30.71,66.92,0,88.21,29.18,13290,Low
09-09-2025 08:00,Z6,32.24,67.43,0,88.01,30.94,26687,Low
09-09-2025 09:00,Z6,32.98,63.64,0,88.62,31.26,34487,Low
09-09-2025 10:00,Z6,33.44,62.72,0,88.39,31.97,41606,Low
09-09-2025 11:00,Z6,33.92,65.41,0,88.08,31.64,47414,Low
09-09-2025 12:00,Z6,33.67,66.48,0,87.51,32.23,51643,Low
09-09-2025 13:00,Z6,34.36,66,0,86.97,32.9,44001,Low
09-09-2025 14:00,Z6,33.68,68.51,0,87.15,32.32,42104,Low
09-09-2025 15:00,Z6,32.79,64.36,0,87.34,31.7,33324,Low
09-09-2025 16:00,Z6,31.33,67.14,0,87.43,29.99,27347,Low
09-09-2025 17:00,Z6,31.61,67.59,0,87.31,30.18,10274,Low
09-09-2025 18:00,Z6,29.41,72.13,0,87.58,27.32,0,Low
09-09-2025 19:00,Z6,28.95,74.52,0.2,87.71,28.07,2522,Low
09-09-2025 20:00,Z6,28.32,73.32,0,87.31,26.93,0,Low
09-09-2025 21:00,Z6,26.66,74.19,0,87.37,24.82,3567,Low
09-09-2025 22:00,Z6,25.68,77.84,0,87.44,23.71,8,Low
09-09-2025 23:00,Z6,25.09,78.26,0,86.85,24.29,1061,Low
10-09-2025 00:00,Z6,26.67,69.6,0,86.83,25.21,0,Low
10-09-2025 01:00,Z6,25.77,73.4,0,86.52,24.54,3739,Low
10-09-2025 02:00,Z6,24.8,77.78,0,86.65,23.04,0,Low
10-09-2025 03:00,Z6,26.99,75.08,0,86.64,25.34,0,Low
10-09-2025 04:00,Z6,27.52,72.31,0,85.97,25.44,0,Low
10-09-2025 05:00,Z6,27.62,73.39,0,85.78,26.17,305,Low
10-09-2025 06:00,Z6,29.42,71.32,0,85.87,27.46,749,Low
10-09-2025 07:00,Z6,31.71,65.49,0,85.89,30.37,11257,Low
10-09-2025 08:00,Z6,31.88,69.9,0,85.7,30.03,21880,Low
10-09-2025 09:00,Z6,32.4,68.86,0,85.57,29.97,33897,Low
10-09-2025 10:00,Z6,33.54,65.97,0,85.73,31.78,41482,Low
10-09-2025 11:00,Z6,34.27,63.88,0,86.14,32.81,47219,Low
10-09-2025 12:00,Z6,33.34,65.29,0,85.85,31.88,43552,Low
10-09-2025 13:00,Z6,34.47,66.62,0,85.99,33.32,49187,Low
10-09-2025 14:00,Z6,33.98,64.37,0,86.25,32.56,42010,Low
10-09-2025 15:00,Z6,32.89,68.02,0,86.05,31.12,31151,Low
10-09-2025 16:00,Z6,31.23,67.4,0,85.81,29.71,24331,Low
10-09-2025 17:00,Z6,30.44,68.9,0,85.74,28.49,11008,Low
10-09-2025 18:00,Z6,29.32,72.81,0,85.23,27.83,0,Low
10-09-2025 19:00,Z6,27.22,73.49,0,85.34,26.08,0,Low
10-09-2025 20:00,Z6,26.34,76.05,0,85.65,25.24,0,Low
10-09-2025 21:00,Z6,26.17,77.67,0,85.25,24.77,0,Low
10-09-2025 22:00,Z6,25.92,92.59,10,90,24.15,0,Low
10-09-2025 23:00,Z6,24.91,74.99,0,89.72,22.56,2,Low
11-09-2025 00:00,Z6,24.61,76.94,0,89.88,22.71,1664,Low
11-09-2025 01:00,Z6,25.13,75.16,0,89.55,23.87,1607,Low
11-09-2025 02:00,Z6,25.74,76.19,0,90,23.86,76,Low
11-09-2025 03:00,Z6,25.4,73.79,0,89.92,23.41,0,Low
11-09-2025 04:00,Z6,25.91,74.65,0,89.98,24.38,0,Low
11-09-2025 05:00,Z6,27.63,77.88,0,90,25.89,305,Low
11-09-2025 06:00,Z6,29.17,70.51,0,89.22,27.68,0,Low
11-09-2025 07:00,Z6,29.89,68.64,0,89.13,28.25,12553,Low
11-09-2025 08:00,Z6,31.52,68.21,0,89.03,29.89,23937,Low
11-09-2025 09:00,Z6,32.95,62.13,0,88.73,30.98,31167,Low
11-09-2025 10:00,Z6,33.89,63.38,0,88.38,32.36,43814,Low
11-09-2025 11:00,Z6,33.28,67.38,0,88.17,32.39,49268,Low
11-09-2025 12:00,Z6,33.74,63,0,88.15,32.39,48555,Low
11-09-2025 13:00,Z6,32.98,66.6,0,88.07,32.23,42810,Low
11-09-2025 14:00,Z6,33.82,64.26,0,87.33,32.19,38967,Low
11-09-2025 15:00,Z6,32.4,66.58,0,87.49,31.31,36166,Low
11-09-2025 16:00,Z6,32.12,67.86,0,86.88,30.68,24620,Low
11-09-2025 17:00,Z6,30.91,67.66,0,86.48,29.03,18595,Low
11-09-2025 18:00,Z6,29.56,70.77,0,86.1,29.02,0,Low
11-09-2025 19:00,Z6,28.18,70.31,0,86.09,26.48,2157,Low
11-09-2025 20:00,Z6,27.41,76.81,0,85.94,25.35,0,Low
11-09-2025 21:00,Z6,26.25,78.25,0,85.72,24.7,0,Low
11-09-2025 22:00,Z6,26.12,76.6,0,85.32,24.59,0,Low
11-09-2025 23:00,Z6,25.53,75.39,0,85.79,24.55,1341,Low
12-09-2025 00:00,Z6,25.35,76.62,0,85.9,24.13,3031,Low
12-09-2025 01:00,Z6,24.28,76.9,0,86,22.89,0,Low
12-09-2025 02:00,Z6,26.06,74.88,0,86.29,24.91,1360,Low
12-09-2025 03:00,Z6,26.32,75.01,0,85.87,25.13,0,Low
12-09-2025 04:00,Z6,27.79,74.04,0,86.25,25.95,0,Low
12-09-2025 05:00,Z6,27.83,72.52,0,85.78,26.05,3062,Low
12-09-2025 06:00,Z6,30,68.85,0,85.54,28.48,3003,Low
12-09-2025 07:00,Z6,30.25,67.87,0,85.73,29.26,11219,Low
12-09-2025 08:00,Z6,31.82,67.27,0,85.41,30.76,23212,Low
12-09-2025 09:00,Z6,32.89,67.26,0,85.35,31.2,37268,Low
12-09-2025 10:00,Z6,32.89,67.53,0,85.28,31.72,42197,Low
12-09-2025 11:00,Z6,33.59,68.45,0,85.02,31.82,48722,Low
12-09-2025 12:00,Z6,33.83,65.14,0,84.87,32.15,47750,Low
12-09-2025 13:00,Z6,34.6,63.85,0,84.61,33.16,46678,Low
12-09-2025 14:00,Z6,33.81,67.89,0,84.54,31.81,37751,Low
12-09-2025 15:00,Z6,33.27,65.65,0,85.22,31.98,34036,Low
12-09-2025 16:00,Z6,31.32,68.13,0,85.32,29.74,22973,Low
12-09-2025 17:00,Z6,29.97,72.01,0,85.25,28.45,11434,Low
12-09-2025 18:00,Z6,28.66,69.75,0,84.91,26.96,2774,Low
12-09-2025 19:00,Z6,27.54,73.83,0,85.24,25.88,0,Low
12-09-2025 20:00,Z6,25.92,77.38,0,85.39,24.55,0,Low
12-09-2025 21:00,Z6,26.28,76.12,0,85.14,24.85,0,Low
12-09-2025 22:00,Z6,24.57,78.2,0,85.7,22.98,0,Low
12-09-2025 23:00,Z6,23.82,80.18,0,85.32,22.43,0,Low
13-09-2025 00:00,Z6,24.55,77.46,0,85.61,23.33,1804,Low
13-09-2025 01:00,Z6,24.62,76.22,0,86.05,22.61,0,Low
13-09-2025 02:00,Z6,25.06,75.49,0,86.19,23.46,0,Low
13-09-2025 03:00,Z6,26.45,74.39,0,86.21,25,0,Low
13-09-2025 04:00,Z6,27.13,73.33,0,85.27,25.6,2672,Low
13-09-2025 05:00,Z6,27.47,69.83,0,84.78,25.52,1753,Low
13-09-2025 06:00,Z6,29.38,69.65,0,85.13,27.89,0,Low
13-09-2025 07:00,Z6,30.81,69.09,0,85.14,30.06,12661,Low
13-09-2025 08:00,Z6,32.43,72.66,2,87.32,30.56,12251,Low
13-09-2025 09:00,Z6,31.26,69.6,0,87.11,29.56,30461,Low
13-09-2025 10:00,Z6,33.45,64.76,0,87.13,31.63,41893,Low
13-09-2025 11:00,Z6,33.89,64.09,0,86.91,32.33,47919,Low
13-09-2025 12:00,Z6,34.24,65.1,0,87.3,32.32,48136,Low
13-09-2025 13:00,Z6,34.16,65.67,0,86.62,33.34,44983,Low
13-09-2025 14:00,Z6,33.6,65.61,0,86.47,32.61,41714,Low
13-09-2025 15:00,Z6,31.91,65.76,0,86.33,29.99,31111,Low
13-09-2025 16:00,Z6,31.2,68.09,0.2,86.19,29.81,15793,Low
13-09-2025 17:00,Z6,30.15,70.26,0,86.26,28.26,14956,Low
13-09-2025 18:00,Z6,30.12,71.2,0,86.37,27.71,0,Low
13-09-2025 19:00,Z6,29.77,72.28,0,86.54,27.79,940,Low
13-09-2025 20:00,Z6,27.59,72.61,0,86.89,26.13,1155,Low
13-09-2025 21:00,Z6,26.9,75.29,0,86.82,25.32,0,Low
13-09-2025 22:00,Z6,24.53,78.17,0,86.78,23.24,0,Low
13-09-2025 23:00,Z6,24.97,77.6,0,87,23.77,3756,Low
14-09-2025 00:00,Z6,25.24,79.14,0,86.75,23.48,0,Low
14-09-2025 01:00,Z6,25.56,75.18,0,86.35,23.85,0,Low
14-09-2025 02:00,Z6,25.13,78.16,0,86.62,23.66,0,Low
14-09-2025 03:00,Z6,26.82,72.71,0,86.63,25.46,989,Low
14-09-2025 04:00,Z6,27.8,71.42,0,86.92,26.66,0,Low
14-09-2025 05:00,Z6,29.04,74.25,0,87.18,27.7,1385,Low
14-09-2025 06:00,Z6,29.02,74.69,0,87.03,27.25,2086,Low
14-09-2025 07:00,Z6,30.33,70.99,0,86.68,28.54,8618,Low
14-09-2025 08:00,Z6,31.5,69.12,0,86.35,29.6,25741,Low
14-09-2025 09:00,Z6,32.14,62.71,0,86.02,30.62,36982,Low
14-09-2025 10:00,Z6,33.79,66.5,0,86.47,32.66,41892,Low
14-09-2025 11:00,Z6,33.83,64.93,0,86.58,32.4,44075,Low
14-09-2025 12:00,Z6,34.05,60.91,0,86.95,31.8,49099,Low
14-09-2025 13:00,Z6,33.85,66.1,0,86.65,31.6,44868,Low
14-09-2025 14:00,Z6,32.42,66.73,0,86.38,30.89,42753,Low
14-09-2025 15:00,Z6,32.05,65.73,0,86.09,31.39,30169,Low
14-09-2025 16:00,Z6,32.48,67.86,0,86.34,32.03,25021,Low
14-09-2025 17:00,Z6,30.93,75.45,2,88.94,30.33,7323,Low
14-09-2025 18:00,Z6,30.06,70.04,0,88.75,28.7,0,Low
14-09-2025 19:00,Z6,28.69,73.53,0,88.76,27.17,257,Low
14-09-2025 20:00,Z6,26.75,75.34,0,88.32,24.31,0,Low
14-09-2025 21:00,Z6,26.15,73.1,0,88.19,24.49,0,Low
14-09-2025 22:00,Z6,25.95,76.98,0,88.31,23.98,0,Low
14-09-2025 23:00,Z6,25.06,82.75,0.2,88.11,23.41,0,Low
15-09-2025 00:00,Z6,25.93,74.9,0,87.76,24.37,0,Low
15-09-2025 01:00,Z6,25.24,76.91,0,87.33,24.11,3671,Low
15-09-2025 02:00,Z6,25.19,79.7,0,87.48,22.57,0,Low
15-09-2025 03:00,Z6,27.32,73.39,0,87.69,25.97,1952,Low
15-09-2025 04:00,Z6,27.74,74.7,0,87.87,26.88,856,Low
15-09-2025 05:00,Z6,28.72,73.17,0,87.65,27.13,944,Low
15-09-2025 06:00,Z6,28.79,71.96,0,87.92,27.23,701,Low
15-09-2025 07:00,Z6,32.05,67.3,0,87.85,30.23,10193,Low
15-09-2025 08:00,Z6,31.77,67,0,88.09,29.9,23365,Low
15-09-2025 09:00,Z6,33.09,67.25,0,88.22,31.54,33765,Low
15-09-2025 10:00,Z6,34.7,64.74,0,88.29,33.05,40506,Low
15-09-2025 11:00,Z6,33.57,65.89,0,88.23,32.39,44671,Low
15-09-2025 12:00,Z6,34.14,66.23,0,88.33,32.35,50441,Low
15-09-2025 13:00,Z6,33.19,64.74,0,88.2,31.59,46461,Low
15-09-2025 14:00,Z6,33.57,64.54,0,87.53,31.63,39139,Low
15-09-2025 15:00,Z6,33.75,67.57,0,87.36,31.62,35042,Low
15-09-2025 16:00,Z6,30.96,68.46,0,87.43,28.92,26822,Low
15-09-2025 17:00,Z6,30.31,69.78,0,87.62,28.61,11420,Low
15-09-2025 18:00,Z6,30.56,70.23,0,87.35,28.4,0,Low
15-09-2025 19:00,Z6,27.7,75.6,0,87.46,26.3,1790,Low
15-09-2025 20:00,Z6,27.07,75.46,0,87.7,25.54,46,Low
15-09-2025 21:00,Z6,26.63,75.06,0,87.81,25.25,2356,Low
15-09-2025 22:00,Z6,25.72,74.79,0,87.47,23.7,309,Low
15-09-2025 23:00,Z6,25.98,75.73,0,87.66,24.54,358,Low
16-09-2025 00:00,Z6,25.23,75.13,0,88.78,24.43,0,Low
16-09-2025 01:00,Z6,24.8,75.46,0,88.7,23.05,3926,Low
16-09-2025 02:00,Z6,26.05,74.91,0,89.08,24.3,2783,Low
16-09-2025 03:00,Z6,25.59,79.54,0,88.9,24.23,0,Low
16-09-2025 04:00,Z6,26.76,74.76,0,88.62,25.11,2215,Low
16-09-2025 05:00,Z6,28.3,73.93,0,88.84,27.2,0,Low
16-09-2025 06:00,Z6,29.64,75.66,1,90,28.27,0,Low
16-09-2025 07:00,Z6,29.72,71.01,0,89.74,28.24,15320,Low
16-09-2025 08:00,Z6,31.93,67.77,0,89.06,29.98,22677,Low
16-09-2025 09:00,Z6,33.13,64.96,0,88.71,31.41,34518,Low
16-09-2025 10:00,Z6,33.62,63.19,0,88.62,32.09,46269,Low
16-09-2025 11:00,Z6,33.33,70.19,0,88.46,32.12,44667,Low
16-09-2025 12:00,Z6,33.75,64.93,0,87.94,32.37,47356,Low
16-09-2025 13:00,Z6,33.69,64.78,0,88.18,31.38,48204,Low
16-09-2025 14:00,Z6,33.63,65.77,0,88.39,32.28,41673,Low
16-09-2025 15:00,Z6,32.68,68.71,0,88.52,31.23,34967,Low
16-09-2025 16:00,Z6,32.02,68.83,0,88.24,30.42,23986,Low
16-09-2025 17:00,Z6,30.82,69.06,0,88.37,29.95,14240,Low
16-09-2025 18:00,Z6,30.11,69.39,0,88.59,28.4,175,Low
16-09-2025 19:00,Z6,28.85,88.66,5,90,27.92,1202,Low
16-09-2025 20:00,Z6,27.26,76.54,0,89.79,25.57,0,Low
16-09-2025 21:00,Z6,25.96,77.49,0,89.47,24.58,2914,Low
16-09-2025 22:00,Z6,26.2,74.17,0,89.59,24.2,1338,Low
16-09-2025 23:00,Z6,24.84,77.57,0,89.13,23.28,141,Low
17-09-2025 00:00,Z6,24.98,77.53,0,89.02,24.01,0,Low
17-09-2025 01:00,Z6,24.51,78.01,0,89.3,23.47,0,Low
17-09-2025 02:00,Z6,24.87,80.33,0,89.26,22.89,0,Low
17-09-2025 03:00,Z6,26.49,76.75,0,89.15,24.8,0,Low
17-09-2025 04:00,Z6,27.94,75.01,0,89.33,26.1,0,Low
17-09-2025 05:00,Z6,27.99,70.26,0,89.69,26.36,318,Low
17-09-2025 06:00,Z6,30.06,68.35,0,89.95,29.21,0,Low
17-09-2025 07:00,Z6,32.06,68.24,0,89.44,30.92,10485,Low
17-09-2025 08:00,Z6,31.25,68.9,0,89.56,28.91,18438,Low
17-09-2025 09:00,Z6,32.18,68.88,0,89.25,30.04,36128,Low
17-09-2025 10:00,Z6,34.45,65.19,0,89.5,33.41,44137,Low
17-09-2025 11:00,Z6,34.61,64.12,0.2,89.18,33.26,19206,Low
17-09-2025 12:00,Z6,33.63,68.98,0,89.46,32.64,49685,Low
17-09-2025 13:00,Z6,33.91,63.73,0,89.68,32.2,45621,Low
17-09-2025 14:00,Z6,31.8,71.51,0,89.18,30.37,43202,Low
17-09-2025 15:00,Z6,33.41,66.86,0,89.05,31.51,32650,Low
17-09-2025 16:00,Z6,30.91,68.19,0,88.99,28.65,25960,Low
17-09-2025 17:00,Z6,31.34,67.77,0,89.03,29.6,11689,Low
17-09-2025 18:00,Z6,29.91,70.78,0,89.18,28.29,0,Low
17-09-2025 19:00,Z6,27.49,74.37,0.5,89.76,25.88,0,Low
17-09-2025 20:00,Z6,28.31,74.03,0,89.53,26.87,0,Low
17-09-2025 21:00,Z6,26.53,74.78,0,89.32,24.75,2900,Low
17-09-2025 22:00,Z6,25.72,79.09,0,89.03,24.57,3422,Low
17-09-2025 23:00,Z6,24.42,76.52,0,88.87,23.47,0,Low
18-09-2025 00:00,Z6,25.15,76.72,0,89.11,23.79,0,Low
18-09-2025 01:00,Z6,25.09,76.39,0,88.86,23.29,244,Low
18-09-2025 02:00,Z6,25.37,79.15,0,88.81,23.33,363,Low
18-09-2025 03:00,Z6,25.91,76.92,0,88.84,24.71,236,Low
18-09-2025 04:00,Z6,26.85,74.76,0.2,89.19,24.44,0,Low
18-09-2025 05:00,Z6,28.07,70.31,0,88.61,26.91,0,Low
18-09-2025 06:00,Z6,28.99,70.25,0,88.57,27.33,1036,Low
18-09-2025 07:00,Z6,31.13,70.07,0,88.78,29.74,13073,Low
18-09-2025 08:00,Z6,31.85,68.3,0.2,88.97,29.72,11882,Low
18-09-2025 09:00,Z6,32.77,68.76,0,88.9,30.91,35395,Low
18-09-2025 10:00,Z6,33.66,63.03,0,89.18,31.4,40516,Low
18-09-2025 11:00,Z6,33.48,66.35,0,88.53,31.91,50618,Low
18-09-2025 12:00,Z6,34.34,65.73,0,88.26,32.82,47559,Low
18-09-2025 13:00,Z6,33.57,64.09,0,88.62,32.46,46917,Low
18-09-2025 14:00,Z6,33.96,65.72,0,89.11,33.1,40248,Low
18-09-2025 15:00,Z6,32.8,68.22,0,88.75,30.98,32187,Low
18-09-2025 16:00,Z6,31.23,70.27,0,88.66,29.57,22038,Low
18-09-2025 17:00,Z6,31.31,66.7,0,88.6,28.89,12401,Low
18-09-2025 18:00,Z6,28.91,71.47,0,88.88,26.67,1690,Low
18-09-2025 19:00,Z6,27.86,89.76,5,90,26.97,0,Low
18-09-2025 20:00,Z6,27.81,73.28,0.5,90,25.94,0,Low
18-09-2025 21:00,Z6,25.95,78.84,0,89.7,24.61,2036,Low
18-09-2025 22:00,Z6,24.05,81.09,0,89.71,22.44,0,Low
18-09-2025 23:00,Z6,25.84,76.85,0,89.88,24.59,1011,Low
19-09-2025 00:00,Z6,24.06,81.69,0,90,23.18,0,Low
19-09-2025 01:00,Z6,25.55,75.65,0,90,24.03,0,Low
19-09-2025 02:00,Z6,25,77.71,0,90,23.68,0,Low
19-09-2025 03:00,Z6,25.87,74.49,0,89.67,24.5,839,Low
19-09-2025 04:00,Z6,26.91,76.17,0,89.38,24.96,0,Low
19-09-2025 05:00,Z6,27.08,71.28,0,89.71,26.46,176,Low
19-09-2025 06:00,Z6,29.63,73.58,0,89.72,27.75,0,Low
19-09-2025 07:00,Z6,31.11,70.22,0,89.21,29.34,14602,Low
19-09-2025 08:00,Z6,31.95,67.22,0,89.36,30.46,25970,Low
19-09-2025 09:00,Z6,32.84,68.81,0,89.59,31.36,34782,Low
19-09-2025 10:00,Z6,34.58,62.85,0,89.62,32.93,40428,Low
19-09-2025 11:00,Z6,34.43,62.26,0,88.71,33.87,47264,Low
19-09-2025 12:00,Z6,34.71,60.44,0,87.99,33.09,50223,Low
19-09-2025 13:00,Z6,32.79,64.33,0,88.12,31.43,46974,Low
19-09-2025 14:00,Z6,32.71,67.67,0,88.25,31.64,39033,Low
19-09-2025 15:00,Z6,33.02,67.08,0,88.71,31.88,32448,Low
19-09-2025 16:00,Z6,31.63,68.74,0,88.77,29.84,26808,Low
19-09-2025 17:00,Z6,30.16,70.37,0,88.48,28.37,12468,Low
19-09-2025 18:00,Z6,29.78,68.83,0,88.53,28.43,250,Low
19-09-2025 19:00,Z6,29.47,71.9,0,87.71,27.67,2944,Low
19-09-2025 20:00,Z6,27.34,73.11,0,87.71,26.11,177,Low
19-09-2025 21:00,Z6,26.75,80.6,0,87.88,25.7,0,Low
19-09-2025 22:00,Z6,26.83,76.57,0,87.98,25.39,0,Low
19-09-2025 23:00,Z6,24.98,75.79,0,88.2,23.59,145,Low
20-09-2025 00:00,Z6,24.83,77.08,0,88.07,23.28,0,Low
20-09-2025 01:00,Z6,25.46,79.4,0,87.93,24.33,0,Low
20-09-2025 02:00,Z6,25.7,75.83,0,87.68,23.97,1093,Low
20-09-2025 03:00,Z6,25.76,78.91,0,88.15,24.19,0,Low
20-09-2025 04:00,Z6,26.71,75.85,0,88.5,25.27,2898,Low
20-09-2025 05:00,Z6,28.05,71.8,0,88.58,27.49,2754,Low
20-09-2025 06:00,Z6,29.27,70.31,0,88.66,27.34,0,Low
20-09-2025 07:00,Z6,30.68,68.78,0,88.77,29.49,10667,Low
20-09-2025 08:00,Z6,32.22,67.14,0.2,89.1,30.09,9664,Low
20-09-2025 09:00,Z6,31.56,68.05,0,89.53,30.78,35573,Low
20-09-2025 10:00,Z6,33.19,66.34,0,89.63,31.78,41740,Low
20-09-2025 11:00,Z6,33.46,65.13,0,89.92,31.84,47477,Low
20-09-2025 12:00,Z6,33.9,65.43,0,90,31.76,47548,Low
20-09-2025 13:00,Z6,34.32,62.44,0,89.7,32.82,45627,Low
20-09-2025 14:00,Z6,34.49,63.84,0,89.95,32.08,38422,Low
20-09-2025 15:00,Z6,31.86,68.44,0,89.78,30.19,34989,Low
20-09-2025 16:00,Z6,31.41,66.45,0,89.93,29.93,23352,Low
20-09-2025 17:00,Z6,30.99,74.89,2,90,29.52,4821,Low
20-09-2025 18:00,Z6,30.24,71.01,0,89.59,28.39,0,Low
20-09-2025 19:00,Z6,28.58,70.78,0,89.8,26.72,0,Low
20-09-2025 20:00,Z6,28.06,72.65,0,89.59,25.91,2171,Low
20-09-2025 21:00,Z6,25.7,75.68,0,89.87,24.38,0,Low
20-09-2025 22:00,Z6,26.01,77.95,0,90,24.45,3103,Low
20-09-2025 23:00,Z6,24.99,77.98,0,90,23.84,3087,Low
21-09-2025 00:00,Z6,25.05,78.24,0,89.77,23.37,691,Low
21-09-2025 01:00,Z6,24.92,77.41,0,89.34,22.74,0,Low
21-09-2025 02:00,Z6,25.18,74.03,0,89.41,23.76,0,Low
21-09-2025 03:00,Z6,25.56,77.73,0,89.28,23.12,811,Low
21-09-2025 04:00,Z6,28.46,72.36,0,88.94,27.45,64,Low
21-09-2025 05:00,Z6,28.79,73.08,0,88.64,27.11,0,Low
21-09-2025 06:00,Z6,29.68,71.78,0,88.46,27.81,0,Low
21-09-2025 07:00,Z6,30.93,70.37,0,88.51,29.13,13528,Low
21-09-2025 08:00,Z6,32.09,65.1,0,88.37,30.15,21629,Low
21-09-2025 09:00,Z6,33.37,65.64,0,88.27,32.17,34643,Low
21-09-2025 10:00,Z6,33.96,66.8,0,88.28,32.63,43431,Low
21-09-2025 11:00,Z6,32.8,67.46,0,88.4,30.74,46620,Low
21-09-2025 12:00,Z6,34.29,63.51,0,88.78,32.86,44588,Low
21-09-2025 13:00,Z6,34.08,66.3,0,88.43,32.02,47387,Low
21-09-2025 14:00,Z6,32.18,64.72,0,88.19,30.85,42529,Low
21-09-2025 15:00,Z6,33.45,67.2,0,88.02,32.02,31079,Low
21-09-2025 16:00,Z6,31.47,67.04,0,88.27,30,23103,Low
21-09-2025 17:00,Z6,31.32,71.05,0,87.85,29.09,9907,Low
21-09-2025 18:00,Z6,29.22,70.93,0,87.4,27.54,1678,Low
21-09-2025 19:00,Z6,28.29,74.15,0,87.39,26.93,0,Low
21-09-2025 20:00,Z6,26.81,73.63,0,87.4,25.26,0,Low
21-09-2025 21:00,Z6,26.33,74,0,87.06,25.25,382,Low
21-09-2025 22:00,Z6,25.78,76.63,0,87.08,24.68,546,Low
21-09-2025 23:00,Z6,24.6,77.37,0,87.24,23.09,795,Low
22-09-2025 00:00,Z6,24.77,78.88,0,87.07,23.18,913,Low
22-09-2025 01:00,Z6,24.95,77.92,0,87.25,23.81,3665,Low
22-09-2025 02:00,Z6,25.08,76.98,0,87.49,23.08,453,Low
22-09-2025 03:00,Z6,25.73,79.38,0,86.79,24.75,698,Low
22-09-2025 04:00,Z6,26.97,75.63,0,86.74,26.07,0,Low
22-09-2025 05:00,Z6,28.38,71.55,0,86.63,27.26,401,Low
22-09-2025 06:00,Z6,29.12,72.23,0,86.03,26.7,2533,Low
22-09-2025 07:00,Z6,29.92,68.72,0,85.26,28.14,11473,Low
22-09-2025 08:00,Z6,32.64,67.4,0,85.28,30.59,25788,Low
22-09-2025 09:00,Z6,32.95,67.24,0,84.97,30.97,36666,Low
22-09-2025 10:00,Z6,32.86,65.51,0,84.05,31.25,38797,Low
22-09-2025 11:00,Z6,34.61,62.68,0,84.1,33.1,44708,Low
22-09-2025 12:00,Z6,34.07,64.56,0,83.81,33.03,47765,Low
22-09-2025 13:00,Z6,32.68,67.17,0,83.31,31.75,43940,Low
22-09-2025 14:00,Z6,34.16,63.14,0,83.36,32.54,39096,Low
22-09-2025 15:00,Z6,33.71,63.79,0,83.58,32.3,30160,Low
22-09-2025 16:00,Z6,31.82,64.93,0,83.64,31.28,23966,Low
22-09-2025 17:00,Z6,30.95,68.99,0,83.58,29.53,9994,Low
22-09-2025 18:00,Z6,28.62,75.85,0,82.96,26.91,2259,Low
22-09-2025 19:00,Z6,28.38,72.08,0,82.42,26.77,0,Low
22-09-2025 20:00,Z6,27.07,74.06,0,82.24,26.21,0,Low
22-09-2025 21:00,Z6,25.85,78.37,1,84.03,23.84,3566,Low
22-09-2025 22:00,Z6,25.12,74.58,0,83.3,23.45,1595,Low
22-09-2025 23:00,Z6,24.37,80.8,0,83.66,22.47,0,Low
23-09-2025 00:00,Z6,25.11,77.74,0,84.15,23.89,0,Low
23-09-2025 01:00,Z6,24.82,74.83,0,84.42,23.7,2122,Low
23-09-2025 02:00,Z6,25.84,77.62,0,84.54,23.63,2386,Low
23-09-2025 03:00,Z6,26.49,75.06,0,84.32,25.33,420,Low
23-09-2025 04:00,Z6,28.16,70.36,0,84.3,26.6,0,Low
23-09-2025 05:00,Z6,27.9,68.74,0,83.81,26.67,0,Low
23-09-2025 06:00,Z6,29.38,71.61,0,84.43,27.68,0,Low
23-09-2025 07:00,Z6,30.82,69.57,0.5,85.5,28.6,8131,Low
23-09-2025 08:00,Z6,32.21,66.25,0,85.51,30.5,26326,Low
23-09-2025 09:00,Z6,32.07,68.93,0.2,86.02,29.93,17400,Low
23-09-2025 10:00,Z6,33.32,65.1,0,85.75,32.46,46636,Low
23-09-2025 11:00,Z6,33.6,65.83,0,84.88,31.88,46453,Low
23-09-2025 12:00,Z6,32.92,64.75,0,84.7,31.44,47032,Low
23-09-2025 13:00,Z6,33.89,63.83,0,84.89,32.28,44609,Low
23-09-2025 14:00,Z6,34,64.58,0.2,84.97,32.72,20625,Low
23-09-2025 15:00,Z6,32.09,69.65,0,84.72,30.45,30066,Low
23-09-2025 16:00,Z6,31.06,66.4,0,84.64,29.66,26300,Low
23-09-2025 17:00,Z6,30.12,84.8,5,90,28.1,4525,Low
23-09-2025 18:00,Z6,28.9,70.03,0,89.74,27.07,0,Low
23-09-2025 19:00,Z6,29.08,69.77,0,90,27.83,0,Low
23-09-2025 20:00,Z6,26.93,75.75,0,89.77,25.24,0,Low
23-09-2025 21:00,Z6,26.06,75.62,0,89.57,24.88,301,Low
23-09-2025 22:00,Z6,26.06,76.23,0,89.26,24.7,226,Low
23-09-2025 23:00,Z6,25.15,73.69,0,88.55,23.34,1950,Low
24-09-2025 00:00,Z6,25.42,73.68,0,88.64,24.27,0,Low
24-09-2025 01:00,Z6,24.9,76.96,0.2,88.78,23.71,1798,Low
24-09-2025 02:00,Z6,25.67,73.24,0,88.4,23.59,0,Low
24-09-2025 03:00,Z6,26.54,74.58,0,88.22,24.55,486,Low
24-09-2025 04:00,Z6,28.1,68.16,0,87.75,26.23,1078,Low
24-09-2025 05:00,Z6,28.48,70.76,0,88.42,27.34,0,Low
24-09-2025 06:00,Z6,30.31,71.13,0,88.08,29,1534,Low
24-09-2025 07:00,Z6,30.49,68.38,0,88.29,29.42,11017,Low
24-09-2025 08:00,Z6,32.07,66.57,0,88.14,30.88,24591,Low
24-09-2025 09:00,Z6,32.18,68.78,0,88.46,30.75,33826,Low
24-09-2025 10:00,Z6,33.76,63.64,0,88.35,32.09,39108,Low
24-09-2025 11:00,Z6,34.39,60.73,0,88.57,32.97,46059,Low
24-09-2025 12:00,Z6,33.86,65.14,0,88.22,32.24,46628,Low
24-09-2025 13:00,Z6,34.14,64.44,0,87.7,33.14,48442,Low
24-09-2025 14:00,Z6,33.13,66.88,0,87.15,31.55,42520,Low
24-09-2025 15:00,Z6,32.99,66.1,0,87.21,31.5,35177,Low
24-09-2025 16:00,Z6,31.9,67.83,0,87.22,30.34,25614,Low
24-09-2025 17:00,Z6,31.35,69.81,0,86.75,29.25,10547,Low
24-09-2025 18:00,Z6,29.05,75.03,0,86.91,27.55,0,Low
24-09-2025 19:00,Z6,28.54,88.58,5,90,26.7,1726,Low
24-09-2025 20:00,Z6,28.28,73.99,0,90,26.67,2789,Low
24-09-2025 21:00,Z6,26.07,74.91,0,90,25.13,2465,Low
24-09-2025 22:00,Z6,25.29,79.34,0,90,23.72,2519,Low
24-09-2025 23:00,Z6,25.19,75.51,0,90,23.63,0,Low
25-09-2025 00:00,Z6,25.37,75.7,0,89.23,24.19,5314,Low
25-09-2025 01:00,Z6,25.24,76.21,0,88.9,24.31,811,Low
25-09-2025 02:00,Z6,26.57,76.28,0,89.1,25.38,957,Low
25-09-2025 03:00,Z6,26.77,74.78,0,89.48,25.11,1829,Low
25-09-2025 04:00,Z6,26.93,74.31,0,88.99,25.58,1914,Low
25-09-2025 05:00,Z6,28.3,87.5,10,90,26.68,1149,Low
25-09-2025 06:00,Z6,30.15,70.07,0,89.34,28.23,80,Low
25-09-2025 07:00,Z6,30.99,69.63,0,89.23,30.18,15140,Low
25-09-2025 08:00,Z6,31.57,68.39,0,88.9,29.69,22819,Low
25-09-2025 09:00,Z6,33.39,65.19,0,88.89,32.33,34665,Low
25-09-2025 10:00,Z6,32.15,70.35,0,88.87,31.35,34848,Low
25-09-2025 11:00,Z6,33.19,66.73,0,88.7,31.15,46249,Low
25-09-2025 12:00,Z6,33.6,65.06,0,88.04,31.96,47795,Low
25-09-2025 13:00,Z6,34.87,65.84,0,88.32,33.71,46496,Low
25-09-2025 14:00,Z6,32.54,70.39,0,87.69,31.2,39432,Low
25-09-2025 15:00,Z6,32.33,65.55,0,87.84,30.76,31042,Low
25-09-2025 16:00,Z6,31.02,67.84,0,88.17,29.21,23599,Low
25-09-2025 17:00,Z6,30.19,70.32,0,88.05,27.88,9089,Low
25-09-2025 18:00,Z6,29.05,71.25,0,88,27.94,0,Low
25-09-2025 19:00,Z6,27.15,74.68,0,88.18,26.36,0,Low
25-09-2025 20:00,Z6,27.53,72.26,0,88.22,25.67,0,Low
25-09-2025 21:00,Z6,26.94,76.76,0,88.14,25.58,227,Low
25-09-2025 22:00,Z6,25.15,79.84,0.2,88.59,23.67,0,Low
25-09-2025 23:00,Z6,24.49,79.16,0,88.47,22.11,1894,Low
26-09-2025 00:00,Z6,24.73,77.48,0,88.1,23.72,0,Low
26-09-2025 01:00,Z6,26.05,74.73,0,88.26,24.45,0,Low
26-09-2025 02:00,Z6,25,77.34,0,88.53,23.73,0,Low
26-09-2025 03:00,Z6,25.85,80.11,0,88.09,24.16,0,Low
26-09-2025 04:00,Z6,27.34,74.69,0,88.19,26.12,0,Low
26-09-2025 05:00,Z6,28.47,74.27,0,88.18,27.12,0,Low
26-09-2025 06:00,Z6,29.08,72.98,0,88.26,28.2,0,Low
26-09-2025 07:00,Z6,31,69.17,0,88.36,30.12,11143,Low
26-09-2025 08:00,Z6,32.17,64.84,0,88.23,30.01,21277,Low
26-09-2025 09:00,Z6,31.75,69.99,0,88.07,30.19,31281,Low
26-09-2025 10:00,Z6,33.98,60.21,0,87.74,32.5,39686,Low
26-09-2025 11:00,Z6,33.75,64.69,0,87.2,31.53,46044,Low
26-09-2025 12:00,Z6,33.8,63.63,0,87.51,33.18,45730,Low
26-09-2025 13:00,Z6,33.58,65.92,0,87.59,32.01,42372,Low
26-09-2025 14:00,Z6,33.46,68.66,0,87.69,31.89,43747,Low
26-09-2025 15:00,Z6,32.72,70.14,0,87.01,30.91,35780,Low
26-09-2025 16:00,Z6,31.43,67.81,0.2,87.1,29.82,8102,Low
26-09-2025 17:00,Z6,29.8,73.38,0,87.93,27.9,11644,Low
26-09-2025 18:00,Z6,29.94,67.6,0,88.01,27.78,0,Low
26-09-2025 19:00,Z6,29.45,72.52,0,87.75,28.3,0,Low
26-09-2025 20:00,Z6,26.16,75.43,0,87.8,24.21,1493,Low
26-09-2025 21:00,Z6,25.92,73.41,0,87.62,24.23,0,Low
26-09-2025 22:00,Z6,26.03,76.23,0,87.6,24.52,213,Low
26-09-2025 23:00,Z6,23.91,79.37,0,87.52,23.31,2448,Low
27-09-2025 00:00,Z6,25.71,76.23,0,87.19,24.27,1249,Low
27-09-2025 01:00,Z6,25.07,77.98,0,86.97,23.37,265,Low
27-09-2025 02:00,Z6,25.71,75.52,0.2,86.92,24.35,0,Low
27-09-2025 03:00,Z6,26.59,75.96,1,88.12,25.17,0,Low
27-09-2025 04:00,Z6,28.24,73.81,0,87.49,26.94,0,Low
27-09-2025 05:00,Z6,28.49,72.11,0,86.94,27.04,0,Low
27-09-2025 06:00,Z6,28.74,70.58,0,86.38,27.54,3934,Low
27-09-2025 07:00,Z6,32.05,69.14,0,86.04,29.91,14603,Low
27-09-2025 08:00,Z6,32.52,69.94,0,86.06,30.94,27111,Low
27-09-2025 09:00,Z6,32.88,66.63,0,86.1,30.86,33729,Low
27-09-2025 10:00,Z6,33.44,66.21,0,85.8,31.34,44881,Low
27-09-2025 11:00,Z6,33.6,67.27,0,85.83,31.86,42611,Low
27-09-2025 12:00,Z6,33.5,68.29,0,85.55,32.36,48032,Low
27-09-2025 13:00,Z6,34.57,62.89,0,86.13,33.65,45891,Low
27-09-2025 14:00,Z6,32.97,64.49,0,86.03,31.12,42523,Low
27-09-2025 15:00,Z6,32.31,66.96,0,86.1,30.94,36005,Low
27-09-2025 16:00,Z6,31.58,67.79,0,86.17,30.16,24151,Low
27-09-2025 17:00,Z6,30.78,70.38,0,86.28,29.84,11635,Low
27-09-2025 18:00,Z6,29.4,70.66,0,86.54,28.77,0,Low
27-09-2025 19:00,Z6,28.2,71.73,0,86.24,26.62,0,Low
27-09-2025 20:00,Z6,26.32,76.2,0,86.35,25.23,0,Low
27-09-2025 21:00,Z6,26.77,75.82,0,86.18,25.17,0,Low
27-09-2025 22:00,Z6,25.11,75.94,0,85.88,24.29,0,Low
27-09-2025 23:00,Z6,24.75,78.48,0,86.07,23.02,0,Low
28-09-2025 00:00,Z6,25.16,77.31,0,85.81,23.89,0,Low
28-09-2025 01:00,Z6,25.71,78.37,0,85.75,23.83,2700,Low
28-09-2025 02:00,Z6,25.53,75.83,0,85.84,24.12,0,Low
28-09-2025 03:00,Z6,26.62,75.15,0,85.77,25.01,0,Low
28-09-2025 04:00,Z6,26.19,75.53,0,86.13,25.09,0,Low
28-09-2025 05:00,Z6,28.68,72.62,0,85.96,27.26,787,Low
28-09-2025 06:00,Z6,29.77,74.41,0,86.18,27.44,587,Low
28-09-2025 07:00,Z6,30.49,68.53,0,86.33,28.88,12747,Low
28-09-2025 08:00,Z6,30.69,71.87,0,85.67,29.43,21758,Low
28-09-2025 09:00,Z6,32.62,67.99,0,85.54,31.18,36493,Low
28-09-2025 10:00,Z6,33.15,69.64,0,85.69,31.17,42193,Low
28-09-2025 11:00,Z6,34.16,68.65,1,86.73,32.26,20062,Low
28-09-2025 12:00,Z6,33.74,64.31,0,86.13,32.3,48884,Low
28-09-2025 13:00,Z6,34.52,63.41,0,86.43,33.31,43751,Low
28-09-2025 14:00,Z6,33.22,64.85,0,86.53,31.39,42179,Low
28-09-2025 15:00,Z6,32.91,68.8,0,86.71,30.8,33476,Low
28-09-2025 16:00,Z6,30.99,69.63,0,86.26,29.6,22787,Low
28-09-2025 17:00,Z6,30.57,70.5,0,86.07,29.75,12988,Low
28-09-2025 18:00,Z6,29.83,71.71,0,86.32,28.59,1078,Low
28-09-2025 19:00,Z6,28.55,72.67,0,86.22,26.71,0,Low
28-09-2025 20:00,Z6,26.63,76.14,0,86.14,24.42,4214,Low
28-09-2025 21:00,Z6,26.23,78.77,0,86.21,23.6,0,Low
28-09-2025 22:00,Z6,24.92,77.92,0,85.98,23.88,2979,Low
28-09-2025 23:00,Z6,25.22,77.67,0,85.86,23.48,0,Low
29-09-2025 00:00,Z6,25.38,77.5,0,85.63,23.24,0,Low
29-09-2025 01:00,Z6,24.01,80.22,0,85.72,22.55,491,Low
29-09-2025 02:00,Z6,25.71,74.51,0,85.33,24.05,2964,Low
29-09-2025 03:00,Z6,27.04,70.97,0,85.33,25.83,0,Low
29-09-2025 04:00,Z6,28.29,71.54,0,84.95,26.56,0,Low
29-09-2025 05:00,Z6,28.26,73.53,0,84.74,26.09,0,Low
29-09-2025 06:00,Z6,29.23,71.13,0,84.8,26.88,1171,Low
29-09-2025 07:00,Z6,30.54,67.65,0,84.32,28.67,11415,Low
29-09-2025 08:00,Z6,31.51,68.87,0,84.42,30.02,23173,Low
29-09-2025 09:00,Z6,31.54,69.73,0,84.2,29.65,36547,Low
29-09-2025 10:00,Z6,32.88,65.83,0,84.2,31.83,41369,Low
29-09-2025 11:00,Z6,33.94,64.27,0,83.89,32.79,44364,Low
29-09-2025 12:00,Z6,34.1,65.26,0,83.63,32.85,51135,Low
29-09-2025 13:00,Z6,33.79,63.42,0,83.45,31.64,46631,Low
29-09-2025 14:00,Z6,32.63,68.93,1,84.82,31.42,17081,Low
29-09-2025 15:00,Z6,31.12,68.05,0,84.94,29.73,34166,Low
29-09-2025 16:00,Z6,31.01,68.56,0,84.81,29.27,21771,Low
29-09-2025 17:00,Z6,30.5,69.75,0,84.83,28.53,12711,Low
29-09-2025 18:00,Z6,29.34,72.27,0,84.99,28.3,0,Low
29-09-2025 19:00,Z6,27.94,73.12,0,84.91,26.49,0,Low
29-09-2025 20:00,Z6,26.33,76.95,0,84.85,24.72,1679,Low
29-09-2025 21:00,Z6,25.9,77.03,0,84.93,24.76,0,Low
29-09-2025 22:00,Z6,25.34,76.64,0,85.02,23.84,1629,Low
29-09-2025 23:00,Z6,24.96,79.07,0,84.72,23.49,0,Low
30-09-2025 00:00,Z6,25.92,79.06,0,85.04,24.01,0,Low
30-09-2025 01:00,Z6,24.22,77.37,0,84.88,22.73,0,Low
30-09-2025 02:00,Z6,25.65,76.14,0,84.73,23.84,0,Low
30-09-2025 03:00,Z6,25.2,81.3,0,84.97,23.68,2464,Low
30-09-2025 04:00,Z6,26.97,73.12,0,84.97,25.28,4190,Low
30-09-2025 05:00,Z6,28.92,71.75,0,84.73,26.99,7041,Low
30-09-2025 06:00,Z6,29.62,70.34,0,84.73,28.42,0,Low
30-09-2025 07:00,Z6,30.81,66.79,0,84.91,29.36,11085,Low
30-09-2025 08:00,Z6,31.8,66.67,0,84.8,30.74,24114,Low
30-09-2025 09:00,Z6,32.14,70.11,0,84.88,30.67,36218,Low
30-09-2025 10:00,Z6,32.43,67.35,0,84.26,30.8,39664,Low
30-09-2025 11:00,Z6,33.52,62.76,0,84.49,31.58,47684,Low
30-09-2025 12:00,Z6,33.99,68.11,0,84.23,31.97,49588,Low
30-09-2025 13:00,Z6,33.42,64.98,0,84.1,31.39,46236,Low
30-09-2025 14:00,Z6,34.22,62.44,0,84.06,32.93,44569,Low
30-09-2025 15:00,Z6,32.41,67.03,0,83.95,31.28,34951,Low
30-09-2025 16:00,Z6,33,65.02,0,83.71,32.01,25247,Low
30-09-2025 17:00,Z6,30.11,69.52,0,83.11,28.36,11283,Low
30-09-2025 18:00,Z6,30.02,71.9,0,83.09,28.78,907,Low
30-09-2025 19:00,Z6,27.86,73.65,0,83.36,26.05,0,Low
30-09-2025 20:00,Z6,26.21,74.14,0,83.48,24.61,0,Low
30-09-2025 21:00,Z6,26.19,74.61,0,83.62,25.14,3311,Low
30-09-2025 22:00,Z6,25.59,75.66,0,83.02,24.12,0,Low
30-09-2025 23:00,Z6,25.44,73.54,0,82.8,24.43,0,Low
01-10-2025 00:00,Z6,23.97,78.66,0,82.47,22.61,0,Low
01-10-2025 01:00,Z6,24.85,78.63,0,82.54,23.21,906,Low
01-10-2025 02:00,Z6,26.29,77.83,0,82.45,25.02,0,Low
01-10-2025 03:00,Z6,26.39,76.58,0,82.6,24.97,1606,Low
01-10-2025 04:00,Z6,27.19,72.33,0,83.02,25.76,4801,Low
01-10-2025 05:00,Z6,27.87,70.79,0,82.98,26.03,2138,Low
01-10-2025 06:00,Z6,29.04,73.75,0,83.25,26.87,764,Low
01-10-2025 07:00,Z6,30.37,69.87,0,83.28,29.32,12807,Low
01-10-2025 08:00,Z6,31.7,67.32,0,83.59,30.31,26817,Low
01-10-2025 09:00,Z6,32.88,66.06,0,82.84,31.62,34690,Low
01-10-2025 10:00,Z6,33.1,67.68,0,83.26,31.73,43428,Low
01-10-2025 11:00,Z6,33.75,65.96,0,83.48,32.16,42252,Low
01-10-2025 12:00,Z6,34.28,63.91,0,83.29,32.74,48218,Low
01-10-2025 13:00,Z6,32.09,67.4,0,83.21,31,47174,Low
01-10-2025 14:00,Z6,32.58,63.53,0,83.22,31.3,41482,Low
01-10-2025 15:00,Z6,31.6,68.51,0,83.24,30.17,35500,Low
01-10-2025 16:00,Z6,30.77,69.28,0,82.99,29.2,22773,Low
01-10-2025 17:00,Z6,30.05,68.52,0,82.93,28.22,11283,Low
01-10-2025 18:00,Z6,29.44,72.66,0,83.03,28.11,1425,Low
01-10-2025 19:00,Z6,27.38,74.78,0,82.9,26.05,2225,Low
01-10-2025 20:00,Z6,27.12,74.51,0,82.65,25.89,0,Low
01-10-2025 21:00,Z6,25.34,75.93,0,83.13,23.7,1371,Low
01-10-2025 22:00,Z6,24.18,78.78,0,82.74,23.07,0,Low
01-10-2025 23:00,Z6,25.27,77.51,0,82.81,24.03,1246,Low
02-10-2025 00:00,Z6,24.79,74.91,0,82.5,22.85,0,Low
02-10-2025 01:00,Z6,24.61,75.1,0,82.45,23.48,0,Low
02-10-2025 02:00,Z6,25.74,75.56,0,82.84,24.1,0,Low
02-10-2025 03:00,Z6,25.45,77.92,0,83.16,24.38,0,Low
02-10-2025 04:00,Z6,26.5,75.9,0,83.32,25.27,3294,Low
02-10-2025 05:00,Z6,28.05,76,0,83.07,26.77,48,Low
02-10-2025 06:00,Z6,28.13,71.65,0,83.01,26.31,0,Low
02-10-2025 07:00,Z6,29.53,71.55,0,83.52,28.06,11079,Low
02-10-2025 08:00,Z6,30.67,71.75,0,83.67,29.67,27449,Low
02-10-2025 09:00,Z6,32.51,71.16,0,83.99,30.28,30302,Low
02-10-2025 10:00,Z6,33.68,66.59,0,83.96,32.42,45122,Low
02-10-2025 11:00,Z6,33.17,64.51,0,83.76,31.83,49957,Low
02-10-2025 12:00,Z6,33.87,63.44,0,83.53,32.19,46774,Low
02-10-2025 13:00,Z6,33.04,65.01,0,83.71,30.42,45999,Low
02-10-2025 14:00,Z6,32.35,68.34,0,83.52,30.43,38481,Low
02-10-2025 15:00,Z6,31.33,70.01,0,83.24,29.87,32830,Low
02-10-2025 16:00,Z6,31.19,66.61,0,82.9,29.84,22293,Low
02-10-2025 17:00,Z6,30.96,67.04,0,82.36,29.37,10348,Low
02-10-2025 18:00,Z6,29.33,75.37,0,82.6,27.83,117,Low
02-10-2025 19:00,Z6,28.91,73.28,0,82.16,27.85,0,Low
02-10-2025 20:00,Z6,26.45,72.17,0,81.99,25.2,915,Low
02-10-2025 21:00,Z6,25.86,76.92,0,81.82,24.9,0,Low
02-10-2025 22:00,Z6,25.51,75.6,0,81.86,25.16,1326,Low
02-10-2025 23:00,Z6,24.3,78.14,0,81.73,22.96,0,Low
03-10-2025 00:00,Z6,24.42,77.19,0,82,22.85,0,Low
03-10-2025 01:00,Z6,23.75,82.17,0,81.73,22.46,3222,Low
03-10-2025 02:00,Z6,26.35,75.15,0,81.31,24.82,1623,Low
03-10-2025 03:00,Z6,26.59,76.26,0,81.07,25.47,0,Low
03-10-2025 04:00,Z6,27.05,76.19,0,81.13,25.3,1263,Low
03-10-2025 05:00,Z6,27.04,76.49,0,81.29,26.21,3187,Low
03-10-2025 06:00,Z6,28.38,73.9,0,81.43,27.22,0,Low
03-10-2025 07:00,Z6,30.58,68.99,0,81.81,28.52,12685,Low
03-10-2025 08:00,Z6,31.18,66.93,0,82.03,29.11,28513,Low
03-10-2025 09:00,Z6,32.02,70.26,0,82.07,30.96,32858,Low
03-10-2025 10:00,Z6,33.23,64.91,0,81.9,31.13,43899,Low
03-10-2025 11:00,Z6,32.46,67.4,0,82.17,30.99,45801,Low
03-10-2025 12:00,Z6,33.84,63.22,0,82.43,32,49019,Low
03-10-2025 13:00,Z6,33.28,66.59,0,82.65,32.51,47994,Low
03-10-2025 14:00,Z6,31.91,68.67,0,82.42,30.22,42813,Low
03-10-2025 15:00,Z6,31.99,66.12,0,82.48,30.45,35235,Low
03-10-2025 16:00,Z6,31.29,70.83,0,82.27,29.9,25617,Low
03-10-2025 17:00,Z6,30.63,70.7,0,82.09,28.99,10833,Low
03-10-2025 18:00,Z6,28.99,68.65,0,82.56,27.75,0,Low
03-10-2025 19:00,Z6,28.13,75.49,0,82.27,26.47,492,Low
03-10-2025 20:00,Z6,25.72,77.92,0,82.19,24.26,5284,Low
03-10-2025 21:00,Z6,25.31,76.79,0,82.17,23.39,1595,Low
03-10-2025 22:00,Z6,24.18,74.46,0,82.06,22.54,0,Low
03-10-2025 23:00,Z6,23.91,83.73,0,81.82,22.79,0,Low
04-10-2025 00:00,Z6,24.14,78.78,0,81.63,23.09,0,Low
04-10-2025 01:00,Z6,24.77,78.22,0,81.45,22.81,0,Low
04-10-2025 02:00,Z6,24.9,78.34,0,81,23.47,0,Low
04-10-2025 03:00,Z6,26.38,71.48,0,80.49,24.92,0,Low
04-10-2025 04:00,Z6,27.6,71.52,0,80.14,26.59,744,Low
04-10-2025 05:00,Z6,30.07,72.44,0,80.27,29.05,137,Low
04-10-2025 06:00,Z6,29.5,70.81,0,80.51,28.02,0,Low
04-10-2025 07:00,Z6,29.07,69.43,0,80.45,27.01,12590,Low
04-10-2025 08:00,Z6,31.26,70.59,0,81.2,29.73,27563,Low
04-10-2025 09:00,Z6,31.98,67.36,0,81.14,30.9,36283,Low
04-10-2025 10:00,Z6,32.74,66.71,0,81.35,31.29,37717,Low
04-10-2025 11:00,Z6,33.52,64.41,0,81.7,31.97,49787,Low
04-10-2025 12:00,Z6,32.52,67.52,0,81.66,30.57,48791,Low
04-10-2025 13:00,Z6,33.54,62.43,0.2,81.74,31.94,26826,Low
04-10-2025 14:00,Z6,33.48,64.88,0,80.86,32.49,40410,Low
04-10-2025 15:00,Z6,32.69,68.17,0,81.07,31.6,28494,Low
04-10-2025 16:00,Z6,31.52,68.39,0,81.19,29.79,24978,Low
04-10-2025 17:00,Z6,30.65,71.28,0,81.2,28.36,11457,Low
04-10-2025 18:00,Z6,30.01,73.06,0,80.87,28.94,2974,Low
04-10-2025 19:00,Z6,28.51,72,0,80.97,27.29,0,Low
04-10-2025 20:00,Z6,26.57,76.86,0,80.83,24.83,0,Low
04-10-2025 21:00,Z6,25.27,80.9,0,80.98,24.07,3089,Low
04-10-2025 22:00,Z6,26.7,77.26,0,80.97,24.99,0,Low
04-10-2025 23:00,Z6,24.11,78.29,0,80.97,21.78,0,Low
05-10-2025 00:00,Z6,25.05,72.63,0,80.98,23.64,3865,Low
05-10-2025 01:00,Z6,24.3,78.65,0,80.86,22.91,2697,Low
05-10-2025 02:00,Z6,25.01,76.59,0,80.44,23.22,358,Low
05-10-2025 03:00,Z6,26.06,75.96,0,79.94,24.88,62,Low
05-10-2025 04:00,Z6,27.84,75.7,0,79.83,26.1,0,Low
05-10-2025 05:00,Z6,27.75,73.44,0,79.68,25.99,2035,Low
05-10-2025 06:00,Z6,29.18,70.69,0,79.58,27.61,0,Low
05-10-2025 07:00,Z6,29.54,68.89,0,79.31,28.05,12748,Low
05-10-2025 08:00,Z6,31.61,67.92,0,79.29,30.45,25976,Low
05-10-2025 09:00,Z6,32.46,67.38,0,79.53,30.91,37968,Low
05-10-2025 10:00,Z6,31.29,67.45,0,79.75,29.98,40550,Low
05-10-2025 11:00,Z6,32.51,67.59,0,79.99,31.61,43765,Low
05-10-2025 12:00,Z6,33.23,66.54,0,79.72,31.9,49529,Low
05-10-2025 13:00,Z6,33.7,67.74,0,79.92,31.88,48850,Low
05-10-2025 14:00,Z6,32.57,64.04,0,79.96,32.19,44366,Low
05-10-2025 15:00,Z6,32.77,67.13,0,80.5,31.36,32618,Low
05-10-2025 16:00,Z6,31.25,69.03,0,80.89,29.66,26408,Low
05-10-2025 17:00,Z6,29.27,71.4,0,81.13,27.22,11023,Low
05-10-2025 18:00,Z6,28.9,70.78,0,81.77,26.92,1335,Low
05-10-2025 19:00,Z6,27.24,73.06,0,81.76,25.16,111,Low
05-10-2025 20:00,Z6,26.74,74.94,0,81.33,25.97,0,Low
05-10-2025 21:00,Z6,26.15,74.43,0,81.32,25.05,4651,Low
05-10-2025 22:00,Z6,25.72,76.76,0,81.02,23.64,627,Low
05-10-2025 23:00,Z6,25.69,74.27,0,81.02,24.43,1813,Low
06-10-2025 00:00,Z6,24.82,80.87,0,80.86,23.19,1338,Low
06-10-2025 01:00,Z6,24.89,79.41,0,80.96,23.47,592,Low
06-10-2025 02:00,Z6,26.1,79.12,0,80.83,24.64,0,Low
06-10-2025 03:00,Z6,25.27,77.07,0,80.73,23.94,0,Low
06-10-2025 04:00,Z6,27.26,70.6,0,80.96,26.22,0,Low
06-10-2025 05:00,Z6,28.29,71.34,0,81.16,26.18,0,Low
06-10-2025 06:00,Z6,29,72.57,0,81.44,27.02,0,Low
06-10-2025 07:00,Z6,31.01,68.76,0,81.13,30.03,13309,Low
06-10-2025 08:00,Z6,31.31,70.56,0,81.6,29.76,20518,Low
06-10-2025 09:00,Z6,33.59,67.84,0,81.65,32.12,31090,Low
06-10-2025 10:00,Z6,32.89,66.24,0,81.74,31.64,43738,Low
06-10-2025 11:00,Z6,33.13,68.45,0.5,82.29,32.15,22089,Low
06-10-2025 12:00,Z6,33.84,66.34,0,81.52,32.18,47434,Low
06-10-2025 13:00,Z6,33.54,64.08,0.2,81.31,31.5,24412,Low
06-10-2025 14:00,Z6,32.37,68.95,0,81.71,30.71,40469,Low
06-10-2025 15:00,Z6,32.12,66.25,0,81.86,30.38,33280,Low
06-10-2025 16:00,Z6,31.48,62.95,0,81.65,29.68,28271,Low
06-10-2025 17:00,Z6,29.25,71.54,0,81.85,28.26,13277,Low
06-10-2025 18:00,Z6,28.11,72.9,0.2,82.44,25.92,0,Low
06-10-2025 19:00,Z6,27.37,75.91,0,82.21,25.86,121,Low
06-10-2025 20:00,Z6,26.12,78.21,0,82.11,24.28,0,Low
06-10-2025 21:00,Z6,26.07,77.08,0,81.64,24.14,0,Low
06-10-2025 22:00,Z6,25.57,77.38,0,81.54,24.26,0,Low
06-10-2025 23:00,Z6,24.71,76.39,0,81.48,23.51,0,Low
07-10-2025 00:00,Z6,24.37,80.06,0,81.28,22.36,748,Low
07-10-2025 01:00,Z6,25.45,78.36,0,81.28,24.06,0,Low
07-10-2025 02:00,Z6,24.47,81.61,0,81.37,23.26,0,Low
07-10-2025 03:00,Z6,25,78.14,0,81.5,23.61,566,Low
07-10-2025 04:00,Z6,26.27,74.09,0,81.89,24.98,0,Low
07-10-2025 05:00,Z6,27.99,72.17,0,81.37,26.32,190,Low
07-10-2025 06:00,Z6,29.55,69.15,0,81.47,28.1,1763,Low
07-10-2025 07:00,Z6,30.61,70.99,0,81.56,29.15,12006,Low
07-10-2025 08:00,Z6,31.29,70.15,0,81.29,29.07,22266,Low
07-10-2025 09:00,Z6,31.92,65.28,0,81.13,30.69,32842,Low
07-10-2025 10:00,Z6,32.85,65.01,0,81.08,30.97,43683,Low
07-10-2025 11:00,Z6,32.99,67.01,0,81.21,31.28,44602,Low
07-10-2025 12:00,Z6,33.59,62.3,0,81.37,32.37,45003,Low
07-10-2025 13:00,Z6,32.97,68.39,0,81.41,31.59,43044,Low
07-10-2025 14:00,Z6,33.06,68.72,0,81.29,31.72,40570,Low
07-10-2025 15:00,Z6,31.66,65.5,0,81.21,30.11,36526,Low
07-10-2025 16:00,Z6,31.22,66.11,0,81.16,30.2,22415,Low
07-10-2025 17:00,Z6,29.63,73.94,0,81.15,28.2,8569,Low
07-10-2025 18:00,Z6,28.57,71.84,0,80.95,27.3,0,Low
07-10-2025 19:00,Z6,26.81,77.85,0,81.07,26.09,0,Low
07-10-2025 20:00,Z6,26.11,75.41,0,81.37,25,3393,Low
07-10-2025 21:00,Z6,25.75,77.15,0,80.93,24.45,0,Low
07-10-2025 22:00,Z6,24.32,78.5,0,81.41,22.88,2805,Low
07-10-2025 23:00,Z6,24.49,82.16,0,81.56,23.52,748,Low
08-10-2025 00:00,Z6,24,77.09,0,81.53,22.63,0,Low
08-10-2025 01:00,Z6,24.26,78.51,0,81.88,22.64,0,Low
08-10-2025 02:00,Z6,25.93,77.23,0,81.88,24.93,0,Low
08-10-2025 03:00,Z6,25.82,78.95,0,81.84,23.81,0,Low
08-10-2025 04:00,Z6,25.88,75.74,0,81.61,24.21,848,Low
08-10-2025 05:00,Z6,27.85,74.32,0,81.28,27.25,0,Low
08-10-2025 06:00,Z6,28.9,74.12,0,81.35,28.1,1289,Low
08-10-2025 07:00,Z6,30.04,69.05,0,81.13,28.64,11572,Low
08-10-2025 08:00,Z6,31.1,69.19,0,81.13,30.25,23789,Low
08-10-2025 09:00,Z6,31.8,66.97,0,81.23,29.53,33511,Low
08-10-2025 10:00,Z6,33.34,68.96,0,80.76,32.25,43210,Low
08-10-2025 11:00,Z6,33.96,64.62,0,80.51,32.26,47713,Low
08-10-2025 12:00,Z6,33.27,64.86,0,80.01,31.9,44999,Low
08-10-2025 13:00,Z6,34.21,62.62,0,79.64,32.68,47322,Low
08-10-2025 14:00,Z6,32.94,65.91,0,78.91,31.67,43344,Low
08-10-2025 15:00,Z6,32.27,66.19,0,79.09,30.76,36361,Low
08-10-2025 16:00,Z6,31.71,85.42,5,84.96,29.99,10438,Low
08-10-2025 17:00,Z6,31.32,69.16,0,85.21,29.32,12874,Low
08-10-2025 18:00,Z6,28.74,71.49,0,85.22,26.86,3454,Low
08-10-2025 19:00,Z6,27.79,73,0,85.47,26.38,303,Low
08-10-2025 20:00,Z6,26.77,76.3,0,85.55,25.35,2295,Low
08-10-2025 21:00,Z6,25.16,75.1,0,85.7,23.88,0,Low
08-10-2025 22:00,Z6,24.84,79.16,0,85.55,23.37,0,Low
08-10-2025 23:00,Z6,24.14,79.42,0,85.11,22.6,1636,Low
09-10-2025 00:00,Z6,23.87,82,0,85.01,22.7,0,Low
09-10-2025 01:00,Z6,24.1,81.8,0,84.78,22.32,0,Low
09-10-2025 02:00,Z6,24.77,77.19,0,84.52,22.72,2925,Low
09-10-2025 03:00,Z6,25.3,78.11,0,83.9,24.21,0,Low
09-10-2025 04:00,Z6,26,76.03,0,83.83,24.16,1132,Low
09-10-2025 05:00,Z6,28.75,71.25,0.2,84.17,27.35,0,Low
09-10-2025 06:00,Z6,29.49,70.43,0,84.16,28.53,1558,Low
09-10-2025 07:00,Z6,30.83,71.4,0,83.97,29.53,12752,Low
09-10-2025 08:00,Z6,31.5,69.93,0,83.23,30.16,22639,Low
09-10-2025 09:00,Z6,33.23,66.73,0,83.13,31.46,34793,Low
09-10-2025 10:00,Z6,32.63,68.72,0,82.83,30.99,39424,Low
09-10-2025 11:00,Z6,34.31,65.08,0,82.36,32.8,48859,Low
09-10-2025 12:00,Z6,34.14,64.44,0,82.22,32.68,47257,Low
09-10-2025 13:00,Z6,32.86,70.62,0,82.31,31.87,44555,Low
09-10-2025 14:00,Z6,32.48,68.1,0,82.39,30.96,41879,Low
09-10-2025 15:00,Z6,31.6,66.9,0,82.23,30.19,34379,Low
09-10-2025 16:00,Z6,31.48,68.35,0,82.17,29.37,25238,Low
09-10-2025 17:00,Z6,30.03,72.74,0,81.59,29.09,14958,Low
09-10-2025 18:00,Z6,28.7,70.58,0,82.08,27.45,1112,Low
09-10-2025 19:00,Z6,27.95,70.96,0,82.02,26.4,3739,Low
09-10-2025 20:00,Z6,26.59,79.43,0,81.84,24.84,172,Low
09-10-2025 21:00,Z6,25.97,76.91,0,81.8,24.47,1765,Low
09-10-2025 22:00,Z6,25,77.6,0,81.86,23.81,1833,Low
09-10-2025 23:00,Z6,25.45,76.69,0,81.87,24.59,2869,Low
10-10-2025 00:00,Z6,24.01,73.65,0,81.88,22.01,0,Low
10-10-2025 01:00,Z6,24.82,76.62,0,81.58,23.78,0,Low
10-10-2025 02:00,Z6,24.94,77.05,0,81.5,23.14,0,Low
10-10-2025 03:00,Z6,26.42,75.21,0,81.17,24.6,0,Low
10-10-2025 04:00,Z6,26.96,75.03,0,81.12,25.89,1466,Low
10-10-2025 05:00,Z6,27.81,72.85,0,81.01,25.85,230,Low
10-10-2025 06:00,Z6,29.44,71.65,0,81.09,27.31,1346,Low
10-10-2025 07:00,Z6,30.88,68.06,0,80.8,28.85,13235,Low
10-10-2025 08:00,Z6,31.16,66.98,0,81.14,29.41,23977,Low
10-10-2025 09:00,Z6,32.12,66.15,0,80.77,30,36053,Low
10-10-2025 10:00,Z6,32.99,66.86,0,81.05,31.72,45193,Low
10-10-2025 11:00,Z6,32.77,66.07,0,81.12,31.68,43048,Low
10-10-2025 12:00,Z6,33.55,65.19,0,80.79,31.74,46044,Low
10-10-2025 13:00,Z6,33.61,65,0,80.86,32.5,47933,Low
10-10-2025 14:00,Z6,33.25,65.95,0,80.86,31.8,42315,Low
10-10-2025 15:00,Z6,33.5,66.49,0,80.86,32,33942,Low
10-10-2025 16:00,Z6,30.91,72.16,0,80.9,29.09,25379,Low
10-10-2025 17:00,Z6,30.83,70.38,0,80.5,28.99,9806,Low
10-10-2025 18:00,Z6,28.44,72.74,0,80.17,27.43,4141,Low
10-10-2025 19:00,Z6,27,76.03,0,80.14,25.45,1317,Low
10-10-2025 20:00,Z6,26.92,77,0,80.13,25.63,0,Low
10-10-2025 21:00,Z6,26.91,77.21,0,80.31,25.38,0,Low
10-10-2025 22:00,Z6,24.65,79.03,0,80,22.7,3857,Low
10-10-2025 23:00,Z6,24.42,77.87,0,80.04,23.53,0,Low
11-10-2025 00:00,Z6,25.6,78.56,0,80.11,23.72,2508,Low
11-10-2025 01:00,Z6,25.37,75.35,0,80.52,23.89,426,Low
11-10-2025 02:00,Z6,24.42,79.71,0,80.67,22.5,883,Low
11-10-2025 03:00,Z6,26.09,76.86,0,80.15,24.58,0,Low
11-10-2025 04:00,Z6,25.66,76.58,0,80.35,23.4,0,Low
11-10-2025 05:00,Z6,27.85,70.99,0,79.81,26.82,2735,Low
11-10-2025 06:00,Z6,28.33,74.57,0,78.93,26.53,396,Low
11-10-2025 07:00,Z6,29.09,69.44,0,79.19,27.59,14699,Low
11-10-2025 08:00,Z6,31.17,65.19,0,78.59,30.26,24761,Low
11-10-2025 09:00,Z6,32.54,65.42,0,78.82,30.3,35445,Low
11-10-2025 10:00,Z6,33.25,64.7,0,78.35,32.31,36944,Low
11-10-2025 11:00,Z6,33.74,66.91,0,78.2,31.67,46686,Low
11-10-2025 12:00,Z6,33.2,68.36,0,77.66,31.67,52561,Low
11-10-2025 13:00,Z6,34.24,62.17,0,77.8,33.16,44528,Low
11-10-2025 14:00,Z6,32.6,64.04,0,77.36,30.33,39876,Low
11-10-2025 15:00,Z6,32.82,65.72,0,77.82,31.42,35159,Low
11-10-2025 16:00,Z6,30.49,67.66,0,77.7,29.1,21452,Low
11-10-2025 17:00,Z6,31.08,66.64,0,77.61,29.82,15115,Low
11-10-2025 18:00,Z6,28.64,71.7,0,77.72,27.09,0,Low
11-10-2025 19:00,Z6,28.48,74.91,0,77.77,26.81,0,Low
11-10-2025 20:00,Z6,26.95,71.58,0,77.86,25.14,0,Low
11-10-2025 21:00,Z6,23.96,81.71,0,77.51,21.99,0,Low
11-10-2025 22:00,Z6,24.9,78.77,0,77.67,23.4,560,Low
11-10-2025 23:00,Z6,25.19,77.43,0,77.45,24.22,0,Low
12-10-2025 00:00,Z6,24.64,77.76,0,77.06,23.21,0,Low
12-10-2025 01:00,Z6,23.93,80.19,0,76.82,22.47,0,Low
12-10-2025 02:00,Z6,25.16,77.62,0,76.41,23.71,198,Low
12-10-2025 03:00,Z6,25.29,78.44,0,76.4,23.93,0,Low
12-10-2025 04:00,Z6,25.65,77.61,0,76.36,23.96,2798,Low
12-10-2025 05:00,Z6,28.18,76.13,0.2,76.28,26.77,1467,Low
12-10-2025 06:00,Z6,28.72,73.12,0,76.2,28.01,526,Low
12-10-2025 07:00,Z6,31.1,66.09,0,75.85,29.68,12373,Low
12-10-2025 08:00,Z6,32.81,66.94,0,75.9,31.44,24691,Low
12-10-2025 09:00,Z6,32.47,66.53,0,75.63,31.47,36534,Low
12-10-2025 10:00,Z6,33.57,65.92,0,75.72,32.44,38972,Low
12-10-2025 11:00,Z6,32.63,64.61,0,74.91,31.46,46811,Low
12-10-2025 12:00,Z6,34.29,62.89,0,74.52,32.94,51328,Low
12-10-2025 13:00,Z6,33.38,64.5,0,74.41,32.08,41469,Low
12-10-2025 14:00,Z6,32.74,69.17,0,74.6,31.1,42576,Low
12-10-2025 15:00,Z6,32.47,68.51,0,74.79,30.68,34962,Low
12-10-2025 16:00,Z6,31.06,67.58,0,74.31,29.55,23921,Low
12-10-2025 17:00,Z6,29.32,73.32,0,74.46,28.06,12953,Low
12-10-2025 18:00,Z6,29.27,72.64,0,74.34,27.23,1806,Low
12-10-2025 19:00,Z6,28.15,74.81,1,75.31,27.22,101,Low
12-10-2025 20:00,Z6,26.9,73.48,0,75.19,24.86,0,Low
12-10-2025 21:00,Z6,25.69,74.51,0,75.25,24.25,0,Low
12-10-2025 22:00,Z6,25.91,74.02,0,75.24,24.19,289,Low
12-10-2025 23:00,Z6,24.89,78.13,0,75.53,23.52,1165,Low
13-10-2025 00:00,Z6,23.95,76.61,0,75.04,23.12,0,Low
13-10-2025 01:00,Z6,25.51,76.94,0,74.63,24.11,0,Low
13-10-2025 02:00,Z6,25.44,76.15,0,74.26,23.77,2777,Low
13-10-2025 03:00,Z6,25.48,75.32,0,74.03,24.44,0,Low
13-10-2025 04:00,Z6,26.72,73.83,0,73.75,24.84,0,Low
13-10-2025 05:00,Z6,28.01,72.5,0,73.6,25.56,0,Low
13-10-2025 06:00,Z6,29.42,72.91,0,73.47,28.05,0,Low
13-10-2025 07:00,Z6,30.04,72.94,0,73.33,28.79,9906,Low
13-10-2025 08:00,Z6,29.87,72.46,0,73.05,28.15,24728,Low
13-10-2025 09:00,Z6,32.53,66.87,0,72.65,31.08,34145,Low
13-10-2025 10:00,Z6,33.12,64.72,0,73.3,31.45,37588,Low
13-10-2025 11:00,Z6,33.05,65.65,0,73.57,31.47,49523,Low
13-10-2025 12:00,Z6,32.9,67.78,0,73.52,31.44,46913,Low
13-10-2025 13:00,Z6,33.07,65.29,0,73.03,31.52,46455,Low
13-10-2025 14:00,Z6,32.19,69.59,1,74.51,30.19,22503,Low
13-10-2025 15:00,Z6,30.41,68.97,0,74.47,28.1,35923,Low
13-10-2025 16:00,Z6,31.39,67.78,0,74.27,30.18,27147,Low
13-10-2025 17:00,Z6,29.89,69.16,0,73.99,28.67,12665,Low
13-10-2025 18:00,Z6,29.2,69.71,0,73.97,27.75,0,Low
13-10-2025 19:00,Z6,28.34,74.85,0,74.48,26.94,0,Low
13-10-2025 20:00,Z6,25.94,77.31,0,74.14,24.96,0,Low
13-10-2025 21:00,Z6,25.9,73.28,0,74.25,23.95,632,Low
13-10-2025 22:00,Z6,25.58,76.43,0,74.3,24.42,3014,Low
13-10-2025 23:00,Z6,25.37,80.75,0,74.39,24.65,0,Low
14-10-2025 00:00,Z6,24.79,76.91,0,74.55,23.56,0,Low
14-10-2025 01:00,Z6,24.61,78.46,0,74.65,23.33,2642,Low
14-10-2025 02:00,Z6,25.09,74.94,0,74.35,23.45,0,Low
14-10-2025 03:00,Z6,25.83,75.89,0,74.49,24.51,554,Low
14-10-2025 04:00,Z6,26.9,75.23,0,74.29,25.54,0,Low
14-10-2025 05:00,Z6,27.52,75.88,0,74.09,26.25,0,Low
14-10-2025 06:00,Z6,29.19,70.76,0,74.08,28.25,0,Low
14-10-2025 07:00,Z6,31.03,70.62,0,74.03,29.49,12781,Low
14-10-2025 08:00,Z6,31.88,69.48,0,74.23,30.14,24393,Low
14-10-2025 09:00,Z6,30.5,70.95,0,73.85,28.63,36172,Low
14-10-2025 10:00,Z6,32.39,67.92,0,74.21,30.7,40657,Low
14-10-2025 11:00,Z6,33.03,69.74,0,74.12,31.66,48920,Low
14-10-2025 12:00,Z6,33.98,65.77,0,74.09,32.14,49405,Low
14-10-2025 13:00,Z6,32.06,68.36,0,74.45,29.68,48800,Low
14-10-2025 14:00,Z6,33.22,64.15,0,73.62,31.34,45663,Low
14-10-2025 15:00,Z6,31.88,68.29,0,73.7,29.84,33992,Low
14-10-2025 16:00,Z6,31.57,68.5,0,73.77,30.45,23547,Low
14-10-2025 17:00,Z6,30.05,71.4,0,73.72,28.07,10980,Low
14-10-2025 18:00,Z6,28.18,70.07,0,73.53,26.58,0,Low
14-10-2025 19:00,Z6,28.44,72.35,0,73.55,26.87,1238,Low
14-10-2025 20:00,Z6,26.7,73.89,0,73.66,25.45,0,Low
14-10-2025 21:00,Z6,25.55,78.25,0,73.6,24.33,4378,Low
14-10-2025 22:00,Z6,24.52,77.65,0,73.41,23.03,0,Low
14-10-2025 23:00,Z6,24.45,77.51,0,72.63,23.41,0,Low
15-10-2025 00:00,Z6,24.96,77.42,0,72.73,23.5,0,Low
15-10-2025 01:00,Z6,24.58,77.36,0,72.45,22.78,164,Low
15-10-2025 02:00,Z6,24.92,79.04,0,71.92,23.5,2169,Low
15-10-2025 03:00,Z6,25.19,75.99,0,71.09,23.59,0,Low
15-10-2025 04:00,Z6,27.49,73.76,0,70.54,26.1,0,Low
15-10-2025 05:00,Z6,28.14,73.27,0,70.42,26.53,0,Low
15-10-2025 06:00,Z6,28.72,72.71,0,70.65,26.27,3693,Low
15-10-2025 07:00,Z6,31.08,67.02,0,70.86,29.28,10048,Low
15-10-2025 08:00,Z6,30.62,71.28,0,71.02,29.18,23407,Low
15-10-2025 09:00,Z6,31.33,65.82,0,70.69,29.69,35989,Low
15-10-2025 10:00,Z6,32.17,67.18,0,70.9,30.58,42109,Low
15-10-2025 11:00,Z6,34.11,67.56,0,70.86,31.99,44955,Low
15-10-2025 12:00,Z6,34.51,63.66,0,70.93,33.5,45542,Low
15-10-2025 13:00,Z6,33.23,62.38,0.2,71.49,31.95,23699,Low
15-10-2025 14:00,Z6,32.67,64.51,0,71.07,31.33,42665,Low
15-10-2025 15:00,Z6,32.15,66.1,0,71.56,31.07,32887,Low
15-10-2025 16:00,Z6,31.07,71.23,0,72.05,28.82,21688,Low
15-10-2025 17:00,Z6,30.17,68.84,0,72,28.48,10470,Low
15-10-2025 18:00,Z6,28.23,70.7,0,71.93,26.57,1572,Low
15-10-2025 19:00,Z6,28.39,73.13,0,71.76,26.8,895,Low
15-10-2025 20:00,Z6,26.37,75.13,0,71.6,24.79,0,Low
15-10-2025 21:00,Z6,26.65,75.21,0,71.69,25.61,0,Low
15-10-2025 22:00,Z6,25.25,78.53,0,71.61,23.47,709,Low
15-10-2025 23:00,Z6,25.17,74.71,0,71.46,23.17,0,Low
16-10-2025 00:00,Z6,25.04,74.35,0,71.53,23.28,0,Low
16-10-2025 01:00,Z6,24.85,77.47,0,71.71,23.7,0,Low
16-10-2025 02:00,Z6,25.63,81.95,0,71.72,24.85,0,Low
16-10-2025 03:00,Z6,25.83,76.52,0,71.48,23.79,2416,Low
16-10-2025 04:00,Z6,26.25,72.7,0,71.75,24.91,0,Low
16-10-2025 05:00,Z6,28.17,73.52,0,71.67,26.59,743,Low
16-10-2025 06:00,Z6,29.66,73.63,0,72.04,28.32,474,Low
16-10-2025 07:00,Z6,29.2,71.77,0,71.94,27.83,12012,Low
16-10-2025 08:00,Z6,31.13,69.98,0,72.15,29.93,26842,Low
16-10-2025 09:00,Z6,32.7,65.63,0,72.14,31.63,29404,Low
16-10-2025 10:00,Z6,33.21,65.41,0,72.65,32,41730,Low
16-10-2025 11:00,Z6,33.67,63.38,0,72.82,32.16,46394,Low
16-10-2025 12:00,Z6,33.68,67.28,0,72.73,32.02,47403,Low
16-10-2025 13:00,Z6,34.47,66.61,0,71.94,32.62,45683,Low
16-10-2025 14:00,Z6,32.75,68.15,0,72.06,30.57,43349,Low
16-10-2025 15:00,Z6,32.5,68.66,0,72.16,31.27,32602,Low
16-10-2025 16:00,Z6,31.44,67.19,0,72.02,29.76,21796,Low
16-10-2025 17:00,Z6,29.81,73.47,0,71.62,28.21,9407,Low
16-10-2025 18:00,Z6,31.16,70.59,0,71.55,29.84,0,Low
16-10-2025 19:00,Z6,28.37,74.19,0,71.21,26.81,0,Low
16-10-2025 20:00,Z6,27.24,73.77,0,71.17,25.81,0,Low
16-10-2025 21:00,Z6,24.34,81.83,0,71.25,21.97,0,Low
16-10-2025 22:00,Z6,25.35,75.07,0,71.21,24.04,0,Low
16-10-2025 23:00,Z6,24.71,76.3,0,70.98,23.16,2766,Low
17-10-2025 00:00,Z6,24.28,75.71,0,70.8,22.72,0,Low
17-10-2025 01:00,Z6,25.1,75.49,0,71.01,23.17,0,Low
17-10-2025 02:00,Z6,24.86,74.12,0,71.4,23.43,0,Low
17-10-2025 03:00,Z6,25.55,77.59,0,72.02,24.65,514,Low
17-10-2025 04:00,Z6,27.18,74.27,0,72.03,25.84,0,Low
17-10-2025 05:00,Z6,28.29,73.98,0,72.08,26.6,0,Low
17-10-2025 06:00,Z6,28.66,72.28,0,72.09,27.17,2342,Low
17-10-2025 07:00,Z6,30.47,66.86,0,71.62,28.83,13715,Low
17-10-2025 08:00,Z6,30.46,68.39,0,71.16,29.23,22636,Low
17-10-2025 09:00,Z6,32.7,66.68,0,71.17,30.59,31838,Low
17-10-2025 10:00,Z6,34.15,66.09,0,71.34,32.58,43999,Low
17-10-2025 11:00,Z6,33.14,69.22,0,71.37,32.21,49799,Low
17-10-2025 12:00,Z6,32.21,64.41,0,71.02,30.85,47691,Low
17-10-2025 13:00,Z6,33.95,68.71,1,72.47,32.4,24179,Low
17-10-2025 14:00,Z6,32.74,67.01,0,72.05,30.9,43283,Low
17-10-2025 15:00,Z6,32.5,64.08,0,71.84,30.84,35097,Low
17-10-2025 16:00,Z6,30.83,70.96,0,71.97,29.25,23576,Low
17-10-2025 17:00,Z6,30.26,70.79,0,71.71,29.03,12290,Low
17-10-2025 18:00,Z6,30.85,70.21,0,72.22,29.55,0,Low
17-10-2025 19:00,Z6,26.76,74.44,0,71.88,25.85,1604,Low
17-10-2025 20:00,Z6,26.38,79.13,0,72.11,24.06,106,Low
17-10-2025 21:00,Z6,25.27,74.75,0,71.99,24.04,0,Low
17-10-2025 22:00,Z6,24.58,79.83,0,72.37,23.03,0,Low
17-10-2025 23:00,Z6,25.56,78.66,0,72.43,24.35,2877,Low
18-10-2025 00:00,Z6,24.89,74.41,0,72.45,22.95,316,Low
18-10-2025 01:00,Z6,24.14,82.08,0,72,22.72,0,Low
18-10-2025 02:00,Z6,25.1,74.57,0,71.93,23.02,167,Low
18-10-2025 03:00,Z6,26.36,76.38,0,71.8,24.74,1056,Low
18-10-2025 04:00,Z6,26.92,75.25,0,71.33,25.4,0,Low
18-10-2025 05:00,Z6,27.98,73.49,0,70.93,26.78,0,Low
18-10-2025 06:00,Z6,28.38,72.93,0,71.36,26.14,0,Low
18-10-2025 07:00,Z6,29.99,72.48,0,71.66,28.99,13492,Low
18-10-2025 08:00,Z6,31.43,68.93,0,71.69,29.87,24766,Low
18-10-2025 09:00,Z6,32.14,67.21,0,71.43,31.32,34837,Low
18-10-2025 10:00,Z6,33.74,66.23,0,71.08,32.95,40539,Low
18-10-2025 11:00,Z6,32.75,65.99,0,71.3,31.46,43388,Low
18-10-2025 12:00,Z6,34.14,65.17,0,71.16,32.7,47305,Low
18-10-2025 13:00,Z6,33.61,65.22,0,71.41,31.64,44373,Low
18-10-2025 14:00,Z6,32.31,63.57,0,71.01,30.59,43566,Low
18-10-2025 15:00,Z6,31.8,66.41,0,70.99,30.7,34005,Low
18-10-2025 16:00,Z6,30.32,70.61,0,70.28,29.38,22704,Low
18-10-2025 17:00,Z6,29.76,68.8,0,70.5,28.15,11862,Low
18-10-2025 18:00,Z6,29.92,69.37,0,70.44,28.21,2204,Low
18-10-2025 19:00,Z6,27.8,73.95,0,70.09,26,652,Low
18-10-2025 20:00,Z6,26.7,75.5,0,70.19,25.25,0,Low
18-10-2025 21:00,Z6,26.26,74.23,0,70.13,24.69,415,Low
18-10-2025 22:00,Z6,25.65,75.04,0,69.5,24.46,1675,Low
18-10-2025 23:00,Z6,25.35,73.4,0,69.5,24.12,0,Low
19-10-2025 00:00,Z6,24.91,80.26,0,69.75,23.47,3449,Low
19-10-2025 01:00,Z6,24.18,76.11,0,69.45,23.27,918,Low
19-10-2025 02:00,Z6,26.16,78.05,0,69.69,24.64,2138,Low
19-10-2025 03:00,Z6,25.18,77.11,0,70.32,24.2,0,Low
19-10-2025 04:00,Z6,27.38,73.34,0,70.17,25.17,0,Low
19-10-2025 05:00,Z6,28.14,71.46,0,70.33,26.37,274,Low
19-10-2025 06:00,Z6,29.08,73.45,0,69.94,27.68,0,Low
19-10-2025 07:00,Z6,30.47,69.77,0,69.72,29.76,9733,Low
19-10-2025 08:00,Z6,31.33,67.41,0,69.35,29.49,22321,Low
19-10-2025 09:00,Z6,32.23,65.21,0,69.42,30.72,31690,Low
19-10-2025 10:00,Z6,33.22,65.94,0,69.37,31.78,41729,Low
19-10-2025 11:00,Z6,33.7,65.11,0,69.26,31.95,46948,Low
19-10-2025 12:00,Z6,33.4,66.08,0,69.36,31.71,47983,Low
19-10-2025 13:00,Z6,34.1,65.45,0,69.07,32.37,44188,Low
19-10-2025 14:00,Z6,31.9,67.25,0,68.69,30.69,44898,Low
19-10-2025 15:00,Z6,32.98,69.61,0,68.49,31.88,33595,Low
19-10-2025 16:00,Z6,31.78,70.98,0,68.61,30.39,22445,Low
19-10-2025 17:00,Z6,30,70.91,0,68.35,28.08,13452,Low
19-10-2025 18:00,Z6,29.86,68.73,0,68.52,28.19,0,Low
19-10-2025 19:00,Z6,27.62,75.14,0,69.06,26.11,1111,Low
19-10-2025 20:00,Z6,27.28,72.85,0,68.65,25.57,0,Low
19-10-2025 21:00,Z6,24.9,78.9,0,68.7,23.2,0,Low
19-10-2025 22:00,Z6,25.51,74.78,0,67.87,23.35,1015,Low
19-10-2025 23:00,Z6,24.66,76.44,0,67.61,22.15,1047,Low
20-10-2025 00:00,Z6,24.18,78.89,0,67.65,23.7,0,Low
20-10-2025 01:00,Z6,24.76,78,0,67.53,23.22,0,Low
20-10-2025 02:00,Z6,24.87,78.92,0.2,68.45,22.57,0,Low
20-10-2025 03:00,Z6,25.07,79.8,0,68.19,23.81,0,Low
20-10-2025 04:00,Z6,26.34,78.91,0,67.82,25.19,1127,Low
20-10-2025 05:00,Z6,26.87,77.23,0,68.08,24.72,400,Low
20-10-2025 06:00,Z6,29.17,71.87,0,67.78,27.18,0,Low
20-10-2025 07:00,Z6,29.55,70.4,0,67.68,28.01,11929,Low
20-10-2025 08:00,Z6,31.44,73.4,0,67.95,29.56,23378,Low
20-10-2025 09:00,Z6,32.39,66,0,68.3,30.49,34252,Low
20-10-2025 10:00,Z6,32.63,68.23,0,67.71,31.29,39117,Low
20-10-2025 11:00,Z6,32.64,66.94,0,67.87,30.73,47415,Low
20-10-2025 12:00,Z6,32.43,65.85,0,67.77,31.28,48553,Low
20-10-2025 13:00,Z6,33.21,65.82,0,68.2,31.15,47333,Low
20-10-2025 14:00,Z6,33.19,64.95,0,68.31,31.27,42311,Low
20-10-2025 15:00,Z6,32.38,69.37,0,68.43,30.61,34140,Low
20-10-2025 16:00,Z6,31.03,69.2,0,67.96,30.12,26552,Low
20-10-2025 17:00,Z6,29.46,70.22,0,68.3,27.6,11384,Low
20-10-2025 18:00,Z6,28.64,76.77,0,68,26.83,0,Low
20-10-2025 19:00,Z6,27.95,75.21,0,68.28,25.99,6635,Low
20-10-2025 20:00,Z6,26.97,74.37,0,68.5,25.82,1305,Low
20-10-2025 21:00,Z6,25.95,79.04,0,68.48,23.96,942,Low
20-10-2025 22:00,Z6,25.73,75.1,0,68.26,24.34,0,Low
20-10-2025 23:00,Z6,24.88,76.91,0,68.13,23.53,1193,Low
21-10-2025 00:00,Z6,25.72,75.26,0,67.96,24.03,2209,Low
21-10-2025 01:00,Z6,24.86,78.88,0,67.78,23.48,1296,Low
21-10-2025 02:00,Z6,25.78,77.55,0,67.43,24.38,214,Low
21-10-2025 03:00,Z6,26.35,75.9,0,67.64,25.22,2459,Low
21-10-2025 04:00,Z6,25.77,79.53,0,67.49,24.5,4582,Low
21-10-2025 05:00,Z6,26.96,76.2,0,67.22,26.14,0,Low
21-10-2025 06:00,Z6,28.14,73.01,0,67.25,26.39,1205,Low
21-10-2025 07:00,Z6,29.98,69.87,0,66.88,28.54,9512,Low
21-10-2025 08:00,Z6,31,67.28,0,66.62,28.87,24216,Low
21-10-2025 09:00,Z6,32.27,66.32,0,66.35,30.81,33050,Low
21-10-2025 10:00,Z6,33.74,65.89,0,66.48,31.93,39840,Low
21-10-2025 11:00,Z6,33.66,62.26,0,66.71,32.32,46993,Low
21-10-2025 12:00,Z6,34.21,66.52,0,66.85,32.81,49563,Low
21-10-2025 13:00,Z6,33.54,62.34,0,66.74,32.42,49022,Low
21-10-2025 14:00,Z6,33.33,66.21,0,66.93,31.96,42670,Low
21-10-2025 15:00,Z6,32.51,64.36,0,66.62,30.4,31371,Low
21-10-2025 16:00,Z6,30.59,71.73,0,66.21,28.91,25217,Low
21-10-2025 17:00,Z6,30.41,68.23,0,66.22,28.47,15283,Low
21-10-2025 18:00,Z6,28.97,72.47,0,65.9,27.45,0,Low
21-10-2025 19:00,Z6,27.43,74.52,0,66.19,26.63,1998,Low
21-10-2025 20:00,Z6,27.13,74.86,0,65.82,26.32,162,Low
21-10-2025 21:00,Z6,26.48,74.11,0,65.58,24.65,0,Low
21-10-2025 22:00,Z6,25.53,76.85,0,65.43,23.88,2608,Low
21-10-2025 23:00,Z6,23.74,80.27,0,64.97,22.47,0,Low
22-10-2025 00:00,Z6,24.12,79.99,0,65.17,22.64,1583,Low
22-10-2025 01:00,Z6,24.52,76.67,0,65.6,23.05,1627,Low
22-10-2025 02:00,Z6,25.29,77.98,0,65.61,23.77,895,Low
22-10-2025 03:00,Z6,24.79,79.13,0,66.23,23.21,3082,Low
22-10-2025 04:00,Z6,26.82,76.74,0.5,66.88,26,537,Low
22-10-2025 05:00,Z6,27.64,73.84,0,66.45,26.13,0,Low
22-10-2025 06:00,Z6,29.2,74.71,0,66.49,27.95,233,Low
22-10-2025 07:00,Z6,28.94,72.35,0,66.77,27.8,14974,Low
22-10-2025 08:00,Z6,30.62,69.57,0,66.67,29.11,29961,Low
22-10-2025 09:00,Z6,32.87,65.27,0,67.1,31.27,34601,Low
22-10-2025 10:00,Z6,33.33,68.36,0,67.42,31.83,43618,Low
22-10-2025 11:00,Z6,33.86,66.04,0,67.38,32.7,46170,Low
22-10-2025 12:00,Z6,33.58,67.84,0,66.89,32.51,47767,Low
22-10-2025 13:00,Z6,33.01,62.99,0,66.83,31.16,46964,Low
22-10-2025 14:00,Z6,32.84,67.04,0,66.39,31.15,44207,Low
22-10-2025 15:00,Z6,31.92,67.72,0,66.64,30.46,34353,Low
22-10-2025 16:00,Z6,31.39,68.73,0,66.44,30.23,23416,Low
22-10-2025 17:00,Z6,30.54,70.87,0,65.48,28.58,11984,Low
22-10-2025 18:00,Z6,28.19,69.4,0,65.21,25.91,1309,Low
22-10-2025 19:00,Z6,26.34,77.61,0,65.1,24.81,0,Low
22-10-2025 20:00,Z6,26.05,77.02,0,64.47,24.18,0,Low
22-10-2025 21:00,Z6,25.02,76.07,0,64.42,22.86,0,Low
22-10-2025 22:00,Z6,25.11,77.32,0,64.48,24.21,0,Low
22-10-2025 23:00,Z6,25.75,75.01,0,64.26,24.73,251,Low
23-10-2025 00:00,Z6,23.94,78.15,0,64.58,22.63,2461,Low
23-10-2025 01:00,Z6,24.93,74.96,0,64.6,23.9,1444,Low
23-10-2025 02:00,Z6,24.27,77.42,0,65,22.95,0,Low
23-10-2025 03:00,Z6,25.39,79.68,0,65.09,24.21,0,Low
23-10-2025 04:00,Z6,27.5,73.11,0,64.69,25.38,1917,Low
23-10-2025 05:00,Z6,27.07,72.82,0,64.25,26.2,2578,Low
23-10-2025 06:00,Z6,29.43,71.67,0,64.4,28.27,0,Low
23-10-2025 07:00,Z6,31.2,68.84,0,64.22,29.2,15646,Low
23-10-2025 08:00,Z6,30.52,73.34,0,63.97,29.09,24557,Low
23-10-2025 09:00,Z6,33.03,68.04,0,63.96,31.22,29121,Low
23-10-2025 10:00,Z6,32.66,67.08,0,63.95,31.18,39835,Low
23-10-2025 11:00,Z6,33.51,66.25,0,64.23,32.82,49118,Low
23-10-2025 12:00,Z6,33.2,65.03,0,63.66,31.47,48855,Low
23-10-2025 13:00,Z6,32.91,68.67,0,63.18,30.88,48411,Low
23-10-2025 14:00,Z6,32.23,68.74,0,63.71,30.48,38579,Low
23-10-2025 15:00,Z6,31.41,65.7,0,63.72,29.35,34543,Low
23-10-2025 16:00,Z6,31.43,68.57,0,63.74,29.5,21960,Low
23-10-2025 17:00,Z6,31.6,70.32,0,64.07,30.34,8726,Low
23-10-2025 18:00,Z6,30.01,68.62,0,64.23,28.74,1184,Low
23-10-2025 19:00,Z6,28.5,75.37,0,64.44,26.93,0,Low
23-10-2025 20:00,Z6,27.78,71.14,0,64.73,26.78,2004,Low
23-10-2025 21:00,Z6,25.81,77.35,0,64.45,24.29,2081,Low
23-10-2025 22:00,Z6,24.58,79.4,0,64.27,22.85,0,Low
23-10-2025 23:00,Z6,24.63,77.94,0,64.45,23.14,0,Low
24-10-2025 00:00,Z6,24.48,79.64,0,64.55,23.17,4311,Low
24-10-2025 01:00,Z6,23.87,79.17,0,64.32,22.49,0,Low
24-10-2025 02:00,Z6,23.67,78.76,0,64.38,21.95,1527,Low
24-10-2025 03:00,Z6,25.62,74.31,0,64.79,23.8,0,Low
24-10-2025 04:00,Z6,26.6,76.34,0,65.01,24.71,0,Low
24-10-2025 05:00,Z6,27.56,72.49,0,65.17,26.23,0,Low
24-10-2025 06:00,Z6,29.88,71.51,0,65.7,28.61,0,Low
24-10-2025 07:00,Z6,30.03,70.9,0,65.38,28.48,12353,Low
24-10-2025 08:00,Z6,31.38,70.14,0,65.06,29.73,24683,Low
24-10-2025 09:00,Z6,31.42,69.44,0,64.79,29.87,32826,Low
24-10-2025 10:00,Z6,33.48,65.63,0,64.43,32.62,45146,Low
24-10-2025 11:00,Z6,32.99,64.45,0,64.65,31.35,49053,Low
24-10-2025 12:00,Z6,33.89,63.22,0,64.24,32.53,45533,Low
24-10-2025 13:00,Z6,33.44,67.18,0,64.92,31.96,42962,Low
24-10-2025 14:00,Z6,32.04,68.78,0,65.02,30.35,43666,Low
24-10-2025 15:00,Z6,32.29,66.02,0,65.1,30.92,34862,Low
24-10-2025 16:00,Z6,31.38,68.01,0,64.99,29.95,21042,Low
24-10-2025 17:00,Z6,30.05,69.17,0,64.97,28.83,14136,Low
24-10-2025 18:00,Z6,28.93,73.12,0,64.65,27.41,2073,Low
24-10-2025 19:00,Z6,28.27,73.74,0,64.78,26.64,0,Low
24-10-2025 20:00,Z6,26.36,74.78,0,65.31,24.11,4328,Low
24-10-2025 21:00,Z6,25.45,76.23,0,65.49,23.84,0,Low
24-10-2025 22:00,Z6,25.01,76.99,0,65.76,23.97,0,Low
24-10-2025 23:00,Z6,24.82,75.58,0,65.58,22.9,0,Low
25-10-2025 00:00,Z6,24.18,77.76,0,65.87,23.17,0,Low
25-10-2025 01:00,Z6,23.85,80.9,0,66.12,22.67,0,Low
25-10-2025 02:00,Z6,23.97,75.68,0,66.4,22.58,0,Low
25-10-2025 03:00,Z6,25.07,77.05,0,66.36,23.19,193,Low
25-10-2025 04:00,Z6,26.67,76.51,0,66.86,25.07,1613,Low
25-10-2025 05:00,Z6,27.65,74.5,0,66.89,26.6,1742,Low
25-10-2025 06:00,Z6,28.54,72.9,0,66.43,26.83,0,Low
25-10-2025 07:00,Z6,30.74,67.43,0,65.92,29.32,10709,Low
25-10-2025 08:00,Z6,30.66,67.33,0,65.63,30.12,25557,Low
25-10-2025 09:00,Z6,32.97,65.66,0,65.77,31.51,33810,Low
25-10-2025 10:00,Z6,32.8,65.79,0,66.06,30.52,42042,Low
25-10-2025 11:00,Z6,32.88,64.85,0,65.83,31.33,45414,Low
25-10-2025 12:00,Z6,32.27,81.23,10,78.78,30.39,23905,Low
25-10-2025 13:00,Z6,33.29,63.92,0,78.7,31.83,48815,Low
25-10-2025 14:00,Z6,32.38,69.63,0,79.03,31.12,45948,Low
25-10-2025 15:00,Z6,31.83,68.57,0,79.05,30.51,33448,Low
25-10-2025 16:00,Z6,31.23,66.2,0,78.3,29.22,24124,Low
25-10-2025 17:00,Z6,30.47,68.56,0,77.85,29.18,11594,Low
25-10-2025 18:00,Z6,27.52,72.2,0,77.86,25.88,1616,Low
25-10-2025 19:00,Z6,27.2,74.61,0,78.08,26.04,0,Low
25-10-2025 20:00,Z6,26.71,76.38,0,77.5,25.7,0,Low
25-10-2025 21:00,Z6,25.77,75.52,0,77.17,23.78,1882,Low
25-10-2025 22:00,Z6,24.34,76.95,0,77.1,22.87,0,Low
25-10-2025 23:00,Z6,24.99,80.44,0.5,77.8,23.1,2038,Low
26-10-2025 00:00,Z6,23.93,76.4,0,77.68,22.34,0,Low
26-10-2025 01:00,Z6,24.1,73.99,0,77.94,22.9,0,Low
26-10-2025 02:00,Z6,24.8,79.64,0,77.6,22.59,1818,Low
26-10-2025 03:00,Z6,26.32,76.08,0,77.56,25.15,0,Low
26-10-2025 04:00,Z6,26.48,77.69,0,77.59,25.52,1103,Low
26-10-2025 05:00,Z6,26.67,72.92,0,77.41,25.22,1587,Low
26-10-2025 06:00,Z6,26.79,73.2,0,77.53,25.2,4715,Low
26-10-2025 07:00,Z6,29.33,70.54,0,77.58,27.81,12120,Low
26-10-2025 08:00,Z6,30.95,65.88,0,77.42,29.05,24398,Low
26-10-2025 09:00,Z6,32.37,69.25,0,76.75,31.05,35250,Low
26-10-2025 10:00,Z6,32.89,63.41,0,76.58,31.22,41893,Low
26-10-2025 11:00,Z6,33.48,68.87,0,76.73,32.1,45478,Low
26-10-2025 12:00,Z6,33.04,66.54,0,76.79,31.16,48028,Low
26-10-2025 13:00,Z6,33.63,65.19,0,76.28,32.21,49926,Low
26-10-2025 14:00,Z6,32.88,67.84,0,76.49,31.94,40553,Low
26-10-2025 15:00,Z6,33.33,65.07,0,76.05,32.17,35612,Low
26-10-2025 16:00,Z6,30.85,69.95,0,75.98,29.12,25054,Low
26-10-2025 17:00,Z6,30.95,69.57,0,76.13,29.01,10669,Low
26-10-2025 18:00,Z6,28.9,72.36,0,75.87,27.21,1039,Low
26-10-2025 19:00,Z6,28.54,72.39,0,75.7,26.25,476,Low
26-10-2025 20:00,Z6,26.86,77.27,0,75.43,25.43,3017,Low
26-10-2025 21:00,Z6,25.88,76.66,0,75.01,24.62,5045,Low
26-10-2025 22:00,Z6,23.97,76.46,0,74.47,22.81,2266,Low
26-10-2025 23:00,Z6,24.35,77.71,0,74.16,23.18,0,Low
27-10-2025 00:00,Z6,23.83,80.88,0,74.25,22.31,1367,Low
27-10-2025 01:00,Z6,24.17,79.75,0,74.61,22.96,1592,Low
27-10-2025 02:00,Z6,24.97,77.1,0,74.71,22.91,0,Low
27-10-2025 03:00,Z6,25.5,77.18,0,75.03,24.69,416,Low
27-10-2025 04:00,Z6,27.38,73.76,0,74.99,26.04,0,Low
27-10-2025 05:00,Z6,27.74,72.19,0,75.18,25.49,2497,Low
27-10-2025 06:00,Z6,29.23,72.8,0,74.75,26.92,2693,Low
27-10-2025 07:00,Z6,31.53,67.02,0,74.22,29,10617,Low
27-10-2025 08:00,Z6,32.18,64.62,0,74.21,30.34,26589,Low
27-10-2025 09:00,Z6,31.46,67.58,0,74.39,29.51,33338,Low
27-10-2025 10:00,Z6,34.02,65.4,0,74.41,33.6,41610,Low
27-10-2025 11:00,Z6,33.58,67.43,0,74.04,33.43,48656,Low
27-10-2025 12:00,Z6,33.51,64.88,0,73.98,32.04,47472,Low
27-10-2025 13:00,Z6,33.2,67.52,0,73.98,32.17,47817,Low
27-10-2025 14:00,Z6,33.91,66.52,0,74.12,32.65,41406,Low
27-10-2025 15:00,Z6,32.64,65.26,0,73.97,31.32,34150,Low
27-10-2025 16:00,Z6,31.38,67.28,0,73.45,30.2,23180,Low
27-10-2025 17:00,Z6,30.27,70.27,0,73,29.14,12142,Low
27-10-2025 18:00,Z6,28.13,72.56,0,72.76,26.34,1933,Low
27-10-2025 19:00,Z6,27.87,72,0,73.08,25.92,0,Low
27-10-2025 20:00,Z6,27.18,75.72,0,73.1,25.31,0,Low
27-10-2025 21:00,Z6,25.96,76.67,0,73.03,25.31,0,Low
27-10-2025 22:00,Z6,25.15,78.16,0,72.84,23.65,0,Low
27-10-2025 23:00,Z6,25.85,75.63,0,72.81,23.99,0,Low
28-10-2025 00:00,Z6,24.93,79.77,0,72.16,24.04,2853,Low
28-10-2025 01:00,Z6,23.78,77.16,0,71.96,22.44,1798,Low
28-10-2025 02:00,Z6,25.86,80.41,0,71.71,24.93,1712,Low
28-10-2025 03:00,Z6,25.71,79.42,0,71.59,24.22,0,Low
28-10-2025 04:00,Z6,26.84,77.25,0,71.77,25.22,0,Low
28-10-2025 05:00,Z6,27.57,71.31,0,71.9,26.2,764,Low
28-10-2025 06:00,Z6,29.64,72.58,0,72.16,28.29,2506,Low
28-10-2025 07:00,Z6,30.22,72.47,0,71.81,29.47,12018,Low
28-10-2025 08:00,Z6,31.22,70.49,0,71.91,29.81,23537,Low
28-10-2025 09:00,Z6,31.55,67.83,0,71.77,29.87,33584,Low
28-10-2025 10:00,Z6,33.56,65.38,0,71.77,31.72,43096,Low
28-10-2025 11:00,Z6,33.54,64.57,0,72.12,32.49,48780,Low
28-10-2025 12:00,Z6,32.84,68.39,0,71.81,31.79,49194,Low
28-10-2025 13:00,Z6,34.07,63.86,0,72.14,32.08,42226,Low
28-10-2025 14:00,Z6,32.82,62.75,0,72.62,31.05,42550,Low
28-10-2025 15:00,Z6,31.95,70.1,0,72.59,30.01,32509,Low
28-10-2025 16:00,Z6,30.31,72.27,0,72.11,28.96,23875,Low
28-10-2025 17:00,Z6,30.17,69.96,0,72.07,29.12,11745,Low
28-10-2025 18:00,Z6,29.36,71.07,0,71.86,27.45,988,Low
28-10-2025 19:00,Z6,27.77,74.92,0,71.87,26.12,1241,Low
28-10-2025 20:00,Z6,27.81,75.24,0.2,72.85,26.82,1314,Low
28-10-2025 21:00,Z6,25.51,76.12,0,73.17,24.22,0,Low
28-10-2025 22:00,Z6,24.93,78.3,0,73.23,23.78,0,Low
28-10-2025 23:00,Z6,25.63,76.63,0,73.74,24.21,0,Low
29-10-2025 00:00,Z6,25.03,78.39,0,73.57,23.06,0,Low
29-10-2025 01:00,Z6,25.13,73.69,0,73.27,23.29,1296,Low
29-10-2025 02:00,Z6,23.79,79.63,0,73.63,22.46,0,Low
29-10-2025 03:00,Z6,25.81,77.6,0,73.87,23.86,0,Low
29-10-2025 04:00,Z6,25.72,75.87,0,73.06,24.54,0,Low
29-10-2025 05:00,Z6,28.1,77.13,0,72.77,26.87,1318,Low
29-10-2025 06:00,Z6,29.14,69.92,0,72.83,27.8,0,Low
29-10-2025 07:00,Z6,29.74,71.47,0,72.9,28.68,10972,Low
29-10-2025 08:00,Z6,31.3,67.39,0,72.95,29.79,27659,Low
29-10-2025 09:00,Z6,33.25,66.32,0,72.75,31.65,34083,Low
29-10-2025 10:00,Z6,34.04,66.71,0,72.96,32.37,45134,Low
29-10-2025 11:00,Z6,34.34,62.69,0,72.47,33.64,45153,Low
29-10-2025 12:00,Z6,33.95,64.48,0,72.06,33.19,46364,Low
29-10-2025 13:00,Z6,34.29,64.04,0,71.42,32.76,48908,Low
29-10-2025 14:00,Z6,32.25,64.93,0,71.45,30.45,42575,Low
29-10-2025 15:00,Z6,32.67,68.98,0,71.24,31.6,31926,Low
29-10-2025 16:00,Z6,31.63,65.07,0,71.2,30.32,25747,Low
29-10-2025 17:00,Z6,31.12,70.01,0,70.9,29.23,9927,Low
29-10-2025 18:00,Z6,29.38,70.21,0,70.79,27.97,2801,Low
29-10-2025 19:00,Z6,28.05,75.8,0,70.77,26.56,2594,Low
29-10-2025 20:00,Z6,25.83,76.21,0,70.84,23.75,1747,Low
29-10-2025 21:00,Z6,25.34,76.16,0,70.88,23.27,2156,Low
29-10-2025 22:00,Z6,24.85,78.27,0,71.37,23.39,0,Low
29-10-2025 23:00,Z6,25.21,78.49,0,71.36,24.1,3541,Low
30-10-2025 00:00,Z6,23.95,77.15,0,70.6,21.52,827,Low
30-10-2025 01:00,Z6,24.5,75.97,0,70.37,23.04,0,Low
30-10-2025 02:00,Z6,25.43,77.59,0,70.65,24.49,131,Low
30-10-2025 03:00,Z6,26.82,76.4,0,70.95,25.92,0,Low
30-10-2025 04:00,Z6,27.12,75.16,1,71.8,25.69,2205,Low
30-10-2025 05:00,Z6,26.81,74.81,0,71.44,25.24,0,Low
30-10-2025 06:00,Z6,28.25,72.97,0,71.39,26.72,639,Low
30-10-2025 07:00,Z6,31.18,69.51,0,71.12,30.13,11176,Low
30-10-2025 08:00,Z6,32.11,65.44,0,71.33,31.04,23427,Low
30-10-2025 09:00,Z6,31.38,70.44,0,71.33,30.31,35057,Low
30-10-2025 10:00,Z6,33.25,64.48,0,71.31,31.46,39093,Low
30-10-2025 11:00,Z6,33.58,67.16,0,71.31,31.97,42206,Low
30-10-2025 12:00,Z6,32.61,70.03,0,71.1,31.18,48133,Low
30-10-2025 13:00,Z6,34.17,69.03,0,71.52,33,44786,Low
30-10-2025 14:00,Z6,32.18,66.29,0,71.09,30.44,39834,Low
30-10-2025 15:00,Z6,31.92,65.79,0,70.82,30.59,34346,Low
30-10-2025 16:00,Z6,31.73,68.34,0,70.64,29.93,20346,Low
30-10-2025 17:00,Z6,29.87,72.32,0,70.36,27.75,16034,Low
30-10-2025 18:00,Z6,29.23,73.92,0,70.29,27.16,0,Low
30-10-2025 19:00,Z6,28.81,74.32,0,70.21,27.83,347,Low
30-10-2025 20:00,Z6,26.98,73.44,0,70.43,25.36,0,Low
30-10-2025 21:00,Z6,25.48,75.45,0,70.22,23.86,0,Low
30-10-2025 22:00,Z6,23.86,78.17,0,70.44,22.03,0,Low
30-10-2025 23:00,Z6,25,80.95,0,70.61,23.7,0,Low
31-10-2025 00:00,Z6,24.35,79.02,0,70.71,23.44,725,Low
31-10-2025 01:00,Z6,25.46,76.67,1,71.74,24.12,0,Low
31-10-2025 02:00,Z6,25.75,78.05,0,71.57,24.49,56,Low
31-10-2025 03:00,Z6,26.18,78.54,0,71.5,24.79,2145,Low
31-10-2025 04:00,Z6,26.86,72.88,0,71.65,25.38,0,Low
31-10-2025 05:00,Z6,27.47,74.39,0,71.62,26.1,0,Low
31-10-2025 06:00,Z6,28.51,70.13,0,72.03,27.01,1919,Low
31-10-2025 07:00,Z6,30.42,66.59,0,72.04,28.87,9208,Low
31-10-2025 08:00,Z6,30.78,74.18,0,72.43,29.6,21741,Low
31-10-2025 09:00,Z6,32.21,66.69,0,72.61,30.13,36239,Low
31-10-2025 10:00,Z6,33.66,66.13,0,72.42,32.77,39754,Low
31-10-2025 11:00,Z6,32.77,70.84,0.5,73.11,31.33,17738,Low
31-10-2025 12:00,Z6,33.02,68.84,0,72.91,31.41,47096,Low
31-10-2025 13:00,Z6,33.6,65.3,0,72.31,32.26,47100,Low
31-10-2025 14:00,Z6,32.46,67.17,0,71.89,30.52,41532,Low
31-10-2025 15:00,Z6,32.6,63.3,0,72.29,30.71,30684,Low
31-10-2025 16:00,Z6,30.8,70.05,0,72.07,28.65,20737,Low
31-10-2025 17:00,Z6,30.06,70.73,0,71.76,28.13,11703,Low
31-10-2025 18:00,Z6,29.5,72.48,0,71.58,27.74,303,Low
31-10-2025 19:00,Z6,27.2,74,0,72.18,25.99,0,Low
31-10-2025 20:00,Z6,26.18,77.7,0,72.08,24.78,0,Low
31-10-2025 21:00,Z6,25.93,75.64,0,72,24.55,0,Low
31-10-2025 22:00,Z6,25.6,75.63,0,71.86,24.34,1114,Low
31-10-2025 23:00,Z6,24.79,77.21,0,71.61,23.15,1249,Low
